actor_trace_hash,completed,crashes,decision_calls,deterministic_replay_failures,eliminations,error,event_count,event_log_seconds,illegal_actions,invalid_states,meetings,navigation_failures,navigation_seconds,observation_hash_seconds,physics_seconds,policy_seconds,reason,replay_checked,replay_runtime_seconds,reports,runtime_seconds,seed,simulation_seconds,steps,task_completions,timeouts,trajectory_hash,truth_trace_hash,visibility_seconds,votes,winner
0698b9f244aa2ac207a89e222062de08f902aa5058f1993f0c8b39344171f302,1,0,230,0,1,,120,0.003500800463370979,0,0,1,0,5.860878900741227,0.3345962007297203,0.12444039981346577,0.010695100063458085,TASKS_COMPLETED,1,3.734478499973193,1,11.718341700034216,0,41.2,206,8,0,c8d4095ca9e1d1c8e34f5d3b10063c1388f7a4e3526c61b67374ec616d3d0b8c,87e5fe3ae1eca41d8691da7b24b99e4ce1aa57832e4de179a02b585a315f754f,2.2768246004125103,4,crewmate
241f58f2c06e931740cc5477506de71c31f2192c3fb444c1f09e6a006c6159f4,1,0,385,0,1,,155,0.006554400431923568,0,0,1,0,7.901382601587102,0.5088550997897983,0.2227328986627981,0.019528100034222007,TASKS_COMPLETED,1,6.255754700046964,1,15.211917000007816,1,62.8,314,8,0,51e1ad246c7aa11aa50c432862095dcd9653699836fdb6e43bccf068d2e95806,d1aa1566e0d6cc07c871069c4981c45871eebbae1b8bf7a1fbe7b5a50868fa87,3.36511289968621,4,crewmate
85031625c1573df06263e17c98c71d30d734f006cdc0ff94827230c0acd37af1,1,0,270,0,0,,78,0.002067199908196926,0,0,0,0,6.286757098743692,0.330087399110198,0.16804440109990537,0.014327900134958327,TASKS_COMPLETED,1,3.619116900023073,0,11.781742900027893,2,32.2,161,8,0,5b20272d56a4bdbd5241a26b86f268c868cc344d494d53ef76ad8fa154213a17,46f2fb391776d3cfad2929f7290dd46f33eef3a8c9749541b7576bf8ce969e48,1.9150627995841205,0,crewmate
fd4a7fb7c128a7002853df36f446efc9620246403a71088f2ddd497dc8f2ddf4,1,0,381,0,2,,171,0.006288099684752524,0,0,2,0,8.720597800449468,0.6453517994377762,0.17452540074009448,0.020711199729703367,TASKS_COMPLETED,1,7.3777324999682605,2,17.62291729997378,3,85.0,425,8,0,b2d0771661f04359b604716891c2c966fbd6d4de642a2e46fa815fb03cd4fed6,4bf4e8f182891b5e91f1047194c9bfd32577bf628d81872492e092d2f93a687c,4.797515501035377,7,crewmate
cbd0e2aca42d59e1136d244422f7e8112bbee8053c1b93df597463d063108f6d,1,0,205,0,0,,76,0.00863089959602803,0,0,0,0,4.655670700711198,0.25224360020365566,0.10991919925436378,0.0120387002825737,TASKS_COMPLETED,1,2.6187404000665992,0,9.611366299912333,4,24.4,122,8,0,f3a46813d869c98f011c918750f8539e68a990d1082726a50aac67738ed25e98,6db959d15979747047b41d24f73994e7d62032198608596792c4d512d6dddd67,1.5203502009389922,0,crewmate
8057ff28161ec5bec896c893f1ccd2688a55f94ff1811fbcb898cef1f278b633,1,0,322,0,2,,157,0.004302600980736315,0,0,2,0,6.036070801666938,0.5471374016487971,0.1752517999848351,0.015386599348857999,TASKS_COMPLETED,1,6.038012000033632,2,13.890662999940105,5,72.4,362,8,0,461befd62ee67d5c78e07079c8618e2f833421c5843b7fc94aa5b1bd621250bf,19317ca6c894c5b8b640ee165bd02ab5de7582bcfe492d5afc09c2b932c22f27,3.9961548993596807,7,crewmate
03acbcadc44dd9b7eaad8417cffbaca49bd84d3da03450ce8298236e959942df,1,0,438,0,1,,159,0.003849000087939203,0,0,1,0,10.632594601018354,0.5977806010050699,0.27016679802909493,0.025643799570389092,TASKS_COMPLETED,1,6.093122399994172,1,18.590022699907422,6,70.0,350,8,0,d9bf1ea186cccf860c6d7405b21ce644e0ea8e727b0f95125c22a0315ceaffc7,60615709c64b044158eb80034444c0222b05908f7445ddc8abdaca4d154877cb,3.890572600183077,4,crewmate
3ce5b94c0266ad1de2f298e9a31748d61064163715f8f1547c851f59c9ca67bc,1,0,297,0,1,,153,0.00498670048546046,0,0,1,0,6.694587901351042,0.4540368003072217,0.17483789985999465,0.016330199665389955,TASKS_COMPLETED,1,5.184001200017519,1,13.828007700038143,7,53.8,269,8,0,9986764fe1c2b6ebd6d2142b67d0a51f344cdaf0a84b111da1de521c2fd8d508,6c84e728ec79e666ce83b7980a92ecbcdcf926bbb55084b395d7cc08944a1260,3.367796600679867,4,crewmate
5be17798efc301c6492f3fc5d7d16182d27541a41e33e2ce019aa5e19977aae3,1,0,380,0,2,,157,0.004360299790278077,0,0,2,0,6.62660990213044,0.5414949990808964,0.1642816998064518,0.014447099529206753,TASKS_COMPLETED,1,7.297319100005552,2,11.645413699909113,8,83.8,419,8,0,86745bfb87009e93aa53e52af35b6518167489ced6089039b1105c2971790ab6,0d099c055e2a2808018a2e87dc76e9cd9843f6cb888b8c21a09f22681ee07436,4.02283319842536,7,crewmate
812bdd0e7e0fbecfe1a0e4ba5d43aae9d5fb387b21b53cd056faa2776fcb0359,1,0,242,0,1,,107,0.0023531997576355934,0,0,1,0,3.025580099551007,0.355789800058119,0.11690360098145902,0.011474101105704904,TASKS_COMPLETED,1,2.7766487000044435,1,6.027983000036329,9,44.8,224,8,0,ca14126eb37de3acc7bb1ce53d86ad55c0320da6d6416b782ffa36c113c53207,575c62cec9c47d7eaac621e4ed89d09e492f404b8478ba5f33885894ab7cd995,2.3203766994411126,4,crewmate
19115f1f576f1a29288884796472278588660debe2253456c75dc4eec6f2958c,1,0,304,0,1,,120,0.0028668997110798955,0,0,1,0,5.627748299622908,0.36730899941176176,0.10552100127097219,0.012325500836595893,TASKS_COMPLETED,1,4.157200200017542,1,8.689265599939972,10,53.8,269,8,0,d770108e5182caed8c1da79ba6e1a8a6a7bb5cda87d83041a0ca3bc887ffecb1,7249e7c4ce1412c58290eb20029ffb95153128929924e5614b56d3c9a16d716a,2.4044069016817957,4,crewmate
bb3b2f968f2e71049c6f710a4e00a8dc7dda9376f7ab0baf35a147c8db655f81,1,0,275,0,0,,77,0.001681299414485693,0,0,0,0,4.269097000709735,0.2642329988302663,0.06889060011599213,0.008768101688474417,TASKS_COMPLETED,1,3.806999500025995,0,6.129899599938653,11,32.8,164,8,0,3911cb6d701cf5d3535c448e208eb874885d11faba3cc37a5ed874b4da3896c4,9ade7705c5290201d868d15c1fb4b6ef77d5bc0aacbc6bb1cea88d0bfa0b2dd4,1.4246024007443339,0,crewmate
52f55a5263247d269879b7d7a6fb749be4066a4fa10001631457c640043eb037,1,0,251,0,1,,114,0.0023281004978343844,0,0,1,0,3.2366888995748013,0.28220069978851825,0.050246399943716824,0.008441101526841521,TASKS_COMPLETED,1,4.296181699959561,1,5.502993399975821,12,47.2,236,8,0,9f165daf7b734409d0d9698c85d394e6915b37a288f75db04bc40c76f22b6077,860ef018a597c331da90943c901fae335b59ec0b8d4c825bc0547c8af66573d7,1.8191850994480774,4,crewmate
29bcbe1c573d7a8da368cda3c5bd2e842c2290d968c90fb8daf5580b9c062b26,1,0,345,0,2,,181,0.004901900072582066,0,0,1,0,5.510027499170974,0.4181349980644882,0.10422530223149806,0.012897300999611616,TASKS_COMPLETED,1,5.740719399997033,1,8.939334299997427,13,61.6,308,8,0,5c45e91384c2611bc6b89bfa48348fd1cdf838bf9ecb2a43f2fa7f909425f4f8,42046bc35b4ea2f84d1f3746e4f0cbeb7eaf05dc3d4559cf1f367533781b2d7b,2.7204744007904083,4,crewmate
9a6f9637bef8b0c634cbcec666f146be6ebe0dd530dd95fe73bbaa5e7965c148,1,0,250,0,0,,85,0.002117900177836418,0,0,0,0,4.827818100806326,0.23009059997275472,0.07671010086778551,0.009195199701935053,TASKS_COMPLETED,1,3.124873199965805,0,6.679710800061002,14,29.8,149,8,0,fabc84ae55abb01715c23f9de3285f216025be9d70be09b57205a2d5eb24f761,46c95d055b419e39dbf47bd3807854c8bd9a353d336fb54989c5eb0cac9fdbe9,1.430511400452815,0,crewmate
1cfadefea757618c3e4ddb422cc4930df6e836605aabc6811409c99a3660603d,1,0,210,0,2,,129,0.00235920085106045,0,0,2,0,2.327873500995338,0.33632269932422787,0.05359629984013736,0.010018299682997167,IMPOSTOR_EJECTED,1,4.04186200001277,2,5.614061699947342,15,55.2,276,5,0,819659b347ff03b1ac42d49b9b847846991841a70cf3f1a39c297a0761508221,059e3ae09c77e99f70228028735dd6711a2ad994f0c3207ef5427eeac1d133ad,2.681707000127062,7,crewmate
d0dffdad0f7290cc562dc812540e846c567426610645bbc9cf986362f4a63c06,1,0,305,0,0,,93,0.002109199995175004,0,0,0,0,6.375251196557656,0.3146163003984839,0.14175600034650415,0.012946799863129854,TASKS_COMPLETED,1,4.141722699976526,0,8.811655699973926,16,36.4,182,8,0,11d3ff18dc8b066ebe75fede20316b3c661697be9ee49f50791e99bf31128b53,2776732c2c32a0bd66d3abb809e721607e71bce27fb3ece7794ac935dd6c6d27,1.8077205994632095,0,crewmate
3f933b53bda3f5074e389c8a20ffb59f15b7251f1373640ca1151b0c6ce3fc81,1,0,308,0,2,,142,0.004525199765339494,0,0,2,0,4.648557700915262,0.4574088999070227,0.13560059980954975,0.011950301239266992,TASKS_COMPLETED,1,5.815070900018327,2,8.849207199993543,17,71.2,356,8,0,85acce8258b15af826b5a103346df71c16a8216f84d438d1e70f9e2f2fb50427,f3b4cb272a904d4b0e7a53b11b116dbe9a39a37877146857d0a69907a7045419,3.338694000383839,7,crewmate
cee7dbdc39c570bc1e8398d6cd777a6ad80b8340ffc7fcbbe14a48f3c377d139,1,0,225,0,0,,83,0.0019298001425340772,0,0,0,0,4.322874497855082,0.23412309994455427,0.10068660078104585,0.01106509834062308,TASKS_COMPLETED,1,2.7311857000458986,0,6.129381499951705,18,26.8,134,8,0,66d72b4cfb2f6843b6536092222aede57f2ad8ad07526d023241645c8a4961e7,615a77519b800a9ad1e74cbda8687bfbfa860eb7d7b1507e19901173200817ed,1.3357554016401991,0,crewmate
7d7b5b80e2e14b1ab4d6ab2876f9adf2ce5279a227edbb9b2c1793d7edd33ffb,1,0,302,0,1,,112,0.0023328005336225033,0,0,1,0,4.6499951019650325,0.36393009941093624,0.12065019900910556,0.014145298977382481,TASKS_COMPLETED,1,5.074085099971853,1,7.686394699965604,19,52.0,260,8,0,d3dde425007ef2bb676dc688ea4a0798efdba02244605881bd100b316ed2ce35,29fd0e0320a2f48a43398bfef45b7710ceb07f27a12e504ebd5e77127418bd25,2.332982797524892,4,crewmate
9868d61197e37a71f2d85eca89b5a7bcb9a5ba9f37109b3abf280350579917fd,1,0,338,0,2,,146,0.003059998620301485,0,0,2,0,6.760998501093127,0.47253330110106617,0.13883640058338642,0.013970198691822588,TASKS_COMPLETED,1,5.614257000037469,2,11.191139600006863,20,74.8,374,8,0,6eeeeff8f340736ea8e1ce9a627f22736bee22eeba42ff90cc8dc4a7cbaedfc8,a3040efcb7a935a3b43bce89576d72eb2a7f688d90d853ecc047c7ceaf902db6,3.5319931028643623,7,crewmate
c8b4646799b3192a708ed91f6fc95c295d692ab5d09820e1eb3897f0239dc92b,1,0,225,0,0,,105,0.0021749993320554495,0,0,0,0,3.9512585015036166,0.22983880003448576,0.0905486992560327,0.008290900848805904,TASKS_COMPLETED,1,3.088161199935712,0,5.797476200037636,21,26.8,134,8,0,0b50e5cc2a3a25ea690e47cbec1ef1f1117386f089c8ecdc7d2e054fd9badb8e,8bd369a6fced8508385d92a07638043d3b8a7fce5d971380b3a746305d255761,1.3930330995935947,0,crewmate
6d500d80b2b869ae1582ed48645026fc6db5e66fa84df02ae4f16b00476bc85f,1,0,409,0,2,,164,0.004175100359134376,0,0,2,0,5.936480300850235,0.5768574005924165,0.16917380155064166,0.01657009939663112,TASKS_COMPLETED,1,7.092286000028253,2,11.268783599953167,22,90.4,452,8,0,d26319205294cfcf87f014c74c63c57fbdee86e4b2babea2383d97fbe21922b3,d8b10174120d83264085bc514c38b2b4866015b145de5a647ccdbdf3630e691e,4.23239250225015,7,crewmate
d6b64b4741c0407bc169f318f48a008edd355b8226fa4a937922e277768508e4,1,0,301,0,1,,103,0.0031647998839616776,0,0,1,0,4.577766301459633,0.36872019921429455,0.14037750114221126,0.012983899214304984,TASKS_COMPLETED,1,4.779429199988954,1,7.822817599982955,23,53.2,266,8,0,5dbc4c3157ed0cc63656ed3b24340b68e32f12374b6f87bde9023b62b477e034,57596e35e68654a4374d63e737de4691e77a0c7c3ff209c80668e9dce3cfd1db,2.511276898905635,4,crewmate
9f98cc7e548eb299713b9d1be8cc859d5aad242e51b69588097ab09a646c5dc7,1,0,328,0,2,,138,0.004440599586814642,0,0,2,0,4.0338722033193335,0.49235269776545465,0.13310329942032695,0.0139443016378209,TASKS_COMPLETED,1,5.3324564000358805,2,8.463477799901739,24,76.0,380,8,0,b8ea2d8d628312b9841db64c62567ec3f29c7be9d7c4c963e2fc2cb601322dc8,697846ff9cf091554425b9b31cac15edfd79b7904d172ea44b3c23d8561ea660,3.5069026025012136,7,crewmate
a9a294f3c8e749b2caf776c40933b535bf035d134d867c69ddf9ff521b866fa6,1,0,340,0,3,,160,0.0034494996070861816,0,0,2,0,4.912386300507933,0.5152965015731752,0.15459279960487038,0.012835098896175623,PARITY,1,6.293347300030291,2,9.651758800027892,25,79.8,400,7,0,da8b66fee55094939a31b3c8b70214618fe0ce30192198bc52037219ed69f827,21daabcb95a6bc4e0da776cb716a177ba45f7508445d66ad3213000943aef6bf,3.7972401971928775,7,impostor
8a9eccb06f428bd0ec176e677385c00e9c8488c63ca30667cb8c8d0f750dec3b,1,0,364,0,2,,208,0.0032824004301801324,0,0,2,0,4.4120856986846775,0.47858019859995693,0.13836320082191378,0.01616240118164569,TASKS_COMPLETED,1,5.700421700021252,2,8.966452199965715,26,80.8,404,8,0,ea65119758f1956d5a1b5399eaa780ae5d6ad97462a52025e6176e67337b9c09,80a734181f12bdb885d59faef726cbdb95bbc9989d67577c3ada53f416942229,3.660395600949414,7,crewmate
14aec9f745f9dc9d2f4216c334749e54a93287dfb4fb1d89479c8227db97f276,1,0,361,0,1,,125,0.0023288001539185643,0,0,1,0,4.465618597459979,0.3802618004847318,0.13308540231082588,0.013669799896888435,TASKS_COMPLETED,1,4.649219500017352,1,7.621491299942136,27,59.8,299,8,0,70d4b32c5b8ad2052dd80aed0a18d63f55e97675dd4da1056aa218a613fab812,827c150c7ef26a727c66308cef8f17ac95191d23b222b4a59c55b0451a76a4c0,2.425859399023466,4,crewmate
7e76f5fcd8122313e766d3a6c6f8f9f446d9b2c212aa8f07f78ff4e975c4df56,1,0,330,0,1,,113,0.0021644000662490726,0,0,1,0,4.652303599752486,0.35661019943654537,0.13162229990120977,0.012053899466991425,TASKS_COMPLETED,1,4.312719300040044,1,7.680974000017159,28,56.2,281,8,0,d21238cb7a0650c17ee7a43e4708508d9828844b77c48a2972b5b4f5f261bbee,4954e246c22b85aa2f7926c2f2088978d1f0eb41c8c2bc6f90e3886b20a0d438,2.3239946993999183,4,crewmate
6e3809f4ec0b693ecb1716d57dfb50c86b12b4d06734d6c0356c0eb2ddafe6e7,1,0,319,0,1,,125,0.002856000093743205,0,0,1,0,3.6541667035780847,0.31707169918809086,0.12517909798771143,0.01062430115416646,TASKS_COMPLETED,1,4.41669370001182,1,6.369742500013672,29,53.8,269,8,0,6c85d8f01d7d66d8126b23edebd6875d5bb0faf14a865dcb912ade2f25a18044,a495b9aa50b591d177d526f811a5381d1336644148516c82b9f6027a39cd1158,2.096673900145106,4,crewmate
00e79030dc5bc10c2fc24e7a080c686f43f15a66894b4869d8ae2fdfd5db7467,1,0,398,0,2,,164,0.00387890066485852,0,0,2,0,4.857913900865242,0.4641440990380943,0.1480401987209916,0.014203200582414865,TASKS_COMPLETED,1,7.1726295000407845,2,9.124180599930696,30,86.2,431,8,0,0ccd851390142d9ca9abb5cbbb59f59b4a03fee2109aeba1fa51294503f20f12,8946a37e16ad7f8d9723f3b53375ddaa1c4e727d02eef0b5e8a6007eb6321fc9,3.3959519994677976,7,crewmate
ede67c62122eaf89b6a16d4b33c0127887343cf065add1d348061be55d77a821,1,0,342,0,1,,142,0.0044210999039933085,0,0,1,0,4.328203097218648,0.31278719985857606,0.12488690321333706,0.01363079878501594,TASKS_COMPLETED,1,5.749734099954367,1,7.304522400023416,31,56.2,281,8,0,925b3745b7ee3c9f05920e70e08a4978c5f50a6b368aa9ef69dd70d4233e12c1,339d1ff38907f83fc9486bd54f529cf1bfd3a6d5cb672ed8afec0d5887db8d6c,2.340738201397471,4,crewmate
90008daf87eeafde2d4267b527e36aad716e2729cfa833de732b8effc1eba66f,1,0,312,0,2,,154,0.002862800029106438,0,0,2,0,3.292554800515063,0.39838330051861703,0.10582970071118325,0.010538100497797132,TASKS_COMPLETED,1,5.9555493999505416,2,7.095388900022954,32,73.0,365,8,0,260d60c4036019b894a2d4caa0c7607823b2f2432b9ff7f30e8212b5b3d27e70,753fedb8b2a767fb92ec1f4d211503660caf9a4aea6917b982528bd040aef313,3.0624839985975996,7,crewmate
3637328493d8ca4d83a781a0c9bf0da0b6beceeb4bc72a55a494c2ce59e8f336,1,0,300,0,1,,140,0.00390479969792068,0,0,1,0,4.385250001796521,0.31368959916289896,0.12261110020335764,0.01257779961451888,TASKS_COMPLETED,1,4.551494200015441,1,7.169938399922103,33,50.2,251,8,0,755b136dcfcaed7887849ab709fe7281cafe376fbad918099d43c83f5f3f41c6,fb751e0aba03be7cf8d36ae3a0d648946138a96c31c5d3d4e82d4431857986fe,2.15389860002324,4,crewmate
96b18ac59630686ba650ce7c999d6b622ada921ee85b0c5903aa5316630de36d,1,0,305,0,0,,161,0.0031611007871106267,0,0,0,0,3.2238557959208265,0.2902532995212823,0.13169840187765658,0.01201189961284399,TASKS_COMPLETED,1,4.042978800018318,0,5.625492700026371,34,36.4,182,8,0,65ccdfd841a1173c06965e1b80fcbc57029f52d04c7fbbfcf63215c1e126ca3a,da176533b11edcca94ab5ead6ead24317968e7ee11ae9fa939e7bc482de64e4a,1.8222155994735658,0,crewmate
4a9684273f06fe9d4ceeb75342c11a0788b1cdabe2da775131060f0758e4de00,1,0,427,0,2,,172,0.003942099865525961,0,0,2,0,5.724843597155996,0.56420229957439,0.19430840061977506,0.018025700468569994,TASKS_COMPLETED,1,7.697963800048456,2,10.927386299939826,35,88.0,440,8,0,dccedcc8cec7ed09126c7942b1c4d7ad27efa14a0f8750296fe278d4c1094017,9490c138cd5af1c1ed2fa69c0675f9eece9ab98995310e39fbda5efaa31daa0d,4.122174899908714,7,crewmate
697005693ea73bb91859201749eb6e9a4c032bbfe510fd129318e58a6bfdfd45,1,0,331,0,1,,152,0.0045699006877839565,0,0,1,0,4.108842601184733,0.36424360086675733,0.1626298006158322,0.015180099988356233,TASKS_COMPLETED,1,5.5354441000381485,1,7.436067000031471,36,55.0,275,8,0,deda5c215a1372d3581541a7fec815ade1c2c2c0d66b98c3a07c5c80d32534e7,b0e3a3714ad2abcc01ee4ee13726caf4d643c044f518e695f956c80bf8bb87b8,2.583069099346176,4,crewmate
e21a57aa80236ca97fc5569305f06c7e139f06a6386124ceaaf12032fa7a362d,1,0,284,0,1,,138,0.004176100017502904,0,0,1,0,3.5936498985392973,0.35562029923312366,0.12077810033224523,0.012344700051471591,TASKS_COMPLETED,1,4.334731800016016,1,6.717994199949317,37,52.0,260,8,0,eeb560210728e1886c6b0e3fec2f877e98688e876e517297822f4b717995103a,eba12a59701e1439dc11bb400e603aaf294f1e927358580f97452f72fcecedea,2.42939020099584,4,crewmate
1cddb497e1245a257e95cfcc9bbfb6ebe360713d1ec05bf43073b87a63d0a293,1,0,291,0,1,,112,0.0024525999324396253,0,0,1,0,2.525006299954839,0.3459872998064384,0.12764579919166863,0.010466599371284246,TASKS_COMPLETED,1,4.375326799927279,1,5.564721700036898,38,51.4,257,8,0,1aba3c7a652db4da2a1d5e591e4be6aeed74b8faf75edb49400c8e976b8d325a,4b177887ab1ccd8a3fdafb5ede15d2f4c7a4a14cbb2c2daa0aaaa102f342c534,2.3654917993117124,4,crewmate
3ca1f301c51849ffbbfd6d997f6b339f49d06bfb3711137c08b801d0ea8037f1,1,0,348,0,1,,160,0.003681700094603002,0,0,1,0,4.598838294739835,0.36530340067110956,0.16121120122261345,0.014965800568461418,TASKS_COMPLETED,1,5.112181699951179,1,7.860420900047757,39,55.6,278,8,0,459c08fb6eff1f9ef7622f695eebda83120cbfff908db585af776fac6d7fefb9,656325fabd5cfa8cd63dc03191d2557dab083fa8d933367e9c45bbcbeba5c7e9,2.5036733993329108,4,crewmate
5fcae7f681e62cfe4ec0b912408a1bb43f30941381e046e8c6c259c150558414,1,0,316,0,1,,127,0.002844799542799592,0,0,1,0,4.155518603394739,0.3593300995416939,0.14376769796945155,0.01564650028012693,TASKS_COMPLETED,1,4.974485100014135,1,7.272136799991131,40,53.2,266,8,0,a03212a221df2e4fc6378a1cd351be4b011b7a484c01eec97918d7adecf5a680,1e3296016388d6778d8e92612757f13ae90bc9ae408a400ca58b8e06584cd3b9,2.3871526995208114,4,crewmate
d6b8b16d63b93d019e329c40b083f43b9c73416faeec193dd7c64aef854c7a00,1,0,355,0,2,,176,0.004736901028081775,0,0,2,0,4.578650002600625,0.5221058012684807,0.14160819945391268,0.014470999245531857,TASKS_COMPLETED,1,6.484128799987957,2,9.429470399976708,41,79.0,395,8,0,28719b070aa14c14640d6bd9da0f419c4ba0218a06e0b818f93ac7b7a5cf9abb,d2c774c4bfc5957387c50a28bdc07edd396fc425ed3cd7b58616d4f575b9418d,3.8953520997893065,7,crewmate
7182b3c60187184c406a51bbfbd714632f2d5fbf19ca1b3978add4d849112678,1,0,382,0,2,,168,0.0041340989992022514,0,0,2,0,4.701598701998591,0.4803228009259328,0.17199269752018154,0.018581500509753823,TASKS_COMPLETED,1,6.9987421000842005,2,9.079369999933988,42,77.2,386,8,0,9269f38547d09ae578a277a173ea8d7853ed3b3a3ef3e2425d52871573a59f76,e5bc95e313b4077f2ea3a2f464d9bd62f4c50aa7fe1bf581b4c5bdd3d0b28bf9,3.4301631002454087,7,crewmate
7de776f3758c90179595c4ed2d831cb8dd00aeaa9cf1127a2cd81f5e0d6af9a6,1,0,387,0,2,,177,0.005353499436751008,0,0,2,0,3.8929796994198114,0.525583999347873,0.16505930107086897,0.015152801293879747,TASKS_COMPLETED,1,6.902074699988589,2,8.824550599907525,43,82.6,413,8,0,41d16b25821c81f9f03d870b1b595f1e21d8fc80371c3b6377cc2a9e17ae3096,dbc3a2c604e9a39e5958db0e50decf43dc9d5389d5bbf18084b5a30b954ba516,3.9408368970034644,7,crewmate
0c77d5c988e8585d934db1ec512fd720458207db5ca7503480bf59264a71214d,1,0,335,0,1,,128,0.0029075010679662228,0,0,1,0,3.214139200747013,0.40597669954877347,0.15080959955230355,0.012463500839658082,TASKS_COMPLETED,1,5.044756200048141,1,6.720912499935366,44,57.4,287,8,0,eec2e61c092902da0be26de8c78d4684136d10c1e09efcedb912f0fc0a57c9e0,cff042509d379e61f339a1ff3db3143501080994f4eb835a6274f2d725cc3131,2.7135780004318804,4,crewmate
94abf2c70363bc804356fcd1068bf118afcd2494b104d47163b776e6b9fa9bca,1,0,386,0,2,,141,0.0039037992246448994,0,0,2,0,4.973392497980967,0.5334149016998708,0.16617430292535573,0.016278799739666283,TASKS_COMPLETED,1,7.305499100009911,2,9.698483400046825,45,83.2,416,8,0,2db1917e8268277d7820877282bf29ca5e2a53e4835248a95fae181c29b71d47,bcace53695bcd400c0c169e07952ed2d713582205c78eeb9e3edfbfd750ad3c3,3.7333919988013804,7,crewmate
3595e97841f05f2eacfbdba4f6e9ecd022793351fecde5e9e7338ea3f6d06bbd,1,0,335,0,3,,150,0.004394599702209234,0,0,2,0,3.269808103563264,0.45399430056568235,0.13836789899505675,0.0137204002821818,PARITY,1,6.063862900016829,2,7.570781399961561,46,75.0,376,7,0,ea563ea92614a712834f47eaf6f5a5b1f99ca74dec986a00545fd1b70848b925,b21cf75caee547fd6ac1e280ede03871f7f37898e5d78ad29b99057fb0d5a361,3.4389422005042434,7,impostor
4359fa8f715a2c9f286dcbf3eb90316e0beebf29366a47c6f4e4dada46eafe85,1,0,377,0,1,,134,0.0032360998447984457,0,0,1,0,4.738467398099601,0.4055064991116524,0.17101340147200972,0.01664310065098107,TASKS_COMPLETED,1,5.604054399998859,1,8.202861299971119,47,60.4,302,8,0,32e60a42cdcc01a5ebf6cceb27767c4475f4a410f65c08dad963dd75c182d5a3,ca7bfa828ce22a2f0f2f53c331828c39af6e0a96683a555eaf584e02609282f4,2.6493085998808965,4,crewmate
54bba23916efbdaca81d8e8f7301b6a310aad042495a05d5e098ea3ddbd88f5c,1,0,346,0,2,,148,0.003674900275655091,0,0,2,0,4.363408902776428,0.4772478020749986,0.14630999777000397,0.014917299151420593,TASKS_COMPLETED,1,6.719023999990895,2,8.731056299991906,48,76.0,380,8,0,c3f965a1e7a5499432cdb9e20b775d9560f73b7bd938e15b2d7f7a2f04d04a68,ea6283ce2449c5c32b2b91e07c633f593a18b6bc9c36f7210a1bf7b5e95e08ea,3.4702707008691505,7,crewmate
ad847a5029151696b151963ad3c5fabbc2436de1983aee7e62f82500ad89590a,1,0,313,0,3,,151,0.007130199461244047,0,0,2,0,4.717089400975965,0.48996740113943815,0.14905649924185127,0.01386450044810772,PARITY,1,6.308395499945618,2,9.163274700054899,49,72.6,364,7,0,078df3051927e8f90fb1b110cb68f8ec4e04ef6d13a97f161da296d678714a7c,85b6d91fc042b6c74da2fc0dc8fdbd1846173c59ebde3f292fef7aa1d1fa3344,3.530823098262772,7,impostor
0a9abf4e69dd084420bf046bc4edb07a7b617adbf68c926f2f7eb0c29076a571,1,0,348,0,2,,165,0.003963799215853214,0,0,2,0,3.611230398644693,0.5188333988189697,0.15895330149214715,0.014788599801249802,TASKS_COMPLETED,1,6.32198360003531,2,8.59505490004085,50,78.4,392,8,0,3551cf324ad489ec4d8474d751cc08a6d95a43f5c0b85db234c09a1e749bce54,f66ffc3f74aea83b02248fbaaa27f3c24a5e4a712fa91e0b507887536f68decb,3.9928234949475154,7,crewmate
54a5f11a964735664ca52eead35c7d7aeba4e534076253574d8ddd1d346dcb29,1,0,360,0,0,,108,0.002542200032621622,0,0,0,0,3.6758557012071833,0.3493870989186689,0.16800070204772055,0.012977199861779809,TASKS_COMPLETED,1,4.535437499987893,0,6.551482699927874,51,43.0,215,8,0,fcabe24d758c722552dbd0082bbfc2ef91ffd1df86e29dac0d3c83e1165a50e5,6558f7ce74101e1fccc796407464f1c02b75bc365f044b6c8891b20361985661,2.152444301871583,0,crewmate
d542a07ac2512928587b2ca7498c9c5af4c329f53de1f365d689900b2fed4a1d,1,0,362,0,3,,149,0.003493700409308076,0,0,2,0,6.058459900086746,0.5796415026998147,0.16796040022745728,0.014886899967677891,PARITY,1,6.632646500016563,2,11.252916300087236,52,82.8,415,7,0,d553a601d733d3e650827c02a54c65bda5b4b9c19d34f55f9e4711050cc38891,698965d8b4b6df1b6c8b16dab378feb0a8f93830e63c9049a20cdfc18ebdf5ba,4.120822499622591,7,impostor
463b3c56f2b909e96fd075274f03010ed7ce68ab5efce9dcce443f35fd571f79,1,0,295,0,1,,139,0.004089699359610677,0,0,1,0,4.2865151012083516,0.33494189963676035,0.11910890159197152,0.011457299813628197,TASKS_COMPLETED,1,4.471277300035581,1,7.246994599932805,53,50.8,254,8,0,c40490d07b5f1a123ef1b216c3a7fe82fd72d939c2f11fbf5fc677528a940eab,8bfd516cc6a9f6a146abf16675015b25df91f77bd97c4b709d6327cf2565d5a6,2.2965862001292408,4,crewmate
b04e5b282573837e0700b8b9685a7d0322d5ed86667e1fc97b1dea1e6ac9fc4d,1,0,319,0,1,,140,0.0030152994440868497,0,0,1,0,3.7260236997390166,0.34907369955908507,0.14546700031496584,0.015754600171931088,TASKS_COMPLETED,1,4.618445400032215,1,6.928497300017625,54,53.8,269,8,0,1c35b82fff88c0f1e6074333e9447d9322977211dbfa9511321980f48561aa49,7a8ecb6561653f7320a64f3afb8d8432cb9a38632d63d11f69b6702d6faaf59d,2.484964000643231,4,crewmate
c93f3ed3c3228b688b5ff4aededa5d3060d86d618136faf18681b224244e87b4,1,0,387,0,2,,171,0.010373200289905071,0,0,2,0,3.16460749914404,0.5970741998171434,0.1397000994766131,0.02172820142004639,TASKS_COMPLETED,1,7.717265399987809,2,8.717079199966975,55,89.8,449,8,0,1f7490c3bc555b3e8e0f5a84907870de1e7b756965ffe0242c415d12b7aec2af,444dd791abe45b445f0cb0efee9aba342d413bb65a3206f1e194778d709d9004,4.468519100686535,7,crewmate
c8428fb2be011dd8cb28885047511c0b49abc8654e804554772164112b1adb49,1,0,250,0,0,,85,0.0018290996085852385,0,0,0,0,2.7169734003255144,0.25084560038521886,0.12063110014423728,0.013724899268709123,TASKS_COMPLETED,1,3.0228594999061897,0,4.685736300074495,56,29.8,149,8,0,861f580feba99a55682def66ed5017afad0d48097338e0e96f3d04f25b1f478a,dbdc09c80454ffaf2f1ef5b5e58db02b2c7d943ac55252f9667fc71102540775,1.4598833984928206,0,crewmate
7b5215e24ec033bdcd7a7f4b6b1ab6d29aa234e9a52a54cce8ed02cbbe360fac,1,0,289,0,1,,110,0.0021505994955077767,0,0,1,0,3.186115001211874,0.36409300030209124,0.14101889950688928,0.011550100520253181,TASKS_COMPLETED,1,4.463836200069636,1,6.291908000013791,57,51.4,257,8,0,90c907b42df8155586d41bd35e3ecdf596821ebf91f6ea338033d3f0761488e2,8e1f8be6d19d42df07f213a536bbaa09cb9fb931c7578ec3c2b347a5865f2fae,2.3925309993792325,4,crewmate
4a113b8856a99079a65f1ae0d53d27bdaaf2b08463098fe3087c1a64b92b8e9f,1,0,306,0,1,,136,0.0032327986555173993,0,0,1,0,3.750880401581526,0.29955930111464113,0.1309930986026302,0.011403899639844894,IMPOSTOR_EJECTED,1,5.247069200035185,1,6.434335199999623,58,50.4,252,7,0,6995f76cf4ac0523aab8dee9b9d2fe40e4de28f3d47789d66d46a1180a23feea,4ce9b2bf617a036fd78ee11a625d85b07f84c449f85630b6bd6854470044891d,2.0684923004591838,4,crewmate
148a6aa5cc83f762b18f3f516f0f6849655524bb68a00cf385faf6ec75aa5cf4,1,0,382,0,2,,187,0.003550100256688893,0,0,2,0,3.6689454012084752,0.5718616003869101,0.1618542008800432,0.016305400524288416,TASKS_COMPLETED,1,8.15087319992017,2,8.902918700012378,59,88.6,443,8,0,49e6b1f8d3c0c04b78e04e7c4cd3d99ef507f2c157658bec07e3302c827e7163,8b3a267d7058fb37ce09a23743ee3114201ea16c9a46d2d107a9ab5bb8d44698,4.188531200052239,7,crewmate
f59c869dd003e41e006edfff1de33e2d6407ab9974281be47e5a1ac17783b1fa,1,0,350,0,1,,120,0.003728700801730156,0,0,1,0,3.4973258047830313,0.36490890104323626,0.14495790004730225,0.010539399110712111,TASKS_COMPLETED,1,5.889801200013608,1,6.673990099923685,60,56.2,281,8,0,8996a4e797c086c5b914b6fff5af9a1147f6a8371a73adf54c12ddd4f71bd069,b4426ba07d0a8bf9e3aa91935bdbfe2044698a303757382b4ec0b834ae08348d,2.4396774019114673,4,crewmate
45743bff53a9273823287e707cda77706facf0459a5d4abfde29a906d496528f,1,0,332,0,2,,167,0.003704800154082477,0,0,2,0,2.5227799004642293,0.4940538005903363,0.12641170027200133,0.01625080034136772,TASKS_COMPLETED,1,6.326258499990217,2,7.107652400038205,61,74.2,371,8,0,cdc52149917adf712039b4f7456109ce501a14763d0efa2f40dc20a981d7314d,fc758f87c202c39b735005939134329ea805848e8ddde370209e6224a72f3739,3.685238399892114,7,crewmate
eba8c6d6c2157acd9be1403005acc5940d5ca4f71a319873225e21b2913f440c,1,0,252,0,1,,105,0.0021220995113253593,0,0,1,0,2.333700700197369,0.3164531000657007,0.1007823992986232,0.011227900278754532,TASKS_COMPLETED,1,4.269891100004315,1,5.181348100071773,62,46.6,233,8,0,3d4ca4f3e02ac1e0917489e58ea22251eb489f57b14c10ab0404eb5bd08d7a6f,97b495709c1f3db880d4aa6f5091078be800a5fac19b2addb117ff46ee5af100,2.2377777996007353,4,crewmate
61d5b4a84d59840acfc52818ea588aa7d4f0cfe53439568f2150aecf5f87278a,1,0,352,0,3,,175,0.004242499242536724,0,0,2,0,3.967050002538599,0.5949464003788307,0.1619303982006386,0.016803300008177757,PARITY,1,6.281057800049894,2,9.578206400037743,63,81.6,409,7,0,6a3822f6e5574f936b320c85ff2cd1c2053c04fd17dc16321f031f05dc929dde,6d3ff5b3b0595e3600c883cda0681bb6c7a1dff5623ec045b5acd6653e3397e8,4.510596098727547,7,impostor
919eff479b7625b81ccfab52a6c1e8f3686e76c1483fcc31d8a12d53e61715ea,1,0,364,0,2,,149,0.0056428003590554,0,0,1,0,4.230826800456271,0.49532539839856327,0.17750540270935744,0.01560219912789762,TASKS_COMPLETED,1,5.612757899914868,1,8.670014300034381,64,63.4,317,8,0,3b3459bcf57d7450443489535db37b4151389bc28dbdc0d27fdc334886366096,79d11a13c8ba2dbb8c0b40e6aa2b4ea166c64409cf25054c45f6fdc03eb22443,3.468711400986649,4,crewmate
518e3a6c4a76b90c8af4e542c9badb7506771a43c5467d251b21c20c7576d84a,1,0,350,0,1,,116,0.004555601044557989,0,0,1,0,2.7170701028080657,0.3965638001682237,0.16290099755860865,0.013853901415131986,TASKS_COMPLETED,1,4.7699242000235245,1,6.151065599988215,65,56.8,284,8,0,0a95aeb3db044d88d1e04eaadb0d431b6ed1e5cca139f7b2efb98b150ad7e053,a298eb6d97784c5c45723a74708c80fc0ab0b43b52381aeaf3659ea383f40ff3,2.630831597954966,4,crewmate
366199cb5e557b133d508f245e4b674b04e277ff86a77a6d57a40cedba8e7159,1,0,343,0,1,,195,0.004626601003110409,0,0,1,0,5.384374101180583,0.4277187993284315,0.15918839909136295,0.01678100076969713,TASKS_COMPLETED,1,5.773005599970929,1,9.3572422999423,66,59.8,299,8,0,4c89b9edfe9365b00ae9f0695bcc454e845eedb6007cdfa08a7afdb525e31277,dee9dc1ad10c71e30053e0d7e010330c63ccc7c26a1ac897b5dca0aabe487ff7,3.14031000144314,4,crewmate
5a6d3f6571d9fe1eb43b8a272edb6617a1d9f83c0d2be9056f7e0bc07a14de3c,1,0,350,0,2,,168,0.004056099453009665,0,0,2,0,3.1074905013665557,0.4989852006547153,0.14911100012250245,0.012814499321393669,TASKS_COMPLETED,1,5.819129299954511,2,7.608566100010648,67,79.0,395,8,0,c940924c9230b8e363b6425796507550a1eb5a144161fe32c7d7e076022f63f5,b469881d6c935399070292b98e1de543dd7e20322396dff9e764e1cfb2e3b7e1,3.5845943987369537,7,crewmate
cfd0937b9578c6966e41cfa60eed8ef4b155f75a20a758e420b3605dc289e6bc,1,0,340,0,0,,91,0.0020244999323040247,0,0,0,0,2.089815697981976,0.31127729977015406,0.14715490071102977,0.010426199994981289,TASKS_COMPLETED,1,3.9236316999886185,0,4.538978099939413,68,40.6,203,8,0,20d683c6e5c622126b114b7111e9fee3b0947a3e35e166c300abee8bb1707912,067c877518743808adfb2487791faa69d5fad1e2bf7aeb082896ac71f2f0d538,1.8070999002084136,0,crewmate
07ea1f72997c93c34507a8777215d5fe32350aa084f43cefa49df8ee059296d0,1,0,271,0,1,,110,0.0023623002925887704,0,0,1,0,2.0713445004075766,0.28129620023537427,0.10779279994312674,0.011487199808470905,TASKS_COMPLETED,1,3.7689942999277264,1,4.610418000025675,69,46.0,230,8,0,f8c4ba861dfa0052f9776dc2f4e46b48e367ab33011ebe6c6ccf4de3081cff15,9c001ced2ff776c5d59417d11c97af19f250c63a6e540a088f2cf2f350c75a25,1.9630284989252687,4,crewmate
c1ab2aca071ac2edb913ec81790e6aff4495f08612e9845532dffe68425f8567,1,0,300,0,1,,119,0.0034667999716475606,0,0,1,0,2.332293798797764,0.3225401999661699,0.1185244012158364,0.011273099575191736,TASKS_COMPLETED,1,4.091836699983105,1,5.189157200045884,70,52.6,263,8,0,e047182a966ce5d23ad36fb66cea635f6134ef736b11b872d1c78b24842b8f35,181da6e7df24ff1f96a6b3166277b328d034aa7b383dec5b31f4c0780d92f442,2.2336339002940804,4,crewmate
916ea80c392177e1564e92e95a310cc19327107df964f505dcd25028eb263780,1,0,329,0,1,,127,0.0037809996865689754,0,0,1,0,2.2040858030086383,0.3323059987742454,0.11953139875549823,0.010654699755832553,TASKS_COMPLETED,1,4.495843500015326,1,5.081930600106716,71,55.6,278,8,0,d0f7b8a822bfd772d8b616836804ed76540664ed7cf0be7a5349d58f45aaac8d,d8d9cdd1f9cc51e5cd78aa32f4e7e17708092795a1fd867d0697f00640149b90,2.235087800072506,4,crewmate
52242df7d8e14c89087cac92a2285ea893652d149afffc0def181729d10e8ca3,1,0,361,0,1,,153,0.0031539996853098273,0,0,1,0,2.2875902019441128,0.3699851994169876,0.13670669798739254,0.011737900786101818,TASKS_COMPLETED,1,5.483172600041144,1,5.521752699976787,72,61.0,305,8,0,cb433dac5597ce5ae0855b38cda40d3a0d6d6db7174f7eac3f412b87e70f88ef,5605606a9634dcc3daef34884e80eea126f797a4a19cdc92e84df488393e486b,2.529410698916763,4,crewmate
1589faaddd5b83961b89117542f767d5f6377b153a7aacc34b87f8834c521975,1,0,281,0,1,,133,0.0031132990261539817,0,0,1,0,3.257231802213937,0.27647770242765546,0.10369079979136586,0.009589199675247073,TASKS_COMPLETED,1,4.2306747999973595,1,5.72335570002906,73,48.4,242,8,0,932a894e3b230d00f7b9f714203c1fb243095532fe0400df17d8ff5d14eb1b48,0c4ae42701fe1f0fd57c5d07a937bbb1feb70f5a9d151449ca2beef88ddf623c,1.9185856999829412,4,crewmate
6197d06e162abbedc55945366e8e7426bd1417535f17710eec6356cce0b5a82e,1,0,353,0,1,,122,0.0024259004276245832,0,0,1,0,3.0794151024892926,0.3885388992493972,0.13560039969161153,0.01268319960217923,TASKS_COMPLETED,1,5.394152999971993,1,6.5079964000033215,74,61.6,308,8,0,eba8ea555efccb48d82bb191a9b53f9e46bf2b2138a59325b896139d2e1ff12c,a8dc5e0208a41ca1798a3448203310364bb7f277451c56572c17edee5b9265e3,2.6874289993429556,4,crewmate
b121a66cf7bfa4c5d2ca0f25638238683adbdd7732e25c8454265b44c45a4811,1,0,411,0,3,,176,0.006147699081338942,0,0,2,0,2.6040574974613264,0.49117189727257937,0.168101500836201,0.015311900293454528,PARITY,1,6.090060300077312,2,7.115824099979363,75,83.4,418,7,0,41bd4fd4fbc4934ea063abb060bb0cea3912d88743e374d6f702ccf2d237dc51,793c477da5f6b9fb4b9cc783fbdb5ef1bb37c2d257177ad0049900836b0d361f,3.568842298700474,7,impostor
e31f0249acda10388fe597fb2e76c15bd7130d42a0d810afccbff285959e0351,1,0,287,0,1,,114,0.0024565986823290586,0,0,1,0,1.88835480180569,0.30349969991948456,0.1070419994648546,0.01172980002593249,TASKS_COMPLETED,1,3.738155300030485,1,4.580631599994376,76,50.2,251,8,0,78a9af62a0eb602e366ad223ebd83244dce0c2a96841cb2c9e15ba8191dd69c7,137682536e61b1c587e835cf2835870865af8ad2bf34b4e960038f4aff747044,2.0965543998172507,4,crewmate
bad9ca8b3daeacdd9de0b515ef08798b0f883cde9d95a1d195625977043d191c,1,0,295,0,1,,187,0.0034954987931996584,0,0,1,0,3.0070516001433134,0.31488970073405653,0.12067560059949756,0.012131499475799501,TASKS_COMPLETED,1,4.088618199923076,1,5.9353938000276685,77,49.6,248,8,0,31caca0d6079ce2ff4e945c0b5280d38c89ad3f023597d6dcd68e746684b830c,a00e0710ae4e6f890a10561d691698edcc3c055875498218bd5ea97274568b23,2.300486800028011,4,crewmate
60d1b382c41100633f805575478fb3502922ec6a55cc2af3ed73ae609669742b,1,0,313,0,1,,125,0.0028167995624244213,0,0,1,0,3.314617603435181,0.33682290045544505,0.11714389827102423,0.012104300200007856,TASKS_COMPLETED,1,4.60340670007281,1,6.310966100078076,78,53.8,269,8,0,985604506757bad464d4b64e751a39c8d3ce99c825551bc4810d72b4e011b8e8,bacea7f70a4edaa80a1f4a019b99acba0978b995a187f6a054c9e1cc508adf27,2.334146599867381,4,crewmate
5c18c40b038519109815a3e17848194eeca6100045450afbdc7b8a7a88ae948c,1,0,350,0,0,,141,0.005405300296843052,0,0,0,0,3.3488783984212205,0.31685540033504367,0.14397030184045434,0.010733399540185928,TASKS_COMPLETED,1,5.2589395000832155,0,5.905937899951823,79,41.8,209,8,0,da40ee24faf9b186f362718847b3e3ae2ed4bedec8110e934799b8e7e64703d8,696fcaf84cbdca8ff66f96cb9020a6e76d20a782db1eee3c01fc6bde116615f8,1.93671730090864,0,crewmate
9400662d281bcf6f49b220913d1803e66aee6f35fde3772f44797e4782b9152c,1,0,305,0,0,,110,0.0025212004547938704,0,0,0,0,1.7187567976070568,0.255894499598071,0.11367430095560849,0.00933810044080019,TASKS_COMPLETED,1,3.5187393000815064,0,3.8050227001076564,80,36.4,182,8,0,bf25c8e7cdcd8d3aea90d1606def7eac59f111c42884f746e9e42dbc0d44fbeb,bf5c15bd9b316f5255673239e900ea3c7897df4c11efd0d05a6c768d7db9e83f,1.5643996007274836,0,crewmate
1a1fe4ecdc6416cf3eb4c42fa78828d9032fa7f104f9297de7393969eecbe2bc,1,0,339,0,1,,131,0.0030555991688743234,0,0,1,0,3.1127176953013986,0.3659420015756041,0.1453654010547325,0.011459600646048784,TASKS_COMPLETED,1,5.397675900021568,1,6.308147000032477,81,58.0,290,8,0,aac81d9630b2209965a3862dbf1000201ff292dee0349a390168429858bea310,9343e52c1c2516e446a00ff76b5d76d057f8656a3a1c10d47629d8256ed4ddb2,2.481892200303264,4,crewmate
f48755ed7c06e4811fd41f394511d25e68900282f7b126659a85d29f6d935c27,1,0,280,0,0,,90,0.0019268003525212407,0,0,0,0,1.9281972013413906,0.247075799619779,0.11495439952705055,0.008903299807570875,TASKS_COMPLETED,1,3.172254400094971,0,3.950852599926293,82,33.4,167,8,0,2aba0c665ddc9fce3dc7952d17bdc27b846ab052b4be8b28d120ad1d21670a52,3720db6b32d0c7f991b6d5988392cc5ee40d27bfb9b9925ce9bbc9a7898e5a1e,1.5207513988716528,0,crewmate
5706764d0a3d7cd0bfa0b0620af00cd631ce76a50bc815eb26f7d32c03c3d5b5,1,0,325,0,0,,102,0.0022192999022081494,0,0,0,0,2.410747598274611,0.30474749859422445,0.14201930013950914,0.009809500188566744,TASKS_COMPLETED,1,3.689115200075321,0,4.827527999994345,83,38.8,194,8,0,d84fdce7f57ed02c545247554276078b21bd7b4527356545de8a497c7935d0f4,3f1bb9439071513391f7cac8fbbb42bf4fc25098c5de46646a47655bcf184414,1.8074250998906791,0,crewmate
9e6f2dccc54dc7c41cbed469766167606f917dbbf937bfef328c5b98b227d655,1,0,311,0,1,,114,0.0029712996911257505,0,0,1,0,2.450970699544996,0.37048330099787563,0.12779020005837083,0.012872298597358167,TASKS_COMPLETED,1,4.918497400009073,1,5.625159499933943,84,56.2,281,8,0,ac90919639bc12a04cb48c0a264ab67d00c12b0acf540d0366a9b0c727fb3f7b,fe13a8bb1a8065cfd9a3e2e5c94116e83542e85c91a82147924a45f11804f38a,2.4584431004477665,4,crewmate
ff0a92d40a4b3bebf2da25a017b4e4784ebfe147f2a3d91819fccfde12cb6d6f,1,0,418,0,2,,158,0.0036234997678548098,0,0,2,0,6.118357300525531,0.5878756013698876,0.17685170110780746,0.017523498041555285,TASKS_COMPLETED,1,7.912289300002158,2,11.335553199984133,85,91.6,458,8,0,9973a1dd55b5fc7fd1d4da290c6bd154219ecda3bc27fd43d9f3ea3e72a54a9d,9eec54c6ea4785f2a60ba8496c2705fe83bfcfbf2f9db25d6d758900e3acf6fd,4.142482197377831,7,crewmate
bd696c4ca2fdae10928bfe77f24323cc49bff880a4fee27eb7809fbf45ebce27,1,0,314,0,3,,142,0.003003699122928083,0,0,2,0,3.8010566007578745,0.47401369956787676,0.13377150055021048,0.017600298742763698,PARITY,1,5.960199299966916,2,8.205691199982539,86,73.8,370,4,0,e0be36a28f2f02abb880fe198cea84d923a750c7e6a20e451856860bd25477f5,bc40c947e11509f744cd8e8e978bcbc03cb8a6340c1296c2f15606bd483cfb2e,3.4986741996835917,7,impostor
6598f2f78ac2e0de51802d5485b8d95aee48be5042e6cfcefbf1308ce258be1e,1,0,354,0,2,,164,0.0032028002897277474,0,0,2,0,2.2537398049607873,0.534600698389113,0.15758429921697825,0.01946719957049936,TASKS_COMPLETED,1,6.419009399949573,2,7.263778700027615,87,83.2,416,8,0,26ab442e660061280f8fb90b4ec69837c5ee544436593d8e68ee1eb0c4dbbf16,d44b6ed7a7d6e323a2523ddcedcc0b430eb3620690502702554eed6df7d9986c,4.024146097595803,7,crewmate
3d7b4134a868fb324ef7195458a21f348b1112457984573b37b25feac249c95f,1,0,343,0,1,,146,0.005352600244805217,0,0,1,0,2.947904198197648,0.36159279954154044,0.15900780179072171,0.012925598421134055,TASKS_COMPLETED,1,4.726348600001074,1,6.1738993000471964,88,55.6,278,8,0,6fccebab3257e1b38fd0d8c29295fa8ce17a421c503da40125d54ffa2aec58c7,4636d829fd5d9dbb2a0d4da5c94f057bf848b75c79e75ecd1c88a6e621bb6b07,2.480189599096775,4,crewmate
1092e26fbf973255ec728a6de8c4617658c9ca79c068942be8897a4b9d082385,1,0,117,0,1,,115,0.0024134997511282563,0,0,1,0,1.4870142004219815,0.13842749956529588,0.03920240025036037,0.006198599934577942,IMPOSTOR_EJECTED,1,2.257279200013727,1,2.9600975000066683,89,27.6,138,4,0,73142a1b611ff7e27615f674d916fad3f87801ad8588cf9ea60da83418e3a3e3,9f040336ac6b79179562083647182a9497bfaf7bb6d8e0b4e310edd58e2bf25e,1.1867713996907696,4,crewmate
563e9bd34eea2e05d13bdb375eaa511f946349821207ac2487a36ab7a0c64a71,1,0,308,0,1,,125,0.0025911987759172916,0,0,1,0,2.2988609983585775,0.34069280012045056,0.14710059855133295,0.011862000916153193,TASKS_COMPLETED,1,4.583195299957879,1,5.277681600069627,90,50.8,254,8,0,bbc09c49f2fc6da8a86ec308af7849d2b2ec0c6a0b215f59f259439c41f83b0f,b72938193a430990f9792853f450903e3a52e7071331dcce430d8ffeed8f01fb,2.294405699823983,4,crewmate
1c1f582a25f9b592321dc7b722f0445e1b53188604cd822fdc9b72ebad1a29c4,1,0,428,0,2,,161,0.0031006005592644215,0,0,2,0,4.163308597635478,0.612980199046433,0.19166280119679868,0.016661101719364524,TASKS_COMPLETED,1,8.127747199963778,2,9.8674469999969,91,97.0,485,8,0,ea55e884f0daa59e5db5bbdc017839b4a1e7c9ecac450b820f8401f419f71848,4ee18197b2ca390f472833d6c050f924d685be5f6ef27aeeda4bb79063ef8579,4.574605298694223,7,crewmate
52c59f22c769b698d37b4d88d516d7a90e4b6d1c6ad8c62886a3c219d5e2df45,1,0,339,0,2,,163,0.0033061999129131436,0,0,2,0,2.7475916993571445,0.4348985991673544,0.13047130114864558,0.012622500187717378,TASKS_COMPLETED,1,6.079164800001308,2,6.716663200058974,92,73.0,365,8,0,77805abf6b3556963559598373e8e8ab500ad451e754ab6d6ae9e28159d3b2cd,ad8eac306db9276ae39e54107e57c870e057cf3c6855b6594d275af4663dc0ea,3.1560949004488066,7,crewmate
6f7c8bba6dd2bdae792e6c33d1c047400fb91e6329d950c527ee3b124db91a51,1,0,259,0,1,,121,0.0030021993443369865,0,0,1,0,2.42042390035931,0.2723371997708455,0.11032739980146289,0.009023899910971522,TASKS_COMPLETED,1,3.698911100043915,1,4.883872200036421,93,45.4,227,8,0,11ac1918f1cf40f8a5e540938ea0eeba1c1e511a2d10a5bac9ae5f1625585a41,83979b329bd43ae62cbe9481b650036544cb919bc58b47d4d70f2f13dbca0f35,1.909970998764038,4,crewmate
6ac3799b6e1c0d916ac09de2dee7012dc6a596023e22a3a69fd3a428d4258d4b,1,0,330,0,1,,118,0.002496198401786387,0,0,1,0,3.378498501726426,0.334556098212488,0.12492619885597378,0.012620301451534033,TASKS_COMPLETED,1,4.569887800025754,1,6.340950599987991,94,56.2,281,8,0,efe1430808a7da4e7f27d25858448920fd33bba05b9c2cededcbcc510e575b26,90e41bd80e851e8138d1cb38d73598c67c5d07f876c904c8562e77d9be47b455,2.2962533007375896,4,crewmate
4af5292f0e4a6759373ad8b97aa7e229e09c8ec06856e11fd3a0d8e8a3e661da,1,0,271,0,1,,124,0.0034374998649582267,0,0,1,0,2.7368856976972893,0.3227544993860647,0.10820830031298101,0.008787801722064614,TASKS_COMPLETED,1,4.159787000040524,1,5.5214334999909624,95,50.2,251,8,0,1d679d4994597abb451b7e7e558482f07c81b0caa39b3758f38930509d0d7cf2,7fad628ca597a82bf705b1796768956007a43094624f015f0641704ef5dc677e,2.1704267997993156,4,crewmate
5153c7afaa0df58511bab79c78a8573942d631a30aeae53a2402fe2ec68c3552,1,0,265,0,1,,132,0.0026403000811114907,0,0,1,0,2.0509744010632858,0.27986940066330135,0.09769199858419597,0.011304299929179251,TASKS_COMPLETED,1,3.634063999983482,1,4.468378699966706,96,46.0,230,8,0,17a18d75160681667228461ef7d65ecbcadaf84fcc5406b0b24a0fb17d4a8a3c,94843b8d4ee0b5f8c8c299a2944d77f9df8a93e5a700be92879f4d9c910248b2,1.8524175982456654,4,crewmate
9b570e6c3645415523a60d9eea641001979c3b09a34f8473cd299dcf5a49753f,1,0,240,0,0,,88,0.0019779002759605646,0,0,0,0,1.3251313010696322,0.2144229009281844,0.08734460070263594,0.0078139005927369,TASKS_COMPLETED,1,2.5330160999437794,0,3.043386899982579,97,28.6,143,8,0,bc17264b5a25419172ca646210912f7de738a0b316cbadeeaa13fb0ca3f6190b,62df9b83d6d32a3a05ad52da4c3650054eab04b67a20f8aa33a8ce0c4d0e7780,1.2899292018264532,0,crewmate
1ec51399621f247041c76ec1d574c255d811ff5f1f00a41cea19c589355a713e,1,0,343,0,1,,127,0.004889200907200575,0,0,1,0,1.9373770987149328,0.3362513987813145,0.1370429985690862,0.011180600384250283,TASKS_COMPLETED,1,4.605187400011346,1,4.938736099982634,98,55.0,275,8,0,11a12cb9dddd2f5400d074fd46ce66e624624c0de322e3567381da317db6d26d,3ccb8579aaa493bd0ca48b9ffd8e7c6d9a90ababecbe86c4a02ef8a469632fe9,2.315201500314288,4,crewmate
b06fa60aa1cb9de2dcc4b4b4b262c259fa5a6e8a8f922e039fc5bff377ee72cb,1,0,361,0,1,,131,0.00468340003862977,0,0,1,0,2.6748444009572268,0.3665053001604974,0.1253773985663429,0.014247600454837084,TASKS_COMPLETED,1,5.472661499981768,1,5.932877899962477,99,60.4,302,8,0,99e0b2be2bdcdc2caf0569d0974ba252c9de4225d1c6742196e7d9b061dd1ccf,7be5367d0e80d2f5483055a1bdca1c3625d12060ac3fbfe0e6678783f38eb52c,2.5343769000610337,4,crewmate
88a8d9348ec394b499ab0dcde90ca255768d2253f7b058c371bdb1bc9e3fa174,1,0,392,0,1,,136,0.003687600023113191,0,0,1,0,3.6367352032102644,0.4183378996094689,0.15923400165047497,0.014829300227575004,TASKS_COMPLETED,1,6.057059900020249,1,7.331402900046669,100,64.6,323,8,0,bb163eca28cd5343cc02f9ab92a4a02b187f34ff6d11d82c6e8c82cfc23ca492,d2e0eb61ec4ea8b400d1b8e148d1ccb63f5a591c9d39b81da8b15f6f32ef83c0,2.8741243986878544,4,crewmate
b1877a7b54e712d951dd70d156cc276c232c40ceab74ddd1c3191879179ef775,1,0,405,0,1,,124,0.0028768995543941855,0,0,1,0,4.885210900567472,0.4588340996997431,0.18247909785714,0.01477910007815808,TASKS_COMPLETED,1,5.953774800058454,1,8.858882699976675,101,68.8,344,8,0,a0a8239fe77affe03b73c5b98742e30e8d916e791d6b965ff3894e93a4422421,328b38afc6ede7e906e42a0a23187c17f1347ccf3eb95cb3ae1ca1b33b075e18,3.080647400696762,4,crewmate
30a3150f4b7aedf3614579a876174f598003b0ad1fc760866e768d33371850e6,1,0,373,0,1,,131,0.0028114006854593754,0,0,1,0,2.6859370005549863,0.4420115982647985,0.1558609998319298,0.01524269871879369,TASKS_COMPLETED,1,5.956697800080292,1,6.5846789999632165,102,65.8,329,8,0,b35858af58a4f96d7863d0a27259aa176fbc03abef4c7ff1bc956ee3a9509e61,d86b4376bf5be31b964adb0d59d607db4bb1de54e18e1403a18c4b4fda0e7a05,3.0452817000914365,4,crewmate
85dc12266a754e90df589e3b1a8f850e86eff0d27c7318aa9952270a90c5a732,1,0,370,0,3,,152,0.005303500220179558,0,0,2,0,4.472403597668745,0.522856600699015,0.15190590207930654,0.018581300391815603,PARITY,1,7.439739899942651,2,9.259801900014281,103,82.8,415,7,0,fea541fb9de07a0f7b130c55843e22c8fd1f72423792ab8e10e73d7749911621,528b84c86e443c8c179975bab75651d69bfe6978f8c12443fff7ff0338b14106,3.828723701299168,7,impostor
12e4f0f37960d5f2f25a5b2ac5dadd7419e472c290ff08487a78badf355251b5,1,0,370,0,2,,140,0.002987399813719094,0,0,2,0,2.5715911999577656,0.5143005995778367,0.1616871984442696,0.014975699945352972,TASKS_COMPLETED,1,7.11323270003777,2,7.364366700057872,104,82.6,413,8,0,f5bd5b01ea9ad87dfd93e372ecd092f0072c290ed12bcdb4e397e04d27cd090f,b16a09dd32e27372bd3e7afadcca423b4afbfec22ba0970a2734b4880fd8f2f9,3.8351054013473913,7,crewmate
89abffef5dad3071c3ddfc607dd1c564096ed5be49cf1188a535d49201f08fd8,1,0,351,0,2,,170,0.003936901339329779,0,0,2,0,3.9750724986661226,0.46559300215449184,0.15674429992213845,0.013377099297940731,TASKS_COMPLETED,1,6.759567599976435,2,8.518139200052246,105,76.6,383,8,0,df4b43ac202ab91be04965edff66b76e5337129fb3e9f544c187328cf8237176,bf4e050e1e82d476a12f8bda97a9f5d230690ce3507bf6376f4bf26d54e9599d,3.66123839863576,7,crewmate
ee7de220ceff21bed747d54cbb06b310b9228eab0f3aed869051b9c19ffa42cb,1,0,327,0,1,,131,0.003561500459909439,0,0,1,0,3.2870297010522336,0.35643240064382553,0.13152839988470078,0.011607500375248492,TASKS_COMPLETED,1,5.317501800018363,1,6.400394399999641,106,55.6,278,8,0,b98c62e9322a5e210ea6c7bfcb2fc6a47d515e3116b05a1fc334076da2f87aa7,000c3351b638ec1b3794f16fcff1d570cff87f4a717494fdc9cdbc1e505c71b4,2.4109596986090764,4,crewmate
fe11d4aab38b4529af6a044c89043f9b766d2d729ed87e250062823234a18a73,1,0,312,0,1,,153,0.005767700728029013,0,0,1,0,3.8673085002228618,0.36864259908907115,0.13138780067674816,0.015281200758181512,TASKS_COMPLETED,1,4.608857500017621,1,7.157068899949081,107,55.6,278,8,0,139bef03aefdb0271d0d058ae1e20773439528c681dc5c3e381617150cf23302,a7a7bbf4289f73be2f6a08546a5a325baaa452fd4b8934e57f394b18d99c64cb,2.560651598731056,4,crewmate
6fa2195f506fa362f90b4cb7aa43ad51f0784303b6eb11f51d4aace2ce26edf0,1,0,234,0,1,,109,0.003823199891485274,0,0,1,0,2.0687477982137352,0.26683579944074154,0.0875944992294535,0.011677700676955283,TASKS_COMPLETED,1,3.2507378000300378,1,4.477163100033067,108,42.4,212,8,0,fd43b054cb5bb0cb8b2364b938a05eeb939eaf06fc52c53d5e2c76348f9739c0,94deb7c7b6b5ab9e89064a8555691480ea5207396834c34759c7d04a666ce1e7,1.875653700903058,4,crewmate
a8885e2978762369eea065b87da4356297eaf061263051bef1def9c47c518eca,1,0,240,0,0,,80,0.0022410994861274958,0,0,0,0,1.272133000427857,0.24556089914403856,0.10199470026418567,0.012694500619545579,TASKS_COMPLETED,1,2.552141699939966,0,3.0897427999880165,109,28.6,143,8,0,b267db55522a85376326d34d1919b5ff55dcfce96eb2654ab6dea3f1e5b93284,26cbeef994d0ccea713a58115af31b35a640bb4dcd9b75426376b1d2d03a4a06,1.3311568994540721,0,crewmate
b5efa6c03704dfbfdd7c83ed7fbfa9e3be02b14ddcc85e2c5303a47691a99412,1,0,386,0,2,,173,0.005668799974955618,0,0,2,0,3.138849599752575,0.5709672003285959,0.1816512014484033,0.014381101238541305,TASKS_COMPLETED,1,7.603146700072102,2,8.345825599972159,110,86.8,434,8,0,22521de8764b845d40d2fefc7506364f9efee8fd11e4217f98ef94cd3e4a8cec,db0a0300b68da34c7cb76ba7effd178cd37894c9174df047554e93ce7b810692,4.151713800849393,7,crewmate
e935732ca788676fe3141a7ea023192a15bd24181fea5fa2cdfc34312d100c17,1,0,393,0,2,,218,0.004671198781579733,0,0,2,0,5.341027199290693,0.6340850001433864,0.1627710001775995,0.019575199927203357,TASKS_COMPLETED,1,7.110887799994089,2,10.854728600010276,111,86.2,431,8,0,16e2f12cb2693f57690638221644d3d0f832c8d1f6612e52a02ac6b9ce6d93f3,08b58f0d0e8bd5613b73363cf06d4d05fb7e5ff75f5915419f2b698e44f66b07,4.398462201352231,7,crewmate
c2d3828808c829000953c1a37c7262d8cf54dfc603bbc6fa428bded6d1c4d0ab,1,0,300,0,1,,128,0.0029509002342820168,0,0,1,0,3.099932595156133,0.35485000000335276,0.12869939801748842,0.010681099840439856,TASKS_COMPLETED,1,5.0033576000714675,1,6.238888999912888,112,53.2,266,8,0,4902894285d6c69205f5179148fabe07c2587bf00de869690b04fc05bc08841f,725b079a771a168b237ab72068626af590e4a565ac57f6c8885a9ee42948a0bc,2.444151600007899,4,crewmate
e26c632a807b1db101c1f9725ecdb76f2de0401dc83477f7bc0b7671aa93fb04,1,0,308,0,2,,200,0.005278198630549014,0,0,2,0,3.460031300317496,0.4923169001704082,0.11655729927588254,0.014747400768101215,TASKS_COMPLETED,1,5.364996999967843,2,8.072878699982539,113,71.2,356,8,0,ea83924f57479d3d478caa02b6894cd2e84f1d9c1b9ac56b511127ec2d6eee27,cd4e2f3039dfd2c135a732bd924fafa2025ac0739844b4b4e0ab65723dc14107,3.7384096001042053,7,crewmate
448607efabfe6152ce79693ef7e1156569a7c72da69a1e43f135b18676678545,1,0,281,0,1,,129,0.0038043991662561893,0,0,1,0,2.3735873008845374,0.33535209868568927,0.11994660063646734,0.011463200440630317,TASKS_COMPLETED,1,4.533667799900286,1,5.32660280005075,114,49.0,245,8,0,868d423f9dd8bd7668ef982dfb74991df404336f5d4b7a3b9e929efb74d62a1d,b1176e695cb1bd6ee01ce51dcb2af133b17308330f5f6c31e36f5be9138b6eba,2.2987678984645754,4,crewmate
3ad0c7906403a772176c4ffd05e21d639035f356a3afaac36ab338b702433212,1,0,250,0,1,,107,0.0022733001969754696,0,0,1,0,1.3641052989987656,0.29659830091986805,0.10526860121171921,0.010108199552632868,TASKS_COMPLETED,1,3.796076499973424,1,3.831383500015363,115,44.2,221,8,0,9206306d6046bc11eae160643d4ea62fabc5dd8a86a336a8af27bfd6e89c9624,42898fe3ffbdba0a0c3335d7329195ee7313fd9e1dd1598fc6ef7aeef521a864,1.894637898891233,4,crewmate
ea498fad18982534741727384d7cc1deca9f04288eb41c27488a2ad60a7961dd,1,0,265,0,0,,80,0.0018422998255118728,0,0,0,0,1.651256400393322,0.26752160070464015,0.12417000124696642,0.012283300864510238,TASKS_COMPLETED,1,3.675271900021471,0,3.758620099979453,116,31.6,158,8,0,099188f6998d5347a32c34379ecd6983af45bae2ff942d980cb24402b71c83db,8aecd7df87ca61a8487d3264155916a893a956ccbe855f3e477a0d8ebce2caa1,1.5701955002732575,0,crewmate
aa9d14e1a084da4ba1fb0556cc34e4dfc152a742f919b5f22068e8c08ea27430,1,0,345,0,1,,117,0.002787899225950241,0,0,0,0,3.081047603744082,0.36887179873883724,0.152029397781007,0.01502930058632046,TASKS_COMPLETED,1,4.146420800010674,0,5.976524100056849,117,41.2,206,8,0,ca5f8803c923303b3598f9f425090a5479ac37947059a9694314d009ef58e18e,0f45e8373e8c3590f613f0388ed9a0602e5038d94f6fce8449bfdd3f5c642fe9,2.1896180000621825,0,crewmate
41fe6b17c874be8ab76ef309d4b472b7831fecc75b3324f8cd168b350ea20620,1,0,242,0,1,,111,0.0024799000238999724,0,0,1,0,1.6799514993326738,0.3100353004410863,0.06473109929356724,0.00988100003451109,TASKS_COMPLETED,1,3.2742200999055058,1,4.115270800073631,118,44.2,221,8,0,f6b1babb822aa39d1cbdeef8c3a488b54cec16bc9b51c01592771ca020bb4846,52be5efddc71267ddb415dba4d06abc370a97028b6dc8a30bd26cc7fa839e526,1.9197749006561935,4,crewmate
0e8b0639245bc8c0f4834c9c211351483d5675b00c9b4ff2a97bafde645b7f1c,1,0,328,0,2,,162,0.0034805003087967634,0,0,2,0,2.841862600762397,0.48280230013187975,0.09022490086499602,0.012436599703505635,TASKS_COMPLETED,1,5.277306100004353,2,7.009839300066233,119,76.0,380,8,0,6737a86c15c1580d213ad7e8ec8601b97c69b05392eea349ee96c2f71de51008,c0ca650cb95c65b6b5cf4b4c482ea1dbfbb88e7b8351fe6cf8acff9202ec9c5f,3.395714899757877,7,crewmate
69a73b9631d6c00436d0cdebf9d758fa7814185230d6d23629cddd235d3ea557,1,0,384,0,1,,136,0.003230899921618402,0,0,1,0,4.432015603175387,0.4210890985559672,0.10897689848206937,0.013212300254963338,TASKS_COMPLETED,1,4.633941800100729,1,7.746806499897502,120,63.4,317,8,0,5b51c04ef3889c18c7e38fae61461f26e83beb5e5efb485e6d52dc81df5cf62a,c5407bda3c35c8f2643cd8f15047bc7346ca502c2820ac96f69655d30e086dd3,2.611069099861197,4,crewmate
1c5596064b4d623db610f72d3ab88db2dcbe607988174e09a3a793c0c808c55f,1,0,270,0,0,,110,0.0026363003998994827,0,0,0,0,1.971502899657935,0.2806376995285973,0.07968160160817206,0.009541900595650077,TASKS_COMPLETED,1,2.9462352000409737,0,3.99897079996299,121,32.2,161,8,0,151a07c9126b041981dc1486ed8abbcc68b0ccd4727e635599b7123af87f2b6c,236702dee00b569252459aa3a32deaa134b23ae108efaf5a73f71017ab75f840,1.5549745993921533,0,crewmate
d18a9949e227d493d3bd4bc0478272da8baf822776cb3020cfe6be66d611b6ec,1,0,300,0,2,,135,0.0027953998651355505,0,0,2,0,1.7597478000679985,0.3919088013935834,0.08059639949351549,0.01092269946821034,TASKS_COMPLETED,1,4.259747399948537,2,5.228584400028922,122,68.2,341,8,0,7b040fcab1c9dcab1d1fc046c234d8fe2cb6e3b6e5c6f04a1ef9b16d77b4b3ff,a981c8dbe906fa6c058afec5f92c8b2a55ae777a76c1837802e68242fb314e25,2.822021299507469,7,crewmate
59585970bc8c9f3634429e8babba285d38ef7eda638b44c67bb5be607f71feb2,1,0,290,0,2,,138,0.0026010998990386724,0,0,2,0,2.8021623007953167,0.3750713005429134,0.0669145006686449,0.01013640034943819,TASKS_COMPLETED,1,4.521258799941279,2,6.090666800038889,123,66.4,332,8,0,2175b96207fb8e89665e5d9d5159dcd0e6ea668519e7fb1d619a131974adb20a,c3f212f36f89484a49b27435368fff42bd0c9c034e1f1230b1c6e5a3b9106b40,2.678485299926251,7,crewmate
0ab460e4bf3916e52ae23af9c81d5c0a1df157770bc8b965ebdb10aaeadc53f4,1,0,348,0,1,,123,0.0024441996356472373,0,0,1,0,3.151107901474461,0.35858580050989985,0.0891647991957143,0.011752798920497298,TASKS_COMPLETED,1,4.708880500053056,1,6.049585599917918,124,58.6,293,8,0,27ee2a58ffab8d99c4b709de87604e7dd231eac827b439b40cf3f8c89428bae7,ae3dd0caabd300f1ae27a4cd362edb6c2e903d57c366ab2079668246b8db0f52,2.297434699255973,4,crewmate
9a4245033d8e511f46ec642359890cc1a38b7cb9cb2da7012bcd4257672c76f1,1,0,344,0,3,,122,0.002120300312526524,0,0,2,0,3.0749040016671643,0.4478108991170302,0.08304150018375367,0.010846699704416096,PARITY,1,6.75691979995463,2,6.889627799973823,125,78.0,391,7,0,16cae46a39d83cf100749e8f6f6a233ea2a288eb4ed33ec8e2b8d7f0cb084b1b,adad7792d2908517b33f0e0f7d3596b2ea35a634e4f34b516393bf5f093a6594,3.104204098810442,7,impostor
2a7720e14a7fe0f3543983d24bffb40a2feb3f91bb2c14dc5b6e6fd70b9d00f6,1,0,414,0,2,,206,0.004209600854665041,0,0,2,0,2.0473843989893794,0.5268023995449767,0.0872067998861894,0.013130301143974066,TASKS_COMPLETED,1,6.728291499894112,2,6.52834200009238,126,87.4,437,8,0,8b8254886663c24eaa474e3ac2acfa895094052635afba54f3f8be0bdf3d7723,15b7e4e1ec8a1997a99edfa2b352ca0222e1307406569e195edb8228687003ac,3.66256750037428,7,crewmate
a906191d6d6d217a26e82e62cc65500e367e21b6d137418c9af678a0ca94b46b,1,0,321,0,3,,173,0.003286999184638262,0,0,2,0,2.7233149994863197,0.4542367992689833,0.07440350018441677,0.011655199807137251,PARITY,1,5.573958200053312,2,6.566300199949183,127,75.0,376,7,0,cbab37e87db4b6c46cc5eaf32f31e9f02ec388add7a9514c697254432f63c09b,053a9da9a98800516e349b9ce34f2aa9a46a637495b66a81288c13c66c208945,3.1360264997929335,7,impostor
baeafbbe857d87d89f91e6076e8b9feaabdb40ce8b8af93ec9db46a9195a4c16,1,0,274,0,2,,139,0.0027618013555184007,0,0,2,0,2.2579946003388613,0.41175789991393685,0.0626616005320102,0.011121000512503088,TASKS_COMPLETED,1,4.734980899957009,2,5.834219100070186,128,66.4,332,8,0,a8647b1bd51456ba5f0022c3d43f6d093e000fdb68b79d8603f407333157e6c6,a5d489d079b800df2b06fbad5191be90821b59c0b870eb5f157a4477972910e8,2.924084104481153,7,crewmate
542dda0975fe29a8d32fd6d8277312999008fe87d6e4cd68fd572af489fb82e8,1,0,185,0,0,,94,0.001874899840913713,0,0,0,0,1.7453497028909624,0.19232360064052045,0.04478799889329821,0.006697200587950647,TASKS_COMPLETED,1,2.2023060000501573,0,3.1526296000229195,129,22.0,110,8,0,40b63a97280a55af93cef21fe3bf346b2211b30abdcb2f6a619bfda0b323af20,d909f09b4992323e2850699ac4a6f85936a7c6ae874d7d07cd23989a7d0c750b,1.0877268008189276,0,crewmate
0de7a956f772513f75aff707684caa9c62cab2dca841c90695d12c2a1c9f89de,1,0,286,0,3,,129,0.0027000998379662633,0,0,1,0,1.8818115984322503,0.3866257987683639,0.07802099955733865,0.011129600112326443,PARITY,1,4.289250700036064,1,5.06838189996779,130,55.8,280,6,0,3918b18fe9197bec20acfc7b344007396bd2aad674fc78b48cab3499a299b046,ae7dd40d6501f9bb17763449386f21289f54da8689ab478bbe5087847416108b,2.5490940011804923,4,impostor
6fa396ce697c1de29048e1b2e5c267106c213fe0ea5bc07bbcbd44fad7582828,1,0,210,0,0,,86,0.001708600320853293,0,0,0,0,2.104832199634984,0.22124540025833994,0.06234989920631051,0.007495200028643012,TASKS_COMPLETED,1,2.214852999895811,0,3.6912558000767604,131,25.0,125,8,0,dfe887f79575c0b9c729b70d3b8c2a8200dadf865a3bb5be2c9f43ae503834bf,a8ceb65ad36e7156970d54c83976de5a049dcb77ab968e54907ae3655d498808,1.2120560003677383,0,crewmate
78139e707190bcce64bb1ff6036e0543810ebce3b9d25fb460b6f0ce3122c58f,1,0,346,0,1,,160,0.003224700572900474,0,0,1,0,2.4906947038834915,0.37601450097281486,0.08460299752186984,0.012332698213867843,TASKS_COMPLETED,1,4.194444100023247,1,5.498590199975297,132,56.2,281,8,0,50ada1a20b6a5e9b28608171abd623debbb42be1aa3d411081174945881b37f7,0df4980f0f09b634af35056770c7ee699ebebbec4068b604b52eb327e2a86235,2.394804901443422,4,crewmate
70b7fdbaa3ab267791b6befbab99a7a411a7b4f5428fcfee8c821a7c3bca10c2,1,0,360,0,1,,173,0.0029665990732610226,0,0,1,0,2.748072999645956,0.42450730223208666,0.08165170077700168,0.010818899143487215,TASKS_COMPLETED,1,5.00074039993342,1,6.152120599988848,133,63.4,317,8,0,6cf09699af3d1d1b20f171c7f708ba45e7cd7ea021902e7d524e0ee1ff7d61f6,be49e5724b1e4f3dcb785539ce172c3ade91581b202613935f9b923987f5bd42,2.74999259901233,4,crewmate
61fe1e352f44642f0e7752f63932436b342a9ca856f442ebfca81bd118b3a965,1,0,250,0,1,,133,0.0024590990506112576,0,0,1,0,2.7083513006800786,0.281586199416779,0.048366799019277096,0.008063600515015423,TASKS_COMPLETED,1,3.256065299967304,1,4.99249570001848,134,46.0,230,8,0,efbb712edce99e22b11e7dcd44a4b7d120ad271eee67b27be6d597520fa84e9c,0136a1047fee61b288ce0ba5801d82601520607f9926563b6006b94dffee0387,1.8434358994709328,4,crewmate
3c3bf9987706b1bbf26f27c63d5bc00bdbb07c0f9a3782555984106f8d686ce8,1,0,226,0,1,,109,0.0019134996691718698,0,0,1,0,0.8791997977532446,0.25411179941147566,0.035081300185993314,0.006763100856915116,TASKS_COMPLETED,1,2.671532400068827,1,2.9026667999569327,135,43.0,215,8,0,331da2e5826007001224cc17c04d3a6f4abcd9a2fb73afa67a8ceebc78138a8e,2dc735aecccf67d65e776e6b7e59145d94abc21e8a2ea7437de39493798b6e53,1.629652900621295,4,crewmate
ae2f20b932a5e92f2d375a8dfaa424c0906ebe4f3a07bca6763dc8189c9020ad,1,0,290,0,1,,124,0.0021816001972183585,0,0,1,0,1.4398390016285703,0.2981964001664892,0.06299080047756433,0.008868001401424408,TASKS_COMPLETED,1,3.7277651000767946,1,3.8421601000009105,136,50.2,251,8,0,659affa52bb5f1be3039b8f602d16d52d9c176028b2bda5b675ca802429dad1e,20c32919684b4cccfe31b3290d99113a4acd8a634ab3cb8e6ae0bfa7e75a229b,1.9239704984938726,4,crewmate
64aa89914893671958788dc819a73fb170eeb66aafa06df8b72218187e99e829,1,0,322,0,3,,171,0.003046399215236306,0,0,2,0,1.7416049006860703,0.44971020135562867,0.05810839985497296,0.010724898893386126,PARITY,1,4.801021700026467,2,5.5755644999444485,137,76.2,382,7,0,77517ce692620c5c17578583f42585bc46a829bca18bb52a79f3a87a6fb5dc6d,415aedf48c30494d7dbaa31c1cb33307453b7b25fca493a750abe48fa1f0b299,3.1562651017447934,7,impostor
d0de4459b3a119c812cc02f95e1c94b4d7173b179e0bef0f51efcda2ca4ed5f5,1,0,395,0,2,,151,0.003099999506957829,0,0,2,0,2.476443100022152,0.5561284001450986,0.08258760103490204,0.01233630022034049,TASKS_COMPLETED,1,6.625313100055791,2,7.060302699916065,138,90.4,452,8,0,00ca2630cb447d6aa299f3441d678613dab1ef3d0df09d470bce8fbf7b949de6,b696470f9350a137dddde48390e625cc47bc0cf64916970254720297f89fe0db,3.753203999483958,7,crewmate
5205791e81e5aa9f00dc1921c04957e8b9365c01d38455caec0a6965e87e8eda,1,0,409,0,2,,172,0.0029189998749643564,0,0,2,0,3.533752699033357,0.5186533979140222,0.08525080163963139,0.013073701062239707,TASKS_COMPLETED,1,6.536740600015037,2,7.858961699996144,139,86.8,434,8,0,1ae5b635d619695ca78e6ee23b5ee915d08c3bbcc26d7b228f8d900ea31935b6,b89a6e590a0da5aa4eeca065c22d936f7d9dac79a24d71e51c6de73578aff5f2,3.536499500507489,7,crewmate
9511e15ae798de2371792d934bd0b986ad8a0ad394e4319d10547925b63cb02d,1,0,331,0,1,,125,0.0023212003288790584,0,0,1,0,2.191158100613393,0.34856229997240007,0.07541090052109212,0.009906800580210984,TASKS_COMPLETED,1,4.35772289999295,1,4.933307700091973,140,56.2,281,8,0,0a6ff2272338ef827a483ab59b868b9306f21d710d4c14befa07e2cb6bac65fa,b97673123a11b34fedb6c5ca35b968daf154b73aa72ab1d32550b87d9c851061,2.1866937009617686,4,crewmate
52451010a29bedf05a730541d68d7b75776f11b334cd29805b19e1f27e516f01,1,0,328,0,2,,198,0.003196300007402897,0,0,2,0,2.4731924008810893,0.4512347999261692,0.060204601380974054,0.010706300614401698,TASKS_COMPLETED,1,5.080434500006959,2,6.392316400073469,141,77.2,386,8,0,b7db2354f1f4cc5ed3e9c1c089adf5738a8dd915c9740e45ccd1bf6bc31b6dfa,81e2f01fcac701afca43ded4be8eeffb35f3c6df2125eaad6afa84fa7d72db7e,3.236792299314402,7,crewmate
674c928df518228881ab9dd7dc64fa80585ffb8cd662e6ab33ad55512d4aa9b5,1,0,348,0,3,,156,0.003102999646216631,0,0,2,0,3.5579046006314456,0.4856573003344238,0.08048130036331713,0.011578399920836091,PARITY,1,5.731869800016284,2,7.739627200062387,142,81.0,406,6,0,39b8a92e31ad6c6a438711ff5e9cd223b0d398eb81c3ea79552ddc73fc41d134,0abb584c9cc36f60db8c64f4106b4a77c782b61a22af744d7715f2bab547e101,3.435316100716591,7,impostor
cabba5f39a932cc5b0087a024c11ba66216badf3d5b544a941a3c089ffa9e01d,1,0,280,0,0,,95,0.001733399578370154,0,0,0,0,1.5271060013910756,0.2537184002576396,0.06131719809491187,0.008537900284864008,TASKS_COMPLETED,1,2.786615899996832,0,3.312598399934359,143,33.4,167,8,0,f28b281dd36a6080f5dde039a083fb40579b5350411086679df68cd6bf98ff4c,2772e1200bc5e411e81300c1f24e4873ff2de52caadf561b05fa63950bbc21f5,1.3738169998396188,0,crewmate
5a19b0e302fff42a075923b448f8611f72399d2e9c1c6420eb869e2a55c660ee,1,0,370,0,0,,152,0.0029891988961026073,0,0,0,0,2.1903010978130624,0.3493646018905565,0.09416280046571046,0.01136979996226728,TASKS_COMPLETED,1,3.872742500039749,0,4.797434599953704,144,44.2,221,8,0,d5a9f4f1ad552574528e2d0295bf27e4e88fc6a8f52eb3ece3d1d2f0315acec5,301fc0298edcadd4618ca077ecb84c794578ad8e9d34ab2b52c2c6d6fd56892f,2.0380132998107,0,crewmate
9d0fdbef6dab3dffbc3e80a28f6efabf7108f0c07dc26b54fb4f9b917a20b653,1,0,370,0,1,,118,0.0021246998803690076,0,0,1,0,3.438099401537329,0.36349250143393874,0.08696770062670112,0.01036410080268979,TASKS_COMPLETED,1,4.364941200008616,1,6.225859700003639,145,58.6,293,8,0,8ca4a0dd92728fdfb78cfbe92e7be3f88658d81687a2695a6fc4de2584615fce,819ee283fc8e953b95b9db09cc8f2f9e5d4e4a3c4e9b173f88cc24695672bbe9,2.1967101010959595,4,crewmate
f24d5f2ef8ef8c9d8f7bed22fb466eac239e23117700c3991113b8fcf08c232e,1,0,307,0,1,,113,0.002006000140681863,0,0,1,0,1.3666109984042123,0.3062653000233695,0.06027039990294725,0.009097900241613388,TASKS_COMPLETED,1,3.47100949997548,1,3.833835299941711,146,52.6,263,8,0,9589e5f9c4c7a32db23443f5000695e56abaa9fef58c5eb7fa884e89faffda01,641765542c2a4c6380569a5babddadd9798d765160204fccdd493fb852a071ae,1.9786973003065214,4,crewmate
4d0aa714735574829a73bab9c2609ce17f052406f5efc16c38458d6b3b228d24,1,0,306,0,1,,133,0.002444800455123186,0,0,1,0,2.2977426999714226,0.3030730002792552,0.06193740060552955,0.00894020008854568,TASKS_COMPLETED,1,3.8009673000779003,1,4.740706699900329,147,51.4,257,8,0,30196e951b3678d10a5eff1fa272d8d8a3efd7c9c412e47dd5080bb508d85292,27c61dd1759df31eee52f63911bceadf347daeeaed99ac2e525b2089ad37963b,1.9592925995821133,4,crewmate
a3ed78fe501a42cd7317524f41aba7030c2cd26969b99213a8109ca46a913980,1,0,342,0,1,,135,0.0021212002029642463,0,0,1,0,1.8419503996847197,0.34051810076925904,0.06989009957760572,0.009828400216065347,TASKS_COMPLETED,1,4.021740199998021,1,4.520289600011893,148,56.8,284,8,0,68bd010cb540c1794d671fe680113f9de9f8dc222b958e2669c70cebab1494ad,146ed3af65433c437a4ba2de1b51ed00f64420d8e14308c88e2b602997563b56,2.1371835013851523,4,crewmate
3f740a57eba4247d685a1eba756ccde04f901ae8d99e712a712732897e543a8b,1,0,371,0,1,,182,0.003501600120216608,0,0,1,0,4.896882797474973,0.3700183010660112,0.08689520077314228,0.010930899763479829,TASKS_COMPLETED,1,4.826917700003833,1,7.867131000035442,149,58.6,293,8,0,95c4364f22704dfc8bc7b15500f3ee12b99621f344d94725a7c136350f4498ee,3a3394393fae4bc0b83523262ba22fed30ac20f0fd9db64988e19e98b7b23ac6,2.3665375993587077,4,crewmate
e4d5417860b280e37c603f46a00da3a3a831e5983fbe610b006d66d844a19ad3,1,0,346,0,1,,151,0.0029131988994777203,0,0,1,0,2.9999440007377416,0.3581173992715776,0.06797409919090569,0.010351398843340576,TASKS_COMPLETED,1,4.049719300004654,1,5.818523800000548,150,57.4,287,8,0,de9b6409c1b1969595c29af13f736cafd597ce65113a2486258f34d309d4e661,3cdf14af450de17a94312c91b046c9a045a8fd921db72695f1b19f179279e3cd,2.251867300947197,4,crewmate
3b26597b68214796fe0727d5e754c15a75970a77d4cb4ed648562d338f4cefa5,1,0,288,0,1,,136,0.0025011003017425537,0,0,1,0,1.6971761003369465,0.29628199990838766,0.061480398871935904,0.008360598585568368,TASKS_COMPLETED,1,3.403680599993095,1,4.136508999974467,151,49.6,248,8,0,2832c7661e26f3c45bf40a026943a52058d4d267e67a3d9d9d1d5ace43e4cf78,35d6493cb19f595b7d221ea8570042f6071af90eb985f973b2a9ad320c1b824f,1.9605653996113688,4,crewmate
b26853cd6d22a37411d6195697db8db8116dde1b767bd8615f8583c6518e5f66,1,0,331,0,2,,136,0.0024366012075915933,0,0,2,0,1.6689631000626832,0.43158780166413635,0.07129700237419456,0.01051209878642112,TASKS_COMPLETED,1,4.648474400048144,2,5.3320868000155315,152,74.8,374,8,0,383ee43afbb6a81552da1bc71b51c48fd1e0d4e8a4f569f152a28ab5a90f43fb,4e8046f8aef1569d9cbad196128dd4bbc56d9b092e7cd1c7de52a6617e22407d,2.996867000358179,7,crewmate
d10335551b5baa76d48493a2aaebaea232ea542632987ccdcbb50cd6732f1421,1,0,343,0,2,,128,0.002332599717192352,0,0,2,0,2.875257599982433,0.46938389900606126,0.08525720064062625,0.01166839967481792,TASKS_COMPLETED,1,5.789432800025679,2,6.731914300005883,153,78.4,392,8,0,2a2fe4c1ea16220122d0056bdc44b14d79e7ec41b3b2f4d8feb74b5778efba13,be7ce9a7c119a25325d3f63ff9d51b56883826de4b412796a8dd982e256afb6a,3.1256080989260226,7,crewmate
804747fe14aac49912130b0d0ab88363e21e7d72e2ce34ecdad4ef31fffa5489,1,0,305,0,1,,101,0.001802200567908585,0,0,1,0,1.3395836979616433,0.30978860054165125,0.063824100070633,0.009714498883113265,TASKS_COMPLETED,1,3.6347070999909192,1,3.8388367999577895,154,51.4,257,8,0,b8ab8337427df592d815628188285038ded99f0c228e032ce75cd3db5018b9a7,b4ef7ca29f79178a72fbad3ede112f440871575aa1e0038216a8c09da8ff07dc,1.991320601431653,4,crewmate
1ee3dd44a709cd895d9e5f6f41d61056cee5a27278502ff2407d6eb83b907855,1,0,260,0,0,,87,0.0016454996075481176,0,0,0,0,1.1297776963328943,0.2440603005234152,0.06077030207961798,0.008203499368391931,TASKS_COMPLETED,1,2.5868206000886858,0,2.827205399982631,155,31.0,155,8,0,0692dce5177a8967b0c94bc4dda18793351b187e0229ee0ca46238c75e299543,b4def35f9f9d451a2c88ea30ae65e822bc9592bfb5806f2aa0b155cb2f6fcd7f,1.3015916001750156,0,crewmate
68f3eb3b503bbd8e16bf03ecb05fb3fe3563c2f4796b0ee448e78d976751a2d3,1,0,360,0,0,,97,0.002235900261439383,0,0,0,0,2.3375842976383865,0.3315612985752523,0.09144440072122961,0.01133150013629347,TASKS_COMPLETED,1,3.815557499998249,0,4.663490099948831,156,43.0,215,8,0,64a5213ab9ae36772b877e71b28af20a2fdda4ac08984b1e5696b0eef91e1233,defb070cfc6d2cef903f03fbf9c381fc53ff338cd5c96508759f5042e9295d27,1.7812826014123857,0,crewmate
2f73a27a8d31f33e473227e60f71923421380f02c3b8d14f2707702abf8fc704,1,0,345,0,0,,96,0.0020204997854307294,0,0,0,0,1.8581625955412164,0.31488790130242705,0.085554601973854,0.010481899487785995,TASKS_COMPLETED,1,3.531924800015986,0,4.104269800009206,157,41.2,206,8,0,cb581752e487b02858fcc4dfe9f0f8ee38cea781f29129135b6a42f4b95775a4,1ace7775a09dad552f3d84ffc698cec00799bea826c067fa2a855e2caa95941d,1.7323383011389524,0,crewmate
a5c654c2b00835f340284b377a14129266cfcf5aaaaeabd4a91ec323b108805a,1,0,329,0,2,,150,0.002805000403895974,0,0,2,0,2.4603908995632082,0.4203426009044051,0.0722457020310685,0.010460899793542922,TASKS_COMPLETED,1,4.7909019000362605,2,6.0570411999942735,158,73.6,368,8,0,0b76fc3025d2c133a0118650c77d5f172788d1d517b53128632416d71118fda4,467d8c3e222a32fb16c2c939cda97e7bceeb9a8e0dc370fe2a8315e4a48c9685,2.938045799615793,7,crewmate
fa9c54debc786b2ba5ca9d5d86d97fdb652d9f96b117c292aecc332c235dfc74,1,0,365,0,1,,129,0.0025031997356563807,0,0,1,0,2.604591500130482,0.3762950006639585,0.08653239975683391,0.010649799020029604,TASKS_COMPLETED,1,4.3703956999816,1,5.586166599998251,159,60.4,302,8,0,402b6343f8ca2feab0094859a47fd4f34b14d837d9ec02534654e6f0d5a53535,9f6bc6c53f054b84249a7e420feef43c97a6d910d4f643c2190a1cbe6f136f7c,2.3813038998050615,4,crewmate
773ff2ceeea64fccbff91d813368f0c2d8fee0684afe2de425be54a948a583da,1,0,287,0,1,,115,0.0019899997860193253,0,0,1,0,2.182672698632814,0.2897351991850883,0.060547300963662565,0.008188300300389528,IMPOSTOR_EJECTED,1,3.338735400000587,1,4.431635800050572,160,48.0,240,6,0,9d1c141c6973bf36fcdc3bd92da1359e431a755284ad32a7b964b053952c8fa9,b0e1eea9bd5471dde8e5674448e9d2ecca0d1266efa141c9bf3756489b496a93,1.78379780089017,4,crewmate
cfb4d60e8ca945a2cd4fd1b30e3bb3ade071e8a4794cbc45bed4847abafd502a,1,0,330,0,1,,89,0.0013534995960071683,0,0,1,0,2.295962701435201,0.35257329989690334,0.0716266994131729,0.009389199665747583,TASKS_COMPLETED,1,4.137785899918526,1,5.029614900005981,161,58.0,290,8,0,7d77537deb827c72af602ff49ac91519d9838bd1fc2b69557ab8080af511b4b9,ffdda182cc76c48b26f454dbfaa66f660d2645d9c5b1e08c7d618c40709c71e9,2.1854847008362412,4,crewmate
1c3f49856f05ec0789633ef4abf9b7b61538ff7fc7590fc92607308809f2404e,1,0,385,0,2,,158,0.003052500542253256,0,0,2,0,1.9038511981489137,0.48561329673975706,0.08376679732464254,0.011619201279245317,TASKS_COMPLETED,1,5.560637000016868,2,5.970621400047094,162,83.2,416,8,0,3554c784fe7911bc39ac9b36b512afa00fd82c129b9f8d5fac33982d518b3c4e,77a7d5193fae1b912013623398b089f57782a3ab044541319828aa1e1f4856db,3.3261961998650804,7,crewmate
0511e3f51e91795047f1fe6983bebfff99d6f4f93d1b331da5a72935ac642897,1,0,353,0,1,,166,0.0028876009164378047,0,0,1,0,1.4777770998189226,0.3587451003259048,0.07219600083772093,0.010012001264840364,TASKS_COMPLETED,1,4.375131599954329,1,4.384361700038426,163,58.0,290,8,0,73d09ca5e4f5473b9f766ce1d127bb8de50b6f0683f1a83eb4a7f1fb31476033,42584261c2a36b50164fd950ccbe596e55790626820d11ad2c397a71fb985787,2.340043999138288,4,crewmate
c395776a47d4c0ce2057abe35b9cb578a21799706015d932a5a727601818d899,1,0,341,0,1,,156,0.0029941004468128085,0,0,1,0,2.6544080999447033,0.3690530996536836,0.07030449854210019,0.010531000327318907,TASKS_COMPLETED,1,4.530156000051647,1,5.601084099966101,164,59.2,296,8,0,d8689bff28a850cf3709f3e095c9b0029b3bb41355b40b63df19684287da084d,cc159b7132e6db796cfd793d599881d168e6ae36b9bbfe63856fb5358c2b8e38,2.3685915992828086,4,crewmate
7773b5136112d6d7143d021e39d6b054618323625952af691bccdddca5d2886a,1,0,342,0,1,,134,0.002621200052089989,0,0,1,0,4.185851699090563,0.33389550098218024,0.06926070037297904,0.009540999424643815,TASKS_COMPLETED,1,4.507024500053376,1,6.802008999977261,165,55.6,278,8,0,a9e385b03718553e995b736f930b4febeee40971f92028708f26431f8ef8d181,e3339a1e47986c46bf8ff7b3806b448728ca1cd8b67163b4b2e6cac3f02995a3,2.0803661008831114,4,crewmate
5ddb1faef0814a4dfdf62a268bfecfc38739b77daf64f01f5f97ff635ff04786,1,0,287,0,1,,123,0.0023889002623036504,0,0,1,0,1.4946238014381379,0.2796615009428933,0.0618495000526309,0.008520599687471986,IMPOSTOR_EJECTED,1,3.5208778999513015,1,3.7568972000153735,166,48.0,240,7,0,9291fd6a93c9352223c88ab6a8ddc7894b460636e2b867d45d6da28883cbb1d1,4f29f516434c0372d555c83bb16e41af79ee6e84ee8dad3a82b8108309ab6c66,1.8040807014331222,4,crewmate
458b147cf688d8537b5de53144a88c713855632655600fecbc08ffbda8a38a33,1,0,320,0,0,,102,0.0020838005002588034,0,0,0,0,2.103339107357897,0.30717849964275956,0.07682989828754216,0.009635999565944076,TASKS_COMPLETED,1,3.700192300020717,0,4.243182500009425,167,38.2,191,8,0,5141abc6b778a6cdcb5ed643dfc62b74a5217963c59b95169076dc132164a4a2,6d9cd6b0c1e4de52a99cca7c47782810f67f7f586580354c405667eb8ae38481,1.6503231002716348,0,crewmate
81186fdcfb424c6d4b902d43fc4fdaa61d66ceaf34ea4c9fbbcc155cc19d0312,1,0,345,0,2,,136,0.0023904992267489433,0,0,2,0,3.102766303694807,0.4546306007541716,0.07899119763169438,0.011114800116047263,TASKS_COMPLETED,1,5.755738000036217,2,6.932318500010297,168,75.4,377,8,0,8887f7f70f23c79ab21e9bac86554ac0d76805b8934626696eb9ebe6cf0df31e,fad3f8aaf2407b68536f3a9183ec4ad77594a1a910a91993c4f4b3f0bd2bf03c,3.1253231981536373,7,crewmate
3887ee5980780ebd1584fc4331c3ffec9583c3816cc38ee75cdaa90c8eaeeae2,1,0,294,0,1,,98,0.0017678998410701752,0,0,1,0,1.8914830991998315,0.3099770003464073,0.0616718006785959,0.008742699632421136,TASKS_COMPLETED,1,3.8177984999492764,1,4.329008599976078,169,50.2,251,8,0,315b21cd2253daa1eddb96d8ee0556772cb55161e73a1b03feadcb6bc6359b9e,960444d6f8705fbd37f694063aa487ae314bb1d1f32f35603147d203cca143eb,1.9407966989092529,4,crewmate
a438695709a7683e37ac23d91c46ef470d27196a771fc265aaf69077b8cdb451,1,0,397,0,3,,146,0.0028245983412489295,0,0,2,0,2.1513157970039174,0.5278908999171108,0.09793990128673613,0.012883400544524193,PARITY,1,6.150533800013363,2,6.591054199961945,170,84.0,421,7,0,99dc4f5c8a3eadf6172559fd68f37de627ea573f2a1f38bfc5b6610cf041daca,1e8204d4d724b57d9b160f76a932509ad5d718a191e48c148cba3ee4383c0edd,3.6129074009368196,7,impostor
a2d0f3410aac16c94d3f1a8ccb75635820e457ee39a84274ed10cc7fa709b728,1,0,361,0,2,,145,0.0028102995129302144,0,0,2,0,2.6779166981577873,0.5153487998759374,0.08714790060184896,0.012232799315825105,TASKS_COMPLETED,1,6.040656300028786,2,6.997865599929355,171,82.0,410,8,0,afb102062bb39d2c658fc9006bb1b18335a1fd771b737d75f73149eb0bd5d664,ee316441e88d5d9a17dfb7676086998cd9bd6462d560f649af346f89cb588ecf,3.518761098035611,7,crewmate
5cc8d8c0a90bf2903ef7f5fcfe4249468082b2d3d8c739b66797f0b0e5da0f1f,1,0,299,0,1,,113,0.002315200283192098,0,0,1,0,1.8373429995262995,0.33892290107905865,0.06714050052687526,0.01005170017015189,TASKS_COMPLETED,1,3.910054499981925,1,4.61159270000644,172,52.0,260,8,0,58bed0bf7a7b2b52d6452ec3c0c0a8cf1daa04d4b106aadb8acfc02317f796c5,13d781bd2ceb3003068de2a842b1e4dd6e15ba0035cabf7dd49b8186bce4b398,2.2269069987814873,4,crewmate
f368719e32cd0184421a565cd7d0a422ddc489c70b162a4cc79eb5273275c55f,1,0,286,0,1,,115,0.0022948996629565954,0,0,1,0,2.235364200314507,0.3168068996164948,0.062471300014294684,0.009630099986679852,TASKS_COMPLETED,1,3.5936262999894097,1,4.7494525000220165,173,50.2,251,8,0,c5fdbd5b6c3cb7d3749d57dca42a7cca71c710119e03e797a09050a0079d1e83,c5130c6a0a9ca7c7f2b98af1f4724d28878e813f4cbc6fecfd43b6087370af85,2.006215300760232,4,crewmate
97104cebba4673b66ff22adaea2d32cb38cd044b3a890e56ff76455d015db6bd,1,0,117,0,1,,118,0.0017933993367478251,0,0,1,0,0.8011215997394174,0.1553124989150092,0.021984999533742666,0.004424100508913398,IMPOSTOR_EJECTED,1,1.9621650000335649,1,2.2783355000428855,174,27.6,138,3,0,38ca807485ac7617a3aed97da98be336cf3b2332bb582bf91ce6d9561e940839,39d0176a222d525f1b0dd04bbd69679b15764b0a84b89dbfe21ae9233b657954,1.219334499211982,4,crewmate
8818373ad41ee5b463f53253324b6ced21b0ffd1cbaabc8294aba6f9975d2184,1,0,431,0,2,,169,0.0032169006299227476,0,0,2,0,4.082851899205707,0.5722380994120613,0.10781649965792894,0.0144527010852471,TASKS_COMPLETED,1,6.829748900025152,2,8.882698599947616,175,89.8,449,8,0,def8e1f94124336bd7c58b50a49be5d01b46d3f64ac608a86ea277b3667a28a7,45f13d4321a3d5b3785ef4ec7196625ace1158076daedffd1389acb9cb5d94f2,3.9161887988448143,7,crewmate
f7048248cf47996b096c7f2cd0c91a00ba0c8b1bc2243d5bbe1e8c3ffbbf5274,1,0,314,0,1,,136,0.0025723992148414254,0,0,1,0,2.9289471986703575,0.35797160118818283,0.0652645017253235,0.010343600297346711,TASKS_COMPLETED,1,4.279980599996634,1,5.741144599975087,176,55.0,275,8,0,a74deedc6a5b6455175d96a5d968b8a5d7a9a2ce3ab635e6c69ecda2b9f7d59f,00f5a9f3cd26a97f100fa34cc4b23b3a17ac446a71e0edf15039300d44761b72,2.2565483012003824,4,crewmate
48af8df971cd630041fea4a6556652c6049b91da45b44b2f95b6ca7edc7f30d5,1,0,335,0,0,,97,0.0023070003371685743,0,0,0,0,2.2935798005200922,0.3184925998793915,0.08311659819446504,0.009531900053843856,TASKS_COMPLETED,1,3.542208999977447,0,4.522269800072536,177,40.0,200,8,0,a52d48dc2380b4164f28bd91f7d76f2d675bfa07c3bab365e292d425a071e717,6b5bb2e95c58a7985bcd5031c4a4a183e5116d60b5d6dad17e495237b86639bf,1.7170273987576365,0,crewmate
2942aa185934e61797b5b330a9a840d27efdaa7e8eadb10c9bdf234774a8dafc,1,0,334,0,1,,122,0.002156899427063763,0,0,1,0,2.3585425006458536,0.38996379962190986,0.07298850023653358,0.010301000671461225,TASKS_COMPLETED,1,5.168162200017832,1,5.483225799980573,178,59.2,296,8,0,5bf0171a52036d2bc8f379cf14393afb7595a05e1275c6eeba53d38711b0b273,827196e3d5cd86953c3413b3f0ff5dee3639147d09359a4dc888de495f6a54b7,2.5252199986716732,4,crewmate
578b7a6e956d04c2da229b687031d082ac73001874865d3fe0a201ec89d1c8a3,1,0,346,0,2,,155,0.0028029991080984473,0,0,2,0,2.369516999926418,0.410994800622575,0.07455400063190609,0.010950600262731314,TASKS_COMPLETED,1,5.397286599967629,2,5.896667100023478,179,71.8,359,8,0,c812aa8c79aa09e86d11155a38b715a153b9a0cdff563b190593077e65b18230,a55c4cf54f7802caadfd310972b977460168111d31dc0d03e83592e4e551b74e,2.8771700985962525,7,crewmate
a48413f4c43ee3969177c4cf87c76c9ac0eb90872fd663f86b2d50fecc5ba004,1,0,211,0,1,,127,0.002477099886164069,0,0,1,0,1.423407998867333,0.22776589961722493,0.03563899977598339,0.006628800299949944,TASKS_COMPLETED,1,2.4999731000280008,1,3.317888499936089,180,38.8,194,8,0,1353283c782a2af09c9171dae26d0023eaccb2a3bd1615b1eddab2cf649c1df0,5080436b713c805b6b7a87174d1994de3aa3daa5c7c5c25cfb6b1561e031d144,1.5312645009253174,4,crewmate
75549875b12ccb6330d46e6362b4aa309f438b93b55ac548447dd7cac3bf788e,1,0,285,0,2,,141,0.002447497914545238,0,0,2,0,1.4365960019640625,0.38954820134676993,0.053052398608997464,0.009745100513100624,TASKS_COMPLETED,1,4.67573859996628,2,4.780252699973062,181,67.0,335,8,0,1042fd13dbdad4d8d46b2d1a47d38a5f17d0eff236c81383b2ccd529ec5bc459,f9f3decc2457759669d74ceeb6689395e6c9c6b6b434012d6d4344477cb379a7,2.7457186998799443,7,crewmate
e91a5ec118352b4c9c1cdb148361e00e1b4763984a68b3b8c8a7a8577eee45d3,1,0,230,0,1,,121,0.0020808002445846796,0,0,1,0,1.3846083026146516,0.25869129970669746,0.04764779971446842,0.007230199873447418,TASKS_COMPLETED,1,3.3269746999721974,1,3.5120475000003353,182,42.4,212,8,0,63b9d1c9a491f937835026d5a86d076062fad7953fbf6a12fa065f83c4258f63,6d6642d4dcb9294a9e15c9cba32f45571295f75bc549483f1e51d906f8de3642,1.7144556985003874,4,crewmate
4f05869e8ab4ef9b8c949016e99203e09b9bf7518cd4f49a8de7977fbd6d8053,1,0,401,0,1,,192,0.00387929892167449,0,0,1,0,3.221194997546263,0.5010954005410895,0.10605590115301311,0.014414400444366038,TASKS_COMPLETED,1,5.488358200062066,1,7.302928899996914,183,69.4,347,8,0,4cce7939342d30b13a030815f8713869ce8d1f12f5377ca0e76ddd5917e283a9,1ac5c47f944cbac2af0f690a0d71e3b2d746d4dec781c100fdfba19718d5459f,3.2875051005976275,4,crewmate
c66b61c622d2aecbdd9d021a13512f1143b92aa2443655dfe0e6e5c0e5470a84,1,0,363,0,1,,147,0.0031447996152564883,0,0,1,0,3.9223453955492005,0.3958300002850592,0.08809660177212209,0.012414999422617257,TASKS_COMPLETED,1,4.756821700022556,1,7.063823899952695,184,59.2,296,8,0,a81c5b5239504fb15073cfb5e3372136fe87485b528d62397eab37569ce6ccd4,2582d30066830e050079948e52ffc1bb497265223a8b8068b978928325b9f9d9,2.4988350997446105,4,crewmate
c0145e2affff5e3f218bcbcdc3d05bbbfc870087f944aa16d8e9e0aaf9e5c5b5,1,0,318,0,2,,161,0.003213699674233794,0,0,2,0,2.195805599214509,0.4451312009477988,0.07458869961556047,0.01149449881631881,TASKS_COMPLETED,1,4.959677800070494,2,6.054915799992159,185,71.8,359,8,0,3ee9658c4ac0398524082d45bb354b4e67fe6a8a387e745064d6a163edf2ee4b,7b69ce0da51b8f01e7f158130e15dac94b59117508f8a38b8a71a734a1db8d79,3.1624277979135513,7,crewmate
b4ba78af0cf1c33e53d1deb7d567ad4b1b3f14eb1004bd2d110ab1af7fcbbb7e,1,0,117,0,1,,94,0.0017348994733765721,0,0,1,0,0.8137838966213167,0.15973210032097995,0.027452701004222035,0.004058299353346229,IMPOSTOR_EJECTED,1,1.6735985999694094,1,2.184501999989152,186,27.6,138,2,0,bcef8ae04756fc2ef3f5a83e7095ebc94ac06312fabda32ad40993d041f37642,dd752c27fe4ae4e93f18e121b8aaaf63174f75c602bb7b9175ebe99389f76baf,1.1104187001474202,4,crewmate
cb69953518629fa8049a12aaae09feb612ef151acff691c784eba8fc6bbf7ff8,1,0,234,0,1,,105,0.0018945002229884267,0,0,1,0,1.785987999290228,0.26744640071410686,0.04416730022057891,0.007740200264379382,TASKS_COMPLETED,1,2.9316700000781566,1,3.984923499985598,187,43.6,218,8,0,43c04e4cb20837ebb047ed3a89609bb3443c3b423969ed9dda359005522a0e8d,023663b958b0fb2fbdcfd14a39190f28d00601f1540e3bd36240a37d9fb36e8a,1.7760172014823183,4,crewmate
d3aba285f2d451ad8d9fc2659cc48954458ae2ee245871adde9faec51bcecfe4,1,0,438,0,2,,188,0.0037449003430083394,0,0,2,0,3.766733703087084,0.5774399992078543,0.10780399851500988,0.01539870083797723,IMPOSTOR_EJECTED,1,6.725116900051944,2,8.609947399934754,188,89.4,447,7,0,ca96026201d075bda1a87ec4eff2d9aee0e15fbfb385dbce120de82efd356140,c0504d73e6917b9fc6cabeef65028a282e65d010a43febd2c0a8b10552099529,3.941874999902211,7,crewmate
765e252e18078278c5be387672f24eb9caaf3cb9287dcbb836ec785e6e5c3e0d,1,0,301,0,1,,110,0.002174300840124488,0,0,1,0,2.0236374015221372,0.3309157998301089,0.06557249848265201,0.009187599061988294,TASKS_COMPLETED,1,3.9146446000086144,1,4.651111799990758,189,52.0,260,8,0,58607ed9d6575b0e544cc1c7ce90309915a6d33fbcaadb3044790b9340a54628,7fab48f98df306b936952ddf70c2fe0e9020408cf53bea8b6fe0f59a851277be,2.1040505992714316,4,crewmate
eaa26b642b336782c5d7e8691882b1e60311389b805651c0aaa27107f56c9395,1,0,442,0,2,,208,0.004165199818089604,0,0,2,0,3.4886528017232195,0.5775523993652314,0.11386950081214309,0.014830300700850785,TASKS_COMPLETED,1,7.291645199991763,2,8.39402180002071,190,89.2,446,8,0,cefbe4344991c75ddad1c64d440c30a852b89ef91fa1030c5b5fa246de89bfbc,b75ae43d757af9f31946d70daa35d1d37914d39fe277dac23bc67726f5c6ac69,4.00124519970268,7,crewmate
b1ec2ab90a42c5272a87f0a1261ee14babb0f85de16b884ff06229d5d3cdb58f,1,0,305,0,0,,120,0.0026321999030187726,0,0,0,0,2.8675873950123787,0.30171969870571047,0.0767450014827773,0.009527500718832016,TASKS_COMPLETED,1,3.3066802999237552,0,5.005573600064963,191,36.4,182,8,0,34dc7fcaabcfa86dce8fd4b2b6b6529f59af6a6d9e5840ab1066f0b9c0ae946a,61d4dbd7e0cc1642b7e81a806d286a104ad29f16042b7eeaa17e14112d6d977f,1.6488730005221441,0,crewmate
0075b720a584dae15c1957e80e7216a47c62c12be78a86136f5dfee3760b00e8,1,0,254,0,1,,112,0.0028314997907727957,0,0,1,0,1.4514267011545599,0.3065085995476693,0.0567989005940035,0.009126398945227265,TASKS_COMPLETED,1,3.4474269000347704,1,3.895493699936196,192,46.6,233,8,0,9192c17d10f0bc760286d8aebb4c2ab5188c196de0e1b6e42a6729b26cf7129b,51b55824b1da4f83c5e28f71246e6ee44a474173f83a8e61adae1fc514d04808,1.959799999720417,4,crewmate
5622b65a6d205595e6acd510b9c2883347701f444e5e5dd0a8282c1c31e16a88,1,0,297,0,2,,133,0.0026529986644163728,0,0,2,0,1.7384466995717958,0.4266194998053834,0.0613829008070752,0.010716200456954539,TASKS_COMPLETED,1,5.134108899976127,2,5.464902300038375,193,70.6,353,8,0,4173ce2d1dd2b1f3ae9e64f88ff65a287741f1bfe32e225158f4f461d3399b1c,5442e75346eb641642c7cf3b0eb48d4a908a32f69dbc43115471d75357700555,3.072674399591051,7,crewmate
e5d2cdaafcc097f217649b9db7fb4b9f623693ba13df037cbd3f2d3305605b0f,1,0,301,0,3,,142,0.00250669929664582,0,0,2,0,2.0202228002017364,0.4348150013247505,0.05534369999077171,0.010801099240779877,PARITY,1,4.993182500009425,2,5.821153800003231,194,72.6,364,7,0,3e11afbd90613b19eeea2b19a6d61f73cd71636e6af0d6fce7508c2ea983911f,3a650f2387dafbd09e936f3a814ff25daae625f7e6312c1865104bfb0f521da2,3.1386863017687574,7,impostor
39e9160e26cef8fc6069cc32b64bfb4cad7371258bf6b9c1f523ef3c252f3bd2,1,0,332,0,1,,134,0.002938399207778275,0,0,1,0,2.8057173994602636,0.36997570015955716,0.07994230021722615,0.01071990025229752,TASKS_COMPLETED,1,4.414453399949707,1,5.745712100062519,195,56.2,281,8,0,b2919bc895e22faaa9a13ac91a70574025eade17d7911a392a1de48733fa53d6,ae9eff4c2c49384584504be4388232ca12ae19b9765e914f5e36def511f4cec8,2.348888700711541,4,crewmate
c38177d2956e55e8c08820b2271b0a3133a0814597e7765170933bb6dd85277a,1,0,240,0,1,,98,0.0020505014108493924,0,0,0,0,1.586630902136676,0.23320420109666884,0.05100069986656308,0.00728289969265461,TASKS_COMPLETED,1,2.419983300031163,0,3.284063099999912,196,28.6,143,8,0,18583f391e4c5e68036c87f516ac97678c5990fab72e287ac10ce82e91959e5e,3ec51bfe90c62ff14d3dbf1eeb58c0561ea711362ca3c47a772bb14ee762e666,1.321039700647816,0,crewmate
3c7088ece2c0e6dee4e13015b8e434a07b4e0b767d8541fc4effd359d567ef7b,1,0,300,0,0,,117,0.0025900996988639235,0,0,0,0,2.212302096420899,0.2949636987177655,0.07188670220784843,0.00996250007301569,TASKS_COMPLETED,1,3.5071896000299603,0,4.362980599980801,197,35.8,179,8,0,6925a8ff04e60da826bfc726bf14108660e2cd65409a8268ff79b3d3dda41f5b,716908a7ab66796a465f1e8f6b620b4d7dd551677b0dedeaa6c19442a48c4bcc,1.6785526988096535,0,crewmate
c2a548163811fc6298dc43d5f3a5af87a73e81dd58ea1ccf1cc5d22d76a39f09,1,0,396,0,1,,129,0.0027113996911793947,0,0,1,0,3.259622302604839,0.46816570102237165,0.09817779902368784,0.012677399907261133,TASKS_COMPLETED,1,5.935131300007924,1,7.0060772999422625,198,67.6,338,8,0,5a25eef8d83842c826d1951eee20843e7b9278119f0df7c54f83f56c9d8586ae,87545e7eced7c47421028a942b63e05eeec8713f6423ad3987288973395cab23,3.009556101751514,4,crewmate
6f2bd5ad6c8c354379384745780c34ac3a5aca79f97e04bf1a5b872cd18bcef7,1,0,314,0,1,,134,0.00249480118509382,0,0,1,0,1.818159801652655,0.3955448003252968,0.06649460177868605,0.01061070035211742,TASKS_COMPLETED,1,4.456485800095834,1,4.977987500024028,199,56.8,284,8,0,6a7b9c9b990f1e6d49d02ed87076a0a84bc7474a63d76b8e8a12d122968e4a8e,6ac9274e88a3680508ce68dd5b94ab70055fac0edc1c453053da7bbd974a4803,2.543020498007536,4,crewmate
c2ba574ac4a0ae8816818e346a2e68d77953d2c221d1f11d5d62cdaaeba44983,1,0,401,0,2,,193,0.0038887019036337733,0,0,2,0,3.119630499742925,0.6488848021253943,0.09566149942111224,0.014315999345853925,TASKS_COMPLETED,1,7.175447399960831,2,8.587196999927983,200,92.8,464,8,0,d032154643df28464c37f16fc31c761bd92f71d70498576a5cab373dcffc7f7c,dc23079ac12faf166adadd317dd34d8ececb020da18017ea939e23c4a647c3e5,4.5023668996291235,7,crewmate
eaf5d42978f2c5f1ed664738a39c9d53c0eec2a41402174922401319b6d99567,1,0,302,0,1,,143,0.00308709975797683,0,0,1,0,3.299845597241074,0.39301039779093117,0.07597520248964429,0.011497001745738089,TASKS_COMPLETED,1,4.853557900059968,1,6.437613599933684,201,53.8,269,8,0,22dfb25753150bd89b0058468928f11d589a2e9ed020d6d4843d2238331d2704,201cf9c97956a7e73aec2fa76918960be9ade8436d01ae287df1bad516776d97,2.5173696998972446,4,crewmate
1aa773b610e56932728abb05b5f76f99f0c2080dfd7454a10ead04445688c358,1,0,297,0,1,,103,0.001969399629160762,0,0,1,0,1.4734104989329353,0.33938799949828535,0.06678990146610886,0.009783601271919906,TASKS_COMPLETED,1,4.19175430003088,1,4.1589460000395775,202,51.4,257,8,0,6ca50fdfc32f3048f1222f9e442dacd723e243b2afed40ccd9d5142bce025c64,90708c0cb85330d177c3f6e19709007107d7116322592495f17db90f6cc4b6e4,2.141427299939096,4,crewmate
d8044ecb4ff2c3dbb8b55df42bdaa5167e01fa7f4acab74da8959dba7382431c,1,0,384,0,1,,161,0.0031564992386847734,0,0,1,0,5.100751401507296,0.4917495008558035,0.10660179820843041,0.013991701183840632,TASKS_COMPLETED,1,5.942773200105876,1,9.023652200005017,203,67.0,335,8,0,9f8a887a6a12b9dd6d76d9103f2d99185d7c36302320ff6e74f66d39a13c34d8,f266139f365d76086ce6b444d1807a906d896cd35315ddcdb02f1ccbc0a8a8ba,3.1456399996532127,4,crewmate
7e8fe4dda2f124218ea0aafaa23890d1d518f073f374745edef44795c91a0f4d,1,0,253,0,1,,118,0.0023708996595814824,0,0,1,0,2.2973174015060067,0.28979630023241043,0.053818898973986506,0.008365799440070987,TASKS_COMPLETED,1,3.655432999948971,1,4.629343800013885,204,44.2,221,8,0,56594e7867bd68583c666e56853c75fec5668daa6ae80e1d9727baeec0ac9b80,9d8ed4a653bdab0e51a10f4e6e3908855cbf2d2890d04e5cea339a981cc66f26,1.8621217000763863,4,crewmate
d4b070101d8593439be559a18c858b42a6002535cdc426805c35215ec71cb082,1,0,252,0,1,,138,0.002790900180116296,0,0,1,0,1.5297414989909157,0.32488620071671903,0.06168430030811578,0.008888499811291695,TASKS_COMPLETED,1,3.6662288999650627,1,4.278552499949001,205,46.0,230,8,0,e371af50b287dfc1017d372e6a989b2521216fdf5b77e41530072d4be69c7b0f,135ff0739e883a1126b7f9410f2f3641212505f639090360ea5502b330c1bea5,2.225719199515879,4,crewmate
032dc2b876def0578ace4f74c1d97d1d255b0911589c498ce5a12c418e9db409,1,0,319,0,1,,113,0.0022747995099052787,0,0,1,0,1.778167299926281,0.3689916010480374,0.0766986992675811,0.01084799855016172,TASKS_COMPLETED,1,4.497534400084987,1,4.7214927999302745,206,54.4,272,8,0,237169ac1a31ce34cf7f7c9558fc8cafa75e7a20e2bc5e08587da3485558ed39,925e71717ce51d1bae649195bd5bfc8b671723321864f704953f14c161e9fedd,2.3584288983838633,4,crewmate
b3b677609d792b85dda121952c68fe0039bb34329878e55a8983d57380b2b39d,1,0,344,0,1,,110,0.002263099537231028,0,0,1,0,2.46130300196819,0.36982359853573143,0.08459619875065982,0.010880200890824199,TASKS_COMPLETED,1,4.586666700080968,1,5.365223299944773,207,55.6,278,8,0,425cbaf6e6a5ab0f1847fa610e4d220f38164a5be693541cbfa694f1a0c3797a,894c2861a9a4ddf9f296c705b202b97cbddeb5cbde8b6c81e917b94cca94724e,2.3042990011163056,4,crewmate
cefb522521f2058deb9c0f29669b4996464a8b1757d91924888e6d9dff3a82b6,1,0,359,0,2,,188,0.003940199734643102,0,0,2,0,3.9330236989771947,0.4977821016218513,0.09046049928292632,0.013870900264009833,TASKS_COMPLETED,1,6.309678600053303,2,8.297315599978901,208,76.6,383,8,0,12f28ce1500331c42c922cfb32ff617d8e21d2b2579aa610e3fb640d56b9d8ef,44bc342abcf3df03fe1dd3f440ff19a8eb78e7fa746674d2177cb7e505bc6f72,3.5710990000516176,7,crewmate
8788ac7c741de481ffce5cf8e9f72fe549e74fe2466a6fec5697abf74edc2d9f,1,0,230,0,1,,96,0.001761900493875146,0,0,1,0,0.8463533985195681,0.2593509998405352,0.04863240011036396,0.007730499724857509,TASKS_COMPLETED,1,2.6895648000063375,1,2.9320391999790445,209,41.8,209,8,0,dcc2c9c90d2a1c959ba11dc73efd3518819581fcefbac968752f8c124de2e96e,1f06bb3584aa1b7244bedd133d75d078c17b7bfde92c0b01214e064457cb67c5,1.6697577016893774,4,crewmate
a439a62edcbee6b3423311a29a833966a0825e285b0a495d87dfed482c66caa4,1,0,265,0,0,,86,0.0019252002239227295,0,0,0,0,1.7892337007215247,0.27113989973440766,0.06471639964729548,0.008259800728410482,TASKS_COMPLETED,1,3.1168262000428513,0,3.693097300012596,210,31.6,158,8,0,1aca8d81cece945d9da93efb25b932b1db1f94699112c73e88f553a0b073a860,4f734c8bd4b7a9f7899180d0b22898ed399b2b66236a7267d7b3f00d778ccf75,1.4703610992291942,0,crewmate
b1a1ebfcaecfeff3299878e71446fba467bdc5428f351b4918b45ac0b77a9782,1,0,356,0,2,,163,0.003654499538242817,0,0,2,0,2.5353961003711447,0.5676072998903692,0.09427620226051658,0.014344699447974563,TASKS_COMPLETED,1,6.098689800011925,2,7.4160070000216365,211,82.6,413,8,0,59333aa3d0e25244ebde7b020841c3283c44137f892179941375ef2dd29d32de,5c9518a08e59c653955f9168e5d1f19fe7cd529d4e8040899e56d9749b4fbbfe,3.997407700167969,7,crewmate
dcf3e17492ef0efbbf53b194991ed1501c79906c38525c6e28937c54d110eddf,1,0,345,0,2,,171,0.0035002006916329265,0,0,2,0,4.503589602652937,0.5508933997480199,0.09334949881304055,0.013388000545091927,TASKS_COMPLETED,1,6.010171900037676,2,9.292960999999195,212,81.4,407,8,0,7d7a3699d4a39e64903d66bddf14b36667a998b674bead9a4493ccc36ba78d0e,2ff8ab64ab84ee585546f2e43f926f2d2ed852a55e95baedcadc4459d1a29d31,3.9284482998773456,7,crewmate
aaf6e538057d6d6d7f14d4999a02cf6750e11e45a42c1dbe78e783b6dfbd1552,1,0,301,0,1,,116,0.002686399733647704,0,0,1,0,1.4173988006077707,0.3914385997923091,0.08571249921806157,0.012093100463971496,TASKS_COMPLETED,1,3.6491329999407753,1,4.585223500034772,213,53.2,266,8,0,ad74658acebe6d124699f9fbb65d4bd2521d8b7ade2cac2a6869c43b45d8596b,2ae5f13211b3e365e7c1293676cce52276cd0f623adb5da4a0649684814dfa31,2.5255459983600304,4,crewmate
d9ee64d505b71bc13b77d19106b2815800f9acb617fd4b8a9a82d70fd35ced3d,1,0,284,0,1,,104,0.0021318000508472323,0,0,1,0,2.2342161026317626,0.330151398666203,0.08054269780404866,0.010265599587000906,TASKS_COMPLETED,1,3.5682674000272527,1,4.827059000032023,214,47.8,239,8,0,92e920d08ce247423b3444c05fa1d653da081daf5ce5a65e2c09bf84c01392b3,96ff700d6b111182587b5751214ebf2c8f411572fa968f9a32edcf3d9bd93093,2.0390145988203585,4,crewmate
f13793cd7b683d1834fc37a63668fed6de4d2fed918018f2b6812271206acbb8,1,0,335,0,2,,173,0.003435699734836817,0,0,2,0,2.5603753007017076,0.5213631984079257,0.09000829921569675,0.013079400756396353,TASKS_COMPLETED,1,6.445399799966253,2,7.111506400047801,215,78.4,392,8,0,cda0252c593fbbecf34e4d14b897f8ed33af0b067d27cb3a9f16ecea6f66127b,2851bd20e8a63dff24ddfc5a6605b32687aed899fd7bae23e21176c5c55e0631,3.7382804005173966,7,crewmate
16b7bd9f8657f01d726da5d55a6c8fc6eb37633534c681a92ad6b63283107c33,1,0,290,0,2,,187,0.0035011006984859705,0,0,2,0,2.1756437990115955,0.4408211999107152,0.0593189001083374,0.010607599397189915,TASKS_COMPLETED,1,4.560042700031772,2,6.009229200077243,216,68.8,344,8,0,6f96de40197919f7dda02273e73505007bf0a530b0d95115c2fe44715fe2b9ae,0c73b5bb4702fccb72539aba15fa2d54aa39d8d3954553f1b90b4b9c2d4c7988,3.150541000184603,7,crewmate
1a86acf2e418f162b24def75cda4f8d745427cd72b53659b3c5bc5c92fbaf556,1,0,278,0,1,,99,0.0018782006809487939,0,0,1,0,1.807303998968564,0.31809159938711673,0.06929900194518268,0.009485399699769914,TASKS_COMPLETED,1,3.867747399955988,1,4.371941099991091,217,49.6,248,8,0,8149e59a75da115aa87bb0d7af6796ed478d51fded7e030a8361c44839247f8d,1166386da6afea187add92acdb484529875be7a20f1bdaa63493d8b39e0e12c9,2.047343699494377,4,crewmate
40c9f5c2f87aeb61c14c896a694aafd1a198c3d3bb263a9e1ee6cd2c4cebb163,1,0,406,0,3,,172,0.0036787003045901656,0,0,2,0,4.987320999032818,0.6360439991112798,0.10800600133370608,0.014946199837140739,PARITY,1,7.275921700056642,2,10.380122100003064,218,91.2,457,7,0,ef0ad4380912eeae6ef0a04d204b6e7ee9babcf556ef8d428c60bfb226886602,90356701ca995f2a711172c5b3cb35977048523d768611f44642ed942032bf88,4.403999701491557,7,impostor
5bde1940a15c9da900f9780666f32d792b656fa078343bbc7a84437733d87b7d,1,0,323,0,1,,137,0.0029500994132831693,0,0,1,0,3.525000500958413,0.40638490207493305,0.0901185991242528,0.01155550021212548,TASKS_COMPLETED,1,4.886376500013284,1,6.77226110000629,219,57.4,287,8,0,18a9c31a99827f54c77805863c1d346a44d0be8bebb18350c0a3eba1641dbc81,8ddb6be2a4a9ded9db1faccbfbbeb71b8deb3ba3c1ad8152ad3ed38aeb01ba4b,2.590943399234675,4,crewmate
941007e1f4301d9f8d71e57f5ef9872311d1e2b0c1aa30c6f3fa41cf46d4cd68,1,0,291,0,1,,150,0.003181198611855507,0,0,1,0,2.205309099634178,0.35106709983665496,0.07529739965684712,0.010525499819777906,TASKS_COMPLETED,1,3.709193699993193,1,5.081810700008646,220,50.2,251,8,0,b7be14b6511df0a94d321fcd72f969f3ad70248c2c1b0e02beb6fa9afda241d1,d7ea062b3e540d6aa3976590f88443cac68ab5262dedda0e6a7cb08643b1a891,2.2955979018006474,4,crewmate
89d9dc9f3969228ad8066f48b64ad11472a941acf47f87f2fdc7f0ce0d295197,1,0,225,0,1,,148,0.0028522989014163613,0,0,1,0,1.8310667001642287,0.27873009897302836,0.05477579985745251,0.008402000996284187,TASKS_COMPLETED,1,3.2465967000462115,1,4.189073299989104,221,41.2,206,8,0,00939b0178823dbc016aa798938cc66ac6ef56ebb7e8075e4f62d0c4649c1e34,cb180fcf4d2dcb97b41183d75dd1ad893819af3463330c8541cfb5427119ae5a,1.893205201253295,4,crewmate
e1b512d75e583cb0bd1e71b845747e64353ac2d8ebf6d8d3c688d9aad81dc452,1,0,349,0,1,,124,0.0025512002175673842,0,0,1,0,2.0968200977658853,0.40069640008732677,0.09926030039787292,0.012731099384836853,TASKS_COMPLETED,1,4.552036299952306,1,5.321220500045456,222,57.4,287,8,0,4f087b97468e48782228bae40b3ad61cca1841511a5699cc9b3c4f0284aaa382,dbb0f8506c1877f87a92fff7976d38b819e2b22fcf93926b6d59f52c1ca9a7d4,2.556265102000907,4,crewmate
5f823db344afc855a081e8255c365318e9fa8f596ec16be372f61dd4b666df43,1,0,278,0,1,,106,0.0021800993708893657,0,0,1,0,1.7384075002046302,0.3513692995766178,0.07350029842928052,0.010341999470256269,TASKS_COMPLETED,1,3.8047515000216663,1,4.583949499996379,223,50.8,254,8,0,cd761f903ea6de73fa18957cb459d70ea7e0582c8c6332513cd5f441fe2fda35,1684c04ab2be4104d1dc6a7bfb78382e163819dd877ad3684cfd1e43bdc4c6cd,2.2703133004251868,4,crewmate
34554be2766b5170f165d3b7f663f1e58dafd078e4fb81735f5b1a121f2d1557,1,0,284,0,1,,146,0.0030854992801323533,0,0,1,0,1.4988416008418426,0.31527969893068075,0.06468730012420565,0.009703699150122702,TASKS_COMPLETED,1,3.480166899971664,1,4.01978880004026,224,47.8,239,8,0,80b9f2fa0c6eaf49e9de1d730c8aa3e9a445716c4afacb05bd6a2659e29003fe,a6cd887bd6fb466b1cca43d423346fcc4d5156aa30afce98fa129b8ee11dfc2a,2.0107305009150878,4,crewmate
b658c173e86b61a62696994d8a5401c853d9ba7acc4ce8bf95986cd957840a1c,1,0,283,0,1,,108,0.0021259001223370433,0,0,1,0,1.9707543975673616,0.3401345998281613,0.06504310271702707,0.00949450139887631,TASKS_COMPLETED,1,4.2135473000817,1,4.645715799997561,225,50.8,254,8,0,3e24319723ce581632f47681a3efa9315556c28454b0597e27b8b20f071218db,eba58a97bec7afd0bc5910312d1bb64dfa777f3c3f7690c56cc7120b6449f30d,2.136812299489975,4,crewmate
7a0238327ced321cc98d6bc8661e8eca576e27068decff69e5b420b1518404a9,1,0,283,0,2,,122,0.002420799690298736,0,0,1,0,1.8476650988450274,0.3394598994636908,0.07543709978926927,0.01011810009367764,TASKS_COMPLETED,1,4.014680800028145,1,4.613067100057378,226,52.0,260,8,0,81a950a78904e3909ff3b10d7de4bec5b6a39b1afcf2c84579f77fb8e53afe2b,c75fb88c40e3f7f6fc582864376c0a7949356e36e9cb42032754a5749d971ae3,2.2078986004926264,4,crewmate
55f36b0ebb61f1de8e8d1c87b87aad4e5a6ce2c6976a7655a1dc1510f816ee15,1,0,355,0,2,,151,0.0027497996343299747,0,0,2,0,3.2361346008256078,0.5124273997498676,0.09161170094739646,0.012383401161059737,TASKS_COMPLETED,1,5.780330799985677,2,7.635570500046015,227,80.8,404,8,0,6215d936ce0c93464cea86de52f897a89bbae6fc7ed659e22655f358704202e6,bfa2cd8ddb19cb76ac2d9d1cfd87a2f8e8776ee625c1304770cb7af08c9a4b30,3.6087160005699843,7,crewmate
e24a99d3d99155562b82700dd7e88f8e309a4beb23d1d6f3b4c9611047e16a13,1,0,316,0,1,,151,0.0029936995124444366,0,0,1,0,3.6960388999432325,0.3877369003603235,0.06913629942573607,0.01103139971382916,TASKS_COMPLETED,1,4.301119099953212,1,6.752171800006181,228,56.2,281,8,0,81f350acf0b2c5ef10a6e0923341859edfa98962c41848658f1c8e4ba74c9d27,0da5d91d387063c2882ccd84d174f77b5b5e3dc0ddbc798426b4049dd600e8de,2.4530554006341845,4,crewmate
6b434c7913cc2e1bdd08e05b79922afb8640700126b49ea61a321cd6f13a6808,1,0,281,0,3,,178,0.0030065004248172045,0,0,2,0,1.682286199182272,0.4281089997384697,0.059523098869249225,0.009865000494755805,PARITY,1,4.859999899985269,2,5.372934699989855,229,69.0,346,5,0,fb803a3051796d239b0dbd7893b830b0f3cd0ed59d67cfc19c3981b74c67dfa0,a5e0de9a5757e590699a3e8f1830c5cd97967a3a649c5b3b2490a082be12d30a,3.0335042987717316,7,impostor
320b3942bc8218157e32752ced6292951756884eb7264c725ace4a818a115565,1,0,248,0,1,,114,0.0024011002387851477,0,0,1,0,1.0624776001786813,0.277748100575991,0.05381159868557006,0.007895600516349077,TASKS_COMPLETED,1,3.0135161000071093,1,3.3109430000185966,230,44.2,221,8,0,2ca823127458ee03955aa02defd7bf8d2dcb42004f1741ef86a338433b383b8f,12cd471fc6cae5f4cbbd5541d82b06e319ff230d6c971177d86409b27b78ae80,1.8034318007994443,4,crewmate
8de04f178875eabbbb88a8600dd5e45aaf67ae0691d2d8a5658fa376b4ad31bd,1,0,353,0,1,,157,0.0033144998596981168,0,0,1,0,4.22009410103783,0.3720927006797865,0.08522930182516575,0.010871800477616489,TASKS_COMPLETED,1,4.590547899948433,1,7.168850300018676,231,58.0,290,8,0,6f344a8da6e21e6e5215c4fac1cec518831f99d838845fbf6139ebaa21f48771,740a93ca07ab6d2f5a64710e555a0ad44cdc6c60992669a3804f9f9fbff9c011,2.3478014005813748,4,crewmate
76bf4e92044fef6638645eabcb7f24742f987261e9a85aafb91aa44b8424f791,1,0,253,0,1,,102,0.0017764003714546561,0,0,1,0,1.2483167973114178,0.2710784012451768,0.05577120173256844,0.007825198583304882,TASKS_COMPLETED,1,2.7948283000150695,1,3.3863349999301136,232,44.8,224,8,0,9ce04fcb776b42130c226c49aa3774187a25c6b826c7bfead268cfc912d8c38d,d61ae260bc967ee1360e821d52997c662a00760873d15f1ee249c4d28869e99e,1.7000276990002021,4,crewmate
534f32fafa1860a702fc4b3b3ca9bfbc6ae9bc03cd5db331b3075c89c4d2b5f6,1,0,340,0,2,,156,0.0030030993511900306,0,0,2,0,2.4102557963924482,0.4482138002058491,0.0697885004337877,0.01168969995342195,TASKS_COMPLETED,1,5.419820399954915,2,6.198534000082873,233,74.8,374,8,0,947b8f7655bb79c1fd286c665468f0b148c4053c0fc56f305e70dea50750ab91,8de74fb294b9a222489245f89a5812d529972386b1effc0487c1f58b98d1bbd1,3.1038388003362343,7,crewmate
b5bfab6daaf8f70d29ba0063d9b9995c68b763c7174a233df82abec8dc093cc3,1,0,375,0,0,,142,0.002649399684742093,0,0,0,0,2.7999315994093195,0.34854699892457575,0.09185979992616922,0.011040700250305235,TASKS_COMPLETED,1,4.223310000030324,0,5.3575062999734655,234,44.8,224,8,0,2847b9f3b71c9cdcb3003ec158418ca6fa0a0f17db28aabdde23d4848417561d,36b23bf49cbf233c5d57003e16f530dcb1955c57e0adc01a75b0b2228e4feeb4,1.9966536008287221,0,crewmate
fdb804fc3576996b67e729f835be386805b5c88bf0d0c4bc58608eb62dd81279,1,0,220,0,0,,84,0.0018310995073989034,0,0,0,0,0.5355197017779574,0.21141430037096143,0.041584898717701435,0.006567999836988747,TASKS_COMPLETED,1,1.9671404000837356,0,1.9936535999877378,235,26.2,131,8,0,89bd48bd98eb2541749e4268a74b69ab8f991587cf367654f29879df5d29fbcd,6543016362ca1c84372325ab2b0fe1a3e923d01abbaa065f974b1212a1c9d52d,1.127489099279046,0,crewmate
bfbf5295e0a976aeffd7ceed78b9767d9f751eaeadb2873eb21f6308de18fbed,1,0,408,0,2,,157,0.0030877996468916535,0,0,2,0,4.169552601058967,0.5924924000864848,0.10323979670647532,0.014897799817845225,TASKS_COMPLETED,1,7.267063700011931,2,9.176319000078365,236,92.2,461,8,0,e6fc30979aaf8b43bfce1a860b6daf7bb81dab82d793b693844a290c8fdb4d92,e9724f53db98ee7dd86d1d3522ed5d96b8a4ca1e8e4dd347237efa591ff8f994,4.090737698599696,7,crewmate
52ca954e804bc11da28c0fc8a82ce45b22f585f92b23f8f83bbabfcb863804e1,1,0,375,0,3,,182,0.003284299746155739,0,0,2,0,3.120761295198463,0.5426949000684544,0.09670640050899237,0.01265760138630867,PARITY,1,6.3398861000314355,2,7.7549668999854475,237,83.4,418,7,0,2150b153dc16c37c9a5ced04f20faa78815b1485817a14b6e9907ee03f472a5c,cfaa614cc14420fe4efec9f8b9c8765298a2b56520b71a2251e5fa7014c5403a,3.795314200804569,7,impostor
1af0f2bfe1614228c324a60707898f3fdc8f6455309f9c35a7d0e40370fe0912,1,0,339,0,2,,167,0.0033351003658026457,0,0,2,0,3.4751274024602026,0.4630681986454874,0.07294750143773854,0.012480300036258996,TASKS_COMPLETED,1,4.733573900070041,2,7.437912099994719,238,75.4,377,8,0,0e89fcb722d31cefe463100c982c6eec93e4f0ebe5ede88c0f46267d305a98d1,94a0448eb4c56bdd3709a6b65773c170eb7bcef6dd0e0c78cf636e93ccae0f1e,3.2377914984244853,7,crewmate
af12f53070029e8474b2a79342dba2e33ba39dee4d89c321b06e3db57d1f1fc4,1,0,334,0,2,,139,0.0026087990263476968,0,0,2,0,1.930375702562742,0.4380174989346415,0.06608520029112697,0.010497899958863854,TASKS_COMPLETED,1,5.043502200045623,2,5.664995300001465,239,73.6,368,8,0,fe293e8573bf241e8680601811aafc57afba5fff3c1aabecca5333ff1ad1283a,81980255b729fe6f7c99a7255f08f5ae09981a421d0e1a4baca7fc762e377646,3.0513148036552593,7,crewmate
81024b79a7f04fb92afa49b390bac992f3fdd19b1e435399f321d5d734fe6b3c,1,0,315,0,3,,152,0.0028698996175080538,0,0,2,0,1.6299197983462363,0.4528650988359004,0.05958809924777597,0.010483200429007411,PARITY,1,4.704221799969673,2,5.526294399984181,240,73.8,370,7,0,1a9ebba444e5c21e167e961064e12a311c69bf461fa98e5856cfc51680fc7852,4e922ee5cda32342ff7913ac88e1a902c23c7fdd7c1b32a20fc52873fcc23085,3.2022761004045606,7,impostor
7beedc63e3e8b0173f211b7497362ed0d2aad1a1a4fcc27ac31ba850bfa4e3cd,1,0,318,0,2,,202,0.0038350996328517795,0,0,2,0,3.2382829980924726,0.4641307006822899,0.07210050092544407,0.011387099977582693,TASKS_COMPLETED,1,4.9624122000532225,2,7.225132599938661,241,73.6,368,8,0,130ed94f5b50f4c6eaad165f8ec79cd12e73c51c22bd7a352cb126fe82ddc851,1208750cd1a3092478fc945236e0dc6f48b8098edf707014c06755f868593e56,3.2710158004192635,7,crewmate
311c0577e85beaf096cbbeda8b2796c73db93cc07e7571e2d00c00be67b7d6b4,1,0,350,0,3,,182,0.003792900708504021,0,0,2,0,2.167503400356509,0.5081811997806653,0.08710340037941933,0.013014501542784274,PARITY,1,5.3453673999756575,2,6.516860699979588,242,79.2,397,7,0,606f6800caf0983b2fcb16a959138250158e1feb86d1cdb86e40e6452d0d47a9,aad7221f73a0bb9a1608d55468875f2eb0e049a2f651bf913b5e178bcd363cac,3.5507341012125835,7,impostor
fdcc15ca3e58019df0b3c30a5305174f65d639a7185be7805a4b0b32d54e07f2,1,0,300,0,0,,103,0.00212459999602288,0,0,0,0,2.9013366028666496,0.2799103008583188,0.07205359975341707,0.009076100075617433,TASKS_COMPLETED,1,3.5151231000199914,0,4.908357899985276,243,35.8,179,8,0,b06a324754f167ca39ccfbff896f17dd529f8e9ca9056638ddf8272fdfbc78e5,c45025413b5f052c6feff2e3269b20f8459d5c49d1cf8fc7fea2a429285f8640,1.5513576003722847,0,crewmate
1567eff3a5a760c57bc63d4b215a413d0364c5cd116d7b528a496755c9dc31fc,1,0,336,0,1,,142,0.0028423996409401298,0,0,1,0,2.9889208988752216,0.34214080043602735,0.07610760047100484,0.010423598811030388,TASKS_COMPLETED,1,3.9994708000449464,1,5.7129660999635234,244,54.4,272,8,0,ae65633965155d916eec08aee8031f6d26b6256dea089b374196d978ae8f3e0a,ec81c9db0aa24a2f42c6c87862073d831171b3114359faffa67a0a5ef28a07fe,2.1624267001170665,4,crewmate
4d41db599a2975ccf381f582049f896b6e4fd23d8594b1285417c069b759a13d,1,0,342,0,1,,138,0.0024704987881705165,0,0,1,0,2.5141448967624456,0.3830899993190542,0.07653209986165166,0.011048301123082638,TASKS_COMPLETED,1,4.303280099993572,1,5.58026079996489,245,59.8,299,8,0,c5b6e84c336d2c73e146ffa35fc99b1fca59811a7c05d3b5d6de5345a733904b,530b67aa8c3e65ab309098a7f2fd8fbe8e88f5bd4360d449993703edcab6da00,2.4558154011610895,4,crewmate
6e23e25e119da5b4111026b3d9aea8eda9e39006fedd5b1a11885f617e7d634e,1,0,425,0,1,,132,0.0026990999467670918,0,0,1,0,3.005094903171994,0.42870570230297744,0.10625429777428508,0.013475399347953498,TASKS_COMPLETED,1,5.289176500053145,1,6.365585400024429,246,67.0,335,8,0,cdcffdcd20804310c2ccce4dadec2e766e1f62f9bbb9970f9789b59f33bd0599,1678cead185ef1c58a87448b66cdf83701b1bd8f8c41e6f9ce4241193fe7b57b,2.660886599915102,4,crewmate
2daffe62f30ac4ee315aa46b9860de0b7eea76f105a655e77e1f1edeb913dd1e,1,0,286,0,2,,159,0.002556499792262912,0,0,2,0,1.218106499640271,0.39884120028000325,0.05093790020328015,0.009244299959391356,TASKS_COMPLETED,1,3.976404399960302,2,4.704796600039117,247,68.8,344,8,0,db201f9894ef839a70f7f92fbe47861facccb27520208a24fb63bebfa0385287,657de375db5c890d6ab2733aab0a0012914de91681acbe328835b9437af0fe85,2.8756265997653827,7,crewmate
7106c97a2a271b79b2f3d865f3a26506125b593bf759bab85a59ad4d5f2cb7e3,1,0,300,0,2,,142,0.0026272996328771114,0,0,2,0,2.5442316012922674,0.3751973018515855,0.06927650119177997,0.009902099962346256,TASKS_COMPLETED,1,4.834637599997222,2,5.827911100001074,248,67.6,338,8,0,38eeac7e054ee93de33f48d951f107716226ff528a01cb232e86c55bf03df41f,859eb4352e9b103977735e0c2bf6625d47893c76ee6a8e79c1598f6221b9d697,2.689078999334015,7,crewmate
1ec98004bc3e9525dcc4cff8bdc2eb1c958f250586901eb2d9e7d9a105de19b9,1,0,312,0,1,,148,0.002819000859744847,0,0,1,0,2.2294317975174636,0.33536249957978725,0.0704383027041331,0.010174898896366358,TASKS_COMPLETED,1,4.0526399000082165,1,4.986818099976517,249,53.2,266,8,0,4c9cfb782705d82aaa3e75069c9dee98dd15ecbe8bf319327e3eede7bda48c25,2045c7ed444d097631b83ab1d26931c6d8b49e576fe483827c237a368b144bbb,2.215862100245431,4,crewmate
03ea34c3feefaf1b6a0e6ba8795b72186a74b54a107d95e0a7265adedf9dc4c2,1,0,327,0,1,,129,0.0025420006131753325,0,0,1,0,2.695966098923236,0.37256839976180345,0.07510989962611347,0.010435399832203984,TASKS_COMPLETED,1,4.4858143000165,1,5.696052799932659,250,58.6,293,8,0,d3ea5e44d0d2c331c5f3d6cd70fe101b42011dc6944ab10ad8d3b17decd8c1e2,47baae696647a06e2f451fc93b7a494573cf9752c8d583e2204ef8e94321806d,2.4156516001094133,4,crewmate
6482587e3d84a4eca0ab290e28e299a6c48b1ec6d0524d0d7707d8889be6292d,1,0,321,0,1,,132,0.0027372005861252546,0,0,1,0,1.899103801115416,0.3282165016280487,0.07338009867817163,0.009685399127192795,TASKS_COMPLETED,1,3.85175909998361,1,4.522880499949679,251,53.2,266,8,0,2dbd5f8315e940a8684c74951270ecc0f19b6b90356700416fbf690e225b4a0b,ee39d26ff8420dbd53eecd34ec32e53efa5182ae7fff0d57986eb5cd68c9007a,2.090889700106345,4,crewmate
dcc15330de5b1b7c36e86bf1b2e1c9db529c0619b6c814cbf0e38f2b8556f826,1,0,382,0,1,,151,0.0026351987617090344,0,0,1,0,2.284776598447934,0.38307569886092097,0.09207419864833355,0.011643400182947516,TASKS_COMPLETED,1,4.376434899982996,1,5.420655000023544,252,62.2,311,8,0,7ad0876b03f4b4a5f2f7f75718379d7253df0092cab9c55ce46836ecea422961,2e9a655481d9ab5ce74e0f8ab42770bbf54d1ce9c6fbe58e39b906a7514ff3a4,2.5111829007510096,4,crewmate
fa50bcbd6b3dd9f18fd38368ae8032aab7ae97e61816885a3c1d4a1587dee8df,1,0,342,0,1,,124,0.0023634007666260004,0,0,1,0,2.1693665999919176,0.35639339918270707,0.07586239976808429,0.010062799323350191,TASKS_COMPLETED,1,3.9079318000003695,1,5.015344400075264,253,58.6,293,8,0,db99f06b2b86aa17b954c70643917d3ec210678ff6f990e6d78fd45a715230ef,606583183cc25fe5b6c1b9e20f6422af4c03004f252840048446a9baba1a9eae,2.2765154017833993,4,crewmate
18fea05201b0c9b60b4c14262b778427d19463e84954b0c6a15b3adb5d58190c,1,0,347,0,2,,122,0.002504699514247477,0,0,1,0,2.8514017009874806,0.37129759963136166,0.07514359871856868,0.01058310002554208,TASKS_COMPLETED,1,4.521117800031789,1,5.767297299928032,254,59.8,299,8,0,89c7b78a4ff7eac4c5cd2890c03fdcd3772cb8ad784c78edddb7232093ec3a60,27b067413117f399565dcc30653ee5b951e41f59f5bb70a40cff544981360d6b,2.3240847991546616,4,crewmate
9984ee96d4f1aea2fb5a4d57e329abb82710b5941c700e0d67bbea59dea369f0,1,0,323,0,2,,133,0.002322498825378716,0,0,2,0,2.511776099447161,0.3867679991526529,0.06737249973230064,0.009986999910324812,TASKS_COMPLETED,1,4.589961899910122,2,5.776324700098485,255,71.2,356,8,0,7464565b07bef9141016078b44015ae73f298bade479a7eb8b8e695b070e7dce,b16b1c2ace97747f8a5675986e91c8c379dbc191dfbc6eeb734c18cf475133cc,2.6594115004409105,7,crewmate
7d48a830aac9480bd59d927dc4a2618bfbb0c2df8b71c8231720720e4cb91d5d,1,0,339,0,3,,162,0.002690500346943736,0,0,2,0,3.1766882021911442,0.4461282010888681,0.08020129997748882,0.0104183005169034,PARITY,1,5.739823600044474,2,7.062105300021358,256,78.6,394,6,0,db028476af3176c87b43c3a079c1af2f0bcdfdae2c51bad465878c1cc666d1c1,ab4881e6904f978ff0ba62a545db2aa154b487480e9181233ccc53a17cf972fd,3.189040000201203,7,impostor
8e8c3f8e5c5d49b41b15461a6110a435d52a599fe8722ac175cb6c257fe05909,1,0,250,0,0,,76,0.0013124003307893872,0,0,0,0,1.6326678016921505,0.2218913995893672,0.05143239954486489,0.007166700670495629,TASKS_COMPLETED,1,2.4483465999364853,0,3.2310330000473186,257,29.8,149,8,0,abdee8e0c6ef665ac97843f277a5a5b15e3d3b20a3d7997fa4bc1d81515f77e3,208c5ec67619d9de94e0053c9ad4b94b7c4e290446e42b56b6fd3fc8890deb5c,1.2401269004913047,0,crewmate
0ceb5c13123c388a7fcb5c79913b9d5f33bfc658818ca5132a0fcda17295162a,1,0,322,0,2,,176,0.003102500573731959,0,0,2,0,2.0934176999144256,0.40700869855936617,0.06230180093552917,0.01047050254419446,TASKS_COMPLETED,1,4.5969149000011384,2,5.579033199930564,258,71.2,356,8,0,438586e5c1d636d9397dca0e0749250e12a64e5a1a10a9426aa55d3ce6b170cf,c64ef8836cde4affb293ec83f272c293f357741278b33186ad2faa4aaca5415d,2.8609657991910353,7,crewmate
f3992a64b3b5641ca0946f71ef7c98cb414186c7ef383bbfa04b3adb16beda17,1,0,378,0,2,,188,0.003589200438000262,0,0,2,0,3.4590564977843314,0.4707531990716234,0.07862830301746726,0.01208369922824204,TASKS_COMPLETED,1,5.749992400058545,2,7.487136599957012,259,82.0,410,8,0,acd45f33eddf0544f7b0a97f62f9d208ae7ae70c0367be0e20d49a0eec4cc32f,3b1118b3076e6016d0b0fcd3434b67613815b9ca5f4851ee8785714853e464ac,3.2984079984016716,7,crewmate
a1024cb40d3243c856823d5286b67b90abf8226e8293a1545cb5b7f077ca0e13,1,0,331,0,2,,140,0.0027078003622591496,0,0,2,0,2.3624192994320765,0.40070299932267517,0.07598520256578922,0.010212699649855494,TASKS_COMPLETED,1,4.813680000021122,2,5.749798699980602,260,71.2,356,8,0,aaff06d53413b02a4619bb9dfaa0464355cc53026228c35218b5f5e013e1cf2b,0525bf1231880fc0ac9b47266992623e96749a205d00eb940e0ed6bef17c5456,2.754204199882224,7,crewmate
7f72b4c11fbbb33f31b9d6b7806265fc121884a163a1de75ef4e2f97ba5b7968,1,0,474,0,2,,189,0.003636400797404349,0,0,2,0,6.392119102645665,0.5829293978167698,0.10643419821280986,0.01444400055333972,TASKS_COMPLETED,1,7.615656799986027,2,11.263147999998182,261,96.4,482,8,0,15f0f7d63955962367f7956fc8e6645fe3627f408b44fc33c2a7322aa8008c6e,cbee738753e802ef2b456c9a00775255950f2dc4c9da81770ec3181a9bedc8eb,3.973324199556373,7,crewmate
4be1b56a79781b9bbe969bd1b339c35e7a40df2f1680e0de283c7072217ca946,1,0,283,0,1,,128,0.0022972001461312175,0,0,1,0,1.8435441005276516,0.3023178008152172,0.059442299767397344,0.008546000812202692,TASKS_COMPLETED,1,3.6721101999282837,1,4.330263999989256,262,50.8,254,8,0,740feb3a54ef973f1a575d24956275885462cb9cf201cb55d7bb5175908f7ca8,9f46e5b258d91f2e28e807e8d2681d35e7034bf3dd5dc0ba876a1ece876dc986,2.0054643000476062,4,crewmate
af3f196e265f5f9ab59273e36770d68b82f5b203a2c3a3073294755e1a1f8e57,1,0,220,0,0,,82,0.0014142997097223997,0,0,0,0,1.9712861996376887,0.20276350039057434,0.04064199898857623,0.006105099222622812,TASKS_COMPLETED,1,2.2727149999700487,0,3.365510100033134,263,26.2,131,8,0,14d39303d35dd0d5b44495f35572f1183e7ecdf6cbf5830543c65d71b9efbf90,2137f57f5b70908a77b67608f2c3b5b40186c64fae70833a76661d902ef10e1c,1.0760266995057464,0,crewmate
4247e09614f7020eb22ca53847d976a3c7a18b478c6c5df699cfed0f5a2e01c2,1,0,347,0,1,,118,0.002281700260937214,0,0,1,0,2.1449180986965075,0.3860350977629423,0.085060402052477,0.011676002643071115,TASKS_COMPLETED,1,4.563672500080429,1,5.323266099905595,264,60.4,302,8,0,8a12f6676db7e3982c29a689df8194cb56ce9440524f1a36e920e16802fd368a,7a41496b886a28ee4554837429e6770b86a3dffed68b45da9ee1d0bfbc98b03b,2.548548401100561,4,crewmate
86c67755d8b7d01d18ef4774708bd0db08935d3217745499716f85c21ea809aa,1,0,293,0,3,,167,0.0029635007958859205,0,0,2,0,2.3224063023226336,0.4270736016333103,0.06515319971367717,0.010466699488461018,PARITY,1,5.161185899982229,2,6.052294800058007,265,70.8,355,5,0,31c7b3e77af445ba0ee71c8b09941b50fd29f7fe40388656702ceed344148860,5a5a4a0d86f749c74c1b451e6e120aeebe4f4e62460e8e325fad84d1f8af875e,3.0649686004035175,7,impostor
b93db7c1ac9e5b1ef6f5ade1c1062f8a6db3e1666c52a0e691c426a23ff9eb1c,1,0,330,0,1,,112,0.0021650003036484122,0,0,1,0,2.52317880326882,0.36240670003462583,0.07466339867096394,0.01031059946399182,TASKS_COMPLETED,1,4.156798699987121,1,5.3908057999797165,266,56.8,284,8,0,9a5a8346ca012c8412b090eb7739e5a6473e06161846d096a29e2336571993e3,f933d30893c5a25389ad8691107b9c923ac30bf47e9408c2495c0e3e0adcf72a,2.2884639005642384,4,crewmate
7138db60a0eead7e8a0ba4657bfd81e9bf7196cebf61ab83372a8983a9472273,1,0,234,0,1,,147,0.0028133002342656255,0,0,1,0,1.6093367037829012,0.2700131001183763,0.05089959979522973,0.008235200308263302,TASKS_COMPLETED,1,3.0809987999964505,1,3.91114970005583,267,43.6,218,8,0,b56cb28db4159e658ab9531d68d39ca78943fe832d7fb38d3387792efdb91580,221d04660372c1d914df02ffd4df3c42de706ccc56d3309a565cb50ff0ecaeaf,1.8668776991544291,4,crewmate
a59949c7339db0d7b6e0bc4e4ab3cd99bf5ad4b29b0ca1ec4e13ccae7a8a5adb,1,0,265,0,0,,115,0.0022738002007827163,0,0,0,0,1.9614963001804426,0.26208150072488934,0.06108009978197515,0.007909600157290697,TASKS_COMPLETED,1,2.6242085000267252,0,3.9022409999743104,268,31.6,158,8,0,6de8a8924b955ba825aba2b529f7f675740e5f58e19d977732dcd66eb7aa4b36,3da95a0203362575b658d77ab4c08cc5cdda4d5b776753754ca02a0b46a7a46a,1.5271035000914708,0,crewmate
d2e24acd312c717fbedbb5eddfeadac8c40713d51426985dec8e843be0257244,1,0,343,0,2,,167,0.003055199980735779,0,0,2,0,2.8564923993544653,0.48017540003638715,0.07820300210732967,0.011477100080810487,TASKS_COMPLETED,1,6.156677199993283,2,7.047868699999526,269,81.4,407,8,0,a36bf8ecfc697b38ae986277d31e6c45772d16b658b80b5e9f2b0091ba4ac5ac,3394f1c3b3eaba6f1da36af59e3d76fbbe58a968ec613dce78868361d6b04d59,3.4619790982687846,7,crewmate
ca6be7b16cdb583c341646c3d6bc17aded1741e4855db5414f30386d12462850,1,0,261,0,1,,108,0.0021125999046489596,0,0,1,0,1.564248900511302,0.26374400104396045,0.05446400074288249,0.007755900151096284,TASKS_COMPLETED,1,3.1338434000499547,1,3.7001030000392348,270,45.4,227,8,0,0460da7abd6abafa15c5db4c0b4cc88aef7c7d5f3629e08c5c212b015a27c8de,85fa52a989cc086c7f3a3ff646a60a3aff6d774348b3a92169ce80686a22c75e,1.708511198288761,4,crewmate
64f284adf386796020b78da8e618a3cf1f6bce0b3d56cae00ef515e80f7db3f3,1,0,326,0,1,,126,0.00246480037458241,0,0,1,0,4.384348297840916,0.39117639895994216,0.08066740073263645,0.01095490122679621,TASKS_COMPLETED,1,5.2250513000180945,1,7.565074500045739,271,58.6,293,8,0,60b73136ca617c6ce45b91b8256666d9e5e073300be146af9ecd961c9890f7ab,f40efb4cd9232c72efbb82f2d6e7de328486ce915c43ff3e9fa4ea63712ab239,2.5562109004240483,4,crewmate
b681a0cb8441ee9070d7d3fdaf16aa66c70574c2184c40a31068699114376324,1,0,264,0,1,,116,0.0021444008452817798,0,0,1,0,1.8866177992895246,0.2969241008395329,0.055372699280269444,0.008537699119187891,TASKS_COMPLETED,1,3.660602999967523,1,4.23829490004573,272,48.4,242,8,0,e1b7b442e153b285f78da11606094f84590f95ad6341e310ae9a8d0e94d7b792,8c6d6dd14024eb4f47c7d9fcac138d77240835b6ab882906842377fd9b48fba6,1.881657800055109,4,crewmate
634fb0950fc838501de3ae118f2c85ee9224ea33e44f323755a7732023fe099b,1,0,287,0,1,,104,0.0019882008200511336,0,0,1,0,2.723156202933751,0.33000759861897677,0.07618149800691754,0.009681200492195785,TASKS_COMPLETED,1,4.133050600066781,1,5.390886600012891,273,51.4,257,8,0,3dcdc364800d51adf9e288599737a2c27fc36eb0303428f5074b170a0cb902b6,85f83a48974a7d0330272365096bf8f032db7db6f4257c853f5a3749c40a8664,2.124967700219713,4,crewmate
fb5122a316478c4fc22029e38670c6b326f071b7a787a1aa8961137cb7f164b9,1,0,399,0,2,,159,0.003121699672192335,0,0,2,0,2.616746700834483,0.5064527983777225,0.10431399766821414,0.013382599339820445,TASKS_COMPLETED,1,6.021422400022857,2,6.930108499946073,274,80.8,404,8,0,93f2dbf37154907660feda462d470e18a798ae1d52bbcb9ae12196462935459d,5f4fcbe90b206046e4a39151fd7625321a8ec24ee4d383834fe1cb9576718e3e,3.492368500563316,7,crewmate
298ba94c6995a645966458e4baa180c15d8281203a5ba36d64871f213537e545,1,0,357,0,1,,176,0.003964900504797697,0,0,1,0,2.185190398595296,0.4019672997528687,0.1064850011607632,0.01211820007301867,TASKS_COMPLETED,1,4.970277499989606,1,5.528618499985896,275,58.6,293,8,0,f4cd81fca2773ba6fc20fab1233d8fa0fd2cb84bc169ba2fb37010609c3a857b,27ae32e97886ec91c25a28400ad1c4fa6db98aae90d4db4546a26aba91cf4d45,2.6649756013648584,4,crewmate
16c25d0b7f1c1dc8dfecabbf59d4070d80bb2646b12c2ad8e2f7a65aee9d3e82,1,0,344,0,1,,108,0.0022707992466166615,0,0,1,0,2.3834217007970437,0.39688889973331243,0.08961449994239956,0.012528500985354185,TASKS_COMPLETED,1,4.759314400027506,1,5.5236182999797165,276,59.2,296,8,0,ff9a921a4c640b4d2c758ac2dfc61a22e37f1104687ff7a0f059f49a9d5a5835,1680f62e888c1f1278835f3e1ea8d7a61b6ea70a31fb59745b96fef4778403ea,2.496656698640436,4,crewmate
1b6f6379f0de269008dfef4b397df41505115144f53ad6cd09b37a98337b2022,1,0,398,0,2,,154,0.0031720008701086044,0,0,2,0,3.2405547994421795,0.5953092015115544,0.10927269863896072,0.014479898265562952,TASKS_COMPLETED,1,6.6931519999634475,2,8.356017300044186,277,92.2,461,8,0,e413729010d243affe44fa7fd039eff4a64db6b0547839bb8bd2b47b456c32d5,f62f0700b313d9a375d852652238be4c0f567b92c0ba1bf4a3e5c2ef5fa94f1d,4.187470799079165,7,crewmate
ab3811a7900016a7c72a2c911a5ddbc28855e057de1b446b642042ea196683ba,1,0,285,0,1,,131,0.0025806999765336514,0,0,1,0,2.5250203025061637,0.35343270003795624,0.06689599889796227,0.009987800382077694,TASKS_COMPLETED,1,4.293702200055122,1,5.422329499968328,278,52.6,263,8,0,205ab0338a3a79b7e6c8a8fec109fe275149ea6110d619cc98b77b95df6771b5,a4ca3a69be406f0a5f165c66fbf8c953b333d8cdc359069f8ca63aa2e4693882,2.340656098211184,4,crewmate
bfb69a9238ddbf57b1921bdde451f6ead293eea4c0641a4b076235c002961e51,1,0,330,0,0,,147,0.003091099439188838,0,0,0,0,2.3445502987597138,0.32155960076488554,0.08551620005164295,0.010625900235027075,TASKS_COMPLETED,1,4.325477399979718,0,4.787487900000997,279,39.4,197,8,0,e9e839bab130104bc68bde7353968b78b66f69a32bdb535fa92539717d6c187c,8496df3a67b4f05fb1808768f97dae8da890a46fe2325d88a95d19ab5918bf60,1.9155181994428858,0,crewmate
e285120d5a541780690536bd140566c45780a9c5ee1353ff0c3e35799d8b3023,1,0,210,0,0,,86,0.0017404999816790223,0,0,0,0,1.5430968985892832,0.2090459002647549,0.043087599566206336,0.006942800711840391,TASKS_COMPLETED,1,2.7479316000826657,0,3.0241441999096423,280,25.0,125,8,0,04921f54eeaaf11610ebfd526a2f64660490293098af6f925ae2799fd34b14ba,33e4454f655587fcefc4c86fa115a2ce1e9bc1abba30c0b9d2557d2749c84f98,1.1489570996491238,0,crewmate
b6184756dbd2b69d1664784e17a348a7eb9e88ff5ab282522a4ddf950a143f0f,1,0,279,0,1,,156,0.0030777998035773635,0,0,1,0,2.2379602005239576,0.3393813988659531,0.05517800047527999,0.0102315004914999,TASKS_COMPLETED,1,3.778379400027916,1,5.0428534999955446,281,51.4,257,8,0,69434610876850e2de5d318bbf0b28b2baab3fe63f6d8dcd8f28a0dd70098c2d,daef8762b28477f2541ace8aceab6faa5c613b5b208e71897d1f402714e6eccc,2.272053100517951,4,crewmate
cefe49915c48b41d93f905c98db0edd5230bb49243ee2a5b2be8c45c2b127a0f,1,0,317,0,1,,134,0.0028075994923710823,0,0,1,0,2.123938199132681,0.36855790158733726,0.0838120001135394,0.011587699060328305,TASKS_COMPLETED,1,4.235395599971525,1,5.076977699995041,282,54.4,272,8,0,739bd80c3af7e83692c6af8c4ce87a170da44ac9b6c80c0ddaaf82efb89b3dd3,f6a1916f2a89bbb3ab3867fef463d19a7b86a2763dea781337d1a08871d0f4a9,2.3514784006401896,4,crewmate
7af4d97a4c3235729bead64f250cab74578d93eb75510388a070497cf87798ad,1,0,293,0,1,,157,0.0037874996196478605,0,0,1,0,3.5635208991589025,0.3674508004914969,0.07600730110425502,0.010778099414892495,TASKS_COMPLETED,1,4.363923099939711,1,6.611359399976209,283,53.2,266,8,0,6324cfeb27639708246198b335749a733629035ea806dd34f3d7d43574619453,08ae9004358942bdd584172394874d3fead93c92fa8518c212a91f16594289fc,2.45705669966992,4,crewmate
ba7f5103c1a1fc16a35e5505c9f6f088df9cb825e804c19f0cd159ff5e51457e,1,0,327,0,2,,144,0.0027817992959171534,0,0,2,0,1.6479411995969713,0.425690800184384,0.0728343017399311,0.011499100597575307,IMPOSTOR_EJECTED,1,4.621886700042523,2,5.215686099953018,284,69.6,348,7,0,bcadd4bef00e9dea14551aeab11294ee5a21e1ecdf8480e5e9feb113ca94bf9b,3d60a28ceb75b02cca1f881c2d26bd37694a51bb6d8863498a551fbb3912525c,2.888092099688947,7,crewmate
b8b63a705f26ceee1f855968c17ca259e3581751d5cbd828de156c3a8d710251,1,0,392,0,3,,143,0.0030714002205058932,0,0,1,0,3.2216398991877213,0.4762861003400758,0.09548109804745764,0.012902801507152617,PARITY,1,5.987376799923368,1,7.140718200011179,285,71.4,358,7,0,39bf2b451244b46d0acfd26f211f09af4814d9aed4434fd1a12a3fad6606a1a4,a81ec64aa9fc076447869e3e6835a2c97b9c4aa7907a962a4f61659aa99e4171,3.1541041005402803,4,impostor
ecbb2951c7e4197507d7b3c9d33ec20ae84562de80e2388346f3bb0252658a96,1,0,212,0,1,,93,0.001848901156336069,0,0,1,0,1.1529482022160664,0.24881210050079972,0.0554826979059726,0.007428699056617916,IMPOSTOR_EJECTED,1,2.7662460000719875,1,3.173050400102511,286,39.0,195,4,0,be455e0d2dbad6baf2675f41df8d39f1c1355f93d32aa193d9f0af06bb553100,51d82fcf634af92a0eb499c7247949710b00764d0844b74216fa30d96f152e9f,1.6080873010214418,4,crewmate
096e1aad13487d0cb186f868c5841593a2a5950bd6213facfe12f32ae2911d55,1,0,371,0,1,,111,0.0021200013579800725,0,0,1,0,2.745824303943664,0.4304704007226974,0.09475740161724389,0.01209550048224628,TASKS_COMPLETED,1,4.908772700000554,1,6.067067399970256,287,62.8,314,8,0,35bb001022dc2c6dfa3d1c31ceddf651343fe4c22941c16fe25e48cec97d65a8,3efd7739d319bf7948111ce5488a409066679138aebe109b0dd0247c6c973086,2.641399700078182,4,crewmate
f71e81a79040a1133c93dd692bba1d25aa909e1334486c86b8a39253f4a225b8,1,0,250,0,0,,105,0.0022810003720223904,0,0,0,0,1.8255796001758426,0.25292489991988987,0.0587811004370451,0.00819310056976974,TASKS_COMPLETED,1,2.8843335999408737,0,3.67009470006451,288,29.8,149,8,0,ad45b18b95715bda1791cc685980a7dc180ec5b301218c3b0763c9db66f9253a,4a670c5c4acd8bab91318f509d403be08301b81a5931e9c909aa2b8a5d8a64a4,1.4369646008126438,0,crewmate
1fd2849d0e1d01cb1fbdfca4686d2cc1330d8b6dbdbb08e4a87a62b4437aeef1,1,0,307,0,1,,104,0.002055599819868803,0,0,1,0,3.534291301155463,0.3504207996884361,0.07123980135656893,0.00970570056233555,TASKS_COMPLETED,1,4.299886499997228,1,6.315807599923573,289,53.8,269,8,0,b9fe5101e33cf97f575306f17baf33be8e22aae734561e73820e0ee2e80d2246,053411db7447d85fd838ba4785c0553c4f50e97bc80ffcddc43d8fddcb8044d5,2.2249179006321356,4,crewmate
ab28b9306d19048aedf2ccaf7340c216ec897787947219cdb8b59b9fe7065059,1,0,286,0,1,,130,0.0025988989509642124,0,0,1,0,3.133956302073784,0.2990005990723148,0.06003249972127378,0.009011702029965818,TASKS_COMPLETED,1,3.806497700046748,1,5.534780799993314,290,47.8,239,8,0,1e34c562484dce37fb40c041f81d584e15010bb27fe660b0f59447a127ee775a,0ec1fcc892b3b9cd121efe94adb3ca04a3121717876254b6639b00ae0731ab42,1.9160623012576252,4,crewmate
f64449c6fa03b675855f28bd120c469904478ab14f4b9a72cc504fc57e8b2834,1,0,267,0,1,,137,0.003058300819247961,0,0,1,0,1.3630209997063503,0.30803429998923093,0.05100730014964938,0.00908359989989549,TASKS_COMPLETED,1,3.5070334000047296,1,3.858225699979812,291,47.8,239,8,0,7f09a74d0eb6e34ba9243efc6471931cb99e0ee5f47f91370e2e885ea98f265e,142acd9779a025998c867ead0835b9bfe1c272bb32c8c10debe3e68f642d3117,2.0118202000157908,4,crewmate
938128d3decbe9b359265412d118ab861d004a9d91b8348054454dc600666ee4,1,0,250,0,0,,83,0.0016873999265953898,0,0,0,0,0.9489175005583093,0.23502719902899116,0.05818549916148186,0.007473801611922681,TASKS_COMPLETED,1,2.428611399955116,0,2.609061599941924,292,29.8,149,8,0,550652c2026897dee5706839518b1c32066abfd941a5ffdee14b363c43afb60c,cf0cd48c5c20762f8620aeb41fc138d7715623c0122a377e9ea85aac43b7b162,1.2814455004408956,0,crewmate
54d9d49f26cf3bb03c451a01c19f77bbd1f40c93982ef7371dd94b4dee233b6f,1,0,301,0,2,,141,0.0027809995226562023,0,0,2,0,2.667313202167861,0.39848649862688035,0.06754359963815659,0.010368300252594054,TASKS_COMPLETED,1,4.932855800027028,2,6.123921400052495,293,67.0,335,8,0,ab292261bafe4525d622bd9daa27b4c550b95edbf7eb3148234ff25e8cc8a75b,5d4f4752108abc0768c694580d798e1cdf8036401d28edf49d13db369b1492d6,2.827577101648785,7,crewmate
72676e4b7f5090814f3eeb519ba726d09b72ce152a0c6b1eb586f6fcf748c377,1,0,276,0,2,,179,0.0034172000596299767,0,0,2,0,2.559578100219369,0.3821572994347662,0.06134369922801852,0.00967940071132034,TASKS_COMPLETED,1,5.168890400091186,2,6.071699399966747,294,64.6,323,8,0,26f825ec7cc47a518b7b93999ec93918e5af107693cf424848175e1f6fdc63f6,73d3a88c5bad58fe3d9080a0e9b6357b66b4a25f10a00f0db87a5218bfe787e4,2.899679501890205,7,crewmate
94b10f99051d4aade0083c08cc7bf212e8efbebc82559a8296e58e227d268b89,1,0,226,0,1,,112,0.0021328995935618877,0,0,1,0,0.47355770180001855,0.2735018986277282,0.0465167990187183,0.00798500096425414,TASKS_COMPLETED,1,2.796161300037056,1,2.711464799940586,295,41.8,209,8,0,6fd455025d117670fa942cf37e3ae30b4cfeeddff477ba8d1ecc1b939a327f28,3555ca17281a6b9f35aad7e685cd05566639ab8f7c6cc9f3bb1ffc3d75cc4cfd,1.7942672992357984,4,crewmate
30e353a677b8e87fac88309f2d77e11e2a29b2b6c84dedcd883ee1a50831c91a,1,0,307,0,1,,124,0.0027047005714848638,0,0,1,0,1.9139816019451246,0.38167509937193245,0.07614750065840781,0.010703300591558218,TASKS_COMPLETED,1,4.942371099954471,1,5.023249099962413,296,54.4,272,8,0,f2822869d20237f3310c1861766bf63d0bef128b1cc1c6b5adc33b8dc9236a28,30d13173280f47893e5b5badd0823e14402f6373b50793f03ab61ab249f91c1a,2.495171798625961,4,crewmate
269559591f56a01e0ce3db7209bc175779313e38cf5da9481e2227176c422b7c,1,0,305,0,2,,135,0.002769999555312097,0,0,2,0,1.91334669792559,0.43568229931406677,0.07785489794332534,0.011638300842605531,TASKS_COMPLETED,1,5.198115500039421,2,5.674064999911934,297,68.2,341,8,0,0baf619454510e57029c09cee796ca0a466c5f728961f00c8c4d2b93f106d83c,a5ea9f099677113c46bf087e273ae7774b7344d0e9a765dc49b7001b103e8ea3,3.064775199163705,7,crewmate
30ebff1d1deb37ccb67db0c51633cab804661814f39c9ea408ff90af5e9852ee,1,0,264,0,1,,112,0.0024302996462211013,0,0,1,0,2.3761629990767688,0.30665200075600296,0.067206000094302,0.009685999248176813,TASKS_COMPLETED,1,3.7696668000426143,1,4.879172599990852,298,45.4,227,8,0,0271c6e1140219ec35c74e92371b35b3839a73e9652b65337de61e524240198b,081da44671b277852ba2e675aa5c0447447e7f9dcc74a6e533edee1530010044,1.9883663004729897,4,crewmate
3650e847f96682c2111465ecd38f2d38f49b0c4fdc7ed519bfd3addcd32d9aa7,1,0,280,0,2,,162,0.0036695009330287576,0,0,2,0,3.1193248006748036,0.42056149966083467,0.07482489908579737,0.011525600799359381,TASKS_COMPLETED,1,5.56929640006274,2,6.77650579996407,299,64.6,323,8,0,21b9b3da614c12dadc952c581be95533b13999cc9bdfc5d25cc74725d12acda9,aa46ee30e5133aa4746baf3d25c3a3fb5fd6ea5a7bd4c4695eb1006060146f90,2.982372700003907,7,crewmate
c687badd674a1948b8899cf58d2e2a2e77623309b0a53506dd34d333b09a154b,1,0,351,0,2,,151,0.00355330016463995,0,0,2,0,4.858124801889062,0.4748578005237505,0.08698080072645098,0.013358201365917921,TASKS_COMPLETED,1,5.714485300006345,2,8.938388900016434,300,74.2,371,8,0,e36ece2dac85b1b98e14ee07ba8b8125b01bf58e836c266d99d3fc87cb43756d,23c5869bc048910d44c5eac99f24741d1098cf9c4b8ad7145ccc9ece5ece5216,3.3111471011070535,7,crewmate
f0abc93ca1751fe15ed8ef35fc0396dcd7d3f06299b5444eb3800a9b10a5749e,1,0,331,0,1,,122,0.0028604997787624598,0,0,1,0,2.871816299506463,0.3799930000677705,0.09353839827235788,0.01265070028603077,TASKS_COMPLETED,1,4.684417500044219,1,5.824524299940094,301,53.2,266,8,0,174dc933b17d07c6dad7cc6edec841a6fb6445dafae32b48e8f3f0e50972bf76,a4b4c3d468222d7ffc972caf4660850a02371bd89ed000926d3f55e1065269bc,2.3211158004123718,4,crewmate
d566ab89509e996f8fe916687da0cb5f08fbe6b288a484f968cdba50e85e42a5,1,0,300,0,2,,153,0.003405800322070718,0,0,2,0,1.9977640983415768,0.39635030063800514,0.07305089849978685,0.01077170018106699,TASKS_COMPLETED,1,4.52865610003937,2,5.470322599983774,302,66.4,332,8,0,20ee799d10bc592ff58439eb846d63b76c83a09dded79922562d9a19284c127b,0fe3cf7d966d30e266978b0b5b298359026e36dbf1edd36037e99801b0c19289,2.8204832007177174,7,crewmate
e00b6d76675a68944da50269ab1943bcc4b17bb497054d3e237eda6ce93d4aae,1,0,367,0,3,,166,0.0039400996174663305,0,0,2,0,3.324611101183109,0.5583581997780129,0.10024250124115497,0.014648198965005577,PARITY,1,6.8981766001088545,2,8.147992100100964,303,82.2,412,7,0,a8d1f2762647c637adc68cd9fdc9a195c7a9f350b77e01545112cafd49b5fcf6,3354008028235c91c18aa76a176582e2a840c182d68c600eb0acfa47cf6c4d6d,3.9421742014819756,7,impostor
98bbf35146ae6e94085de0f67a42d04f342d8c347fa729cc8076370e6bf70b0a,1,0,320,0,0,,100,0.002382600214332342,0,0,0,0,3.446248199325055,0.3352037996519357,0.09191540093161166,0.01145310013089329,TASKS_COMPLETED,1,4.493919499916956,0,5.847223100019619,304,38.2,191,8,0,ffa96cd379366c17fe28d64f422f8566254db59203569badf992036e6a265736,75fe86774cd603c4158eae1186efeb7d508b9b2cb9b3c13fe51be044c329af8f,1.8469659998081625,0,crewmate
8769844050bd66fa66b3e1b6a455410d321a7043953bcfcb7e92e4c0e62f407a,1,0,296,0,1,,109,0.0026722995098680258,0,0,1,0,2.407124499324709,0.35946610232349485,0.08717129961587489,0.010621799156069756,TASKS_COMPLETED,1,4.8180205000098795,1,5.351872600032948,305,52.0,260,8,0,52a9f1d3d03d9a28d81c3f878e876d2133edcbcce6eb5cb68222900bf6d9a07f,895591de83047223760213effd1f3f811156a0a36d8581ce8860a43fc9fb04c1,2.349068800569512,4,crewmate
fbd0e6742ac9191480628ef9f73ddb7692d2cc8a69b5575c8e1beb2f9bab5f5a,1,0,253,0,1,,114,0.0025821002200245857,0,0,1,0,1.2599749005166814,0.31845279969275,0.06081870058551431,0.009171700570732355,TASKS_COMPLETED,1,3.8107625999255106,1,3.8747962000779808,306,46.6,233,8,0,65c636683b35fec678c47c864c8b9c655f28cb8020baf5a4c9c4a200ea837389,25842fbcc2622f27f69af9b732cd9799e45da3c8c28ff3f2b61b35e3357586ee,2.1005787005415186,4,crewmate
6bc680bf771847453355b848d4a96c06f32e0c8c91279a62bf108c46bcb2a220,1,0,235,0,0,,108,0.0022838000440970063,0,0,0,0,2.253994199912995,0.26443579990882427,0.06671069958247244,0.009051100350916386,TASKS_COMPLETED,1,2.9587161000818014,0,4.186310599907301,307,28.0,140,8,0,c80325088286335461f455f117ced7832e2d8314d0ce31e09b5458b6738489fb,aea2ae7960916b7f346306737c8d072d6df2ce4a0c855ee27ae7a4ccac6a2601,1.4920686994446442,0,crewmate
2fae83295b9d3b3e581ba10a369d41693882bfd1585950c92b1550a14a47cd1a,1,0,262,0,2,,144,0.003095699939876795,0,0,2,0,1.8456454003462568,0.42844810022506863,0.06832589989062399,0.010806799517013133,TASKS_COMPLETED,1,4.436123699997552,2,5.668723899987526,308,64.6,323,8,0,8195c6480b4ff94cbce1ede0de4305e328ddda69172f30568ef92c72fc1e227a,622ea2b55ef833064c53e87c26a80276d1fd94f8bc1188114acfecedfe9d49da,3.133761701406911,7,crewmate
4778ddf8e2993998f369f92d9b0160bdd87defba4a86cd5df92c9532acb5b289,1,0,259,0,2,,167,0.0036913002841174603,0,0,2,0,3.2918154005892575,0.41569589835125953,0.08059030154254287,0.01159459922928363,IMPOSTOR_EJECTED,1,5.549306000000797,2,6.997193200048059,309,62.4,312,5,0,043d4b7e63f793d0b59b85151fa16790add73954f802c8ba3c80b2f905e1930e,4fab55abac40bfceb2448d5d8b827aff310db25897fdc7f50200987cdaae97cb,3.026694101281464,7,crewmate
04f4ed1b5ebcfc21934794463888347e6abadd7948ad750627c52b37a92dcb9d,1,0,274,0,1,,116,0.0027389994356781244,0,0,1,0,2.7920249009039253,0.3763471005950123,0.08264139899984002,0.011256201192736626,TASKS_COMPLETED,1,4.034270100062713,1,5.8947940999642015,310,50.8,254,8,0,9d7c473dc1ec82f7d97a1a40a878ad4dd3843c2747d99327adfd5983d387d46a,c58a804e5f3ed0cb1e09ada9cc65dcc9e553056a15574a47f0d43235729712e7,2.486091200262308,4,crewmate
af662181cbc39764353de8822002a79d629a3690e17a7ddd16f3e809aec16a79,1,0,327,0,1,,163,0.003329999395646155,0,0,1,0,3.0722180982120335,0.41914690181147307,0.09487569879274815,0.012460201396606863,TASKS_COMPLETED,1,5.221858199918643,1,6.4924621999962255,311,56.2,281,8,0,9a02ea8b20c9e941eabd138734b801736b17c187f31f5e463a03be0802c21998,d00f02d2c94046a86a15a171c7542c051ceae473cdeec3682f19154962cb3fb0,2.735236300737597,4,crewmate
be40cbdd5ae39a9dd5c7ccbe8990efb6fc3929ef97bb6aff3f365e8e0d0a5d40,1,0,295,0,2,,149,0.0031169995199888945,0,0,2,0,2.7087283997097984,0.4317189985886216,0.08281550090759993,0.011380999349057674,TASKS_COMPLETED,1,5.0783068999880925,2,6.54171309992671,312,66.4,332,8,0,cf1ea6cdc947e131bb66ea7ddf840dd11e089fccebd8b804501d07cf7715fb83,a84f3bfe8b3110bca7e812a00aa41ffe152fd4dab4c8b0018459011331de2d73,3.1306825013598427,7,crewmate
4b848f91b55a046a85f440f18f48b6acad0fcd054828e0c21191fcf5e599dd35,1,0,235,0,0,,89,0.0020588000770658255,0,0,0,0,1.6370068973628804,0.25773869967088103,0.06408700090833008,0.008593200822360814,TASKS_COMPLETED,1,2.8506356000434607,0,3.437574499985203,313,28.0,140,8,0,4f827ff7b037c9dc8f21f9ceec377d8a7ec54fb2d2bbe618b2b01fd893882d4d,af2eadbacef5ed516fa8491442f83d31a89d3d85d7cba39bd8c9545f347feb5e,1.3754299003630877,0,crewmate
739996ae8147171bb6ccaaefe5de07a0040ca3414f0db813a6edd826ff0230fe,1,0,281,0,1,,100,0.002070299698971212,0,0,1,0,2.051598502555862,0.34370290010701865,0.07547899801284075,0.01068710011895746,TASKS_COMPLETED,1,3.649330999935046,1,4.731397300027311,314,49.0,245,8,0,ce24425e2f15dd5430283e0c7d70b08d5f5d470db3ab50f3bf1cffa5762c7a34,c66936a782ef8d46050c29e4ad9eab1e5ebfc4decd43079869a569068a9929bd,2.120384099544026,4,crewmate
f12d39cbe61c509609d0f9d83b95f34ae94c7299ff3c247d671175076fd50906,1,0,266,0,1,,114,0.0024829000467434525,0,0,1,0,2.0463531009154394,0.3223544000647962,0.06184209755156189,0.009663899661973119,TASKS_COMPLETED,1,3.511026500025764,1,4.638880699989386,315,46.6,233,8,0,886ba902a44a4610bf6f777fda5e0161b8ec4a30a8dc374e61ad300a5ad36400,751f19cf106f53ed74f8fc81117a473911bf383747cc90057024154922c18fcf,2.0630394000327215,4,crewmate
c897ae261e00289547882d0268842dc9edc8897e8fd4223855556884fc7ff966,1,0,363,0,1,,134,0.003007600433193147,0,0,1,0,3.4709230037406087,0.4390455998945981,0.10158929822500795,0.012801998993381858,TASKS_COMPLETED,1,5.830376900034025,1,6.902086599962786,316,59.8,299,8,0,621cd7436553ecb25c821fc4915a6b0030f8a1f8f0eb8dcfb6bcab7a8e489ebc,3697c25bdee2f5e56a48c447af441cf608c00cad4d621e8857bf18dcfeeb391a,2.718470200430602,4,crewmate
c7d7a270a2b73a331564ca023fed524ff30397ffb8930e7eb7bf1d81298e0107,1,0,353,0,2,,142,0.0033592996187508106,0,0,2,0,2.17939050111454,0.5076698983320966,0.09698509925510734,0.013658400508575141,TASKS_COMPLETED,1,6.0063639000291005,2,6.4386172000085935,317,76.6,383,8,0,87937270472754edd67320b419c2040ce487cb40f59526d731204e7d5ab3b25d,bab5de3b815f083687eb3e60f38b9a23482df8bfda8b73575fd8040af7cde813,3.452057199552655,7,crewmate
25ce1f0751ab919c33548cb07c37bc3fb48963fb828bc5e82eca235875fd1830,1,0,122,0,1,,105,0.0020738004241138697,0,0,1,0,1.4399033990921453,0.16413060028571635,0.026544700958766043,0.004359499784186482,IMPOSTOR_EJECTED,1,1.9213147000409663,1,2.9005675999214873,318,28.2,141,4,0,0beefa20dd5decbae04974763039e8c35ae5a9b4d8fd9003b8895d4c341a8357,4e84eac9e76f1b69e4119fd5a99017fec74302d52dd38fc0500789c1bdbdf300,1.1895378996850923,4,crewmate
03bcbd917930c4cb76e95c5ea3b845940d21cedfecd2db181b3bb4ba9d7d1e30,1,0,375,0,1,,146,0.0034750006161630154,0,0,1,0,2.934624598012306,0.4351744983578101,0.11164250201545656,0.013768801116384566,TASKS_COMPLETED,1,5.648451899993233,1,6.385891500045545,319,59.8,299,8,0,a33f5b9de92308ed907e696d51c982d018c6f88f3265d85d06c5a4866dab0d18,1d606107ce5767608c5a1252dd1b3a56e229c244bb2b3f4a1bf9da44f5e9e80e,2.7266868979204446,4,crewmate
f1962a6459482bc7cdefe719609fbd06fe20c890dd299327fc0014c3c8a285f3,1,0,335,0,1,,121,0.002830300247296691,0,0,1,0,2.900513296946883,0.43056789750698954,0.10508160223253071,0.013705000514164567,TASKS_COMPLETED,1,5.521374800009653,1,6.215106999967247,320,56.8,284,8,0,eacb22446e921eca399f2ecbf12261bf6adc4bed59e77b7bfb679f30151a11be,e448cd4f91f0b89b323ee5ad15eca2b065be26fcc54ea309617129d60fc7de41,2.6085536997998133,4,crewmate
6bdb5ea8e85ab8e697d96ca6db8eef96406cabf149b5c4edcbb32d72afd10783,1,0,215,0,0,,94,0.0021569995442405343,0,0,0,0,2.6961022017057985,0.2264249004656449,0.057342699030414224,0.007918299990706146,TASKS_COMPLETED,1,2.68698660004884,0,4.349179100012407,321,25.6,128,8,0,07ee5260d3a023f24d680d4a7919de440dffe19ded29e776659725cca2dde361,4ae7907161a1481972b56f57ecb12777e9fa1eb6c5a13e66c210c5c57d13f67b,1.2785884001059458,0,crewmate
ff050623c066af16262127ae7ea39de004175f0fef5a37daf88fbbe0178928e5,1,0,369,0,1,,163,0.00401010038331151,0,0,1,0,5.304176095291041,0.4950088986661285,0.10260999924503267,0.016000899486243725,TASKS_COMPLETED,1,5.422089700005017,1,9.310150500037707,322,64.6,323,8,0,be7f5850dc842fc3871ba67d35a26655975c1cba3b8c24771c7c882f7bb54230,a222e0144613ec3979fdf33cc84118d65e0ead076847e5d785d6472ff683272d,3.2105866003548726,4,crewmate
39736534123b784558523c89d822d116e13d4c5c82793b3624768e3c37e0cffb,1,0,305,0,0,,96,0.002010000520385802,0,0,0,0,2.8614837009226903,0.3215293006505817,0.09244429972022772,0.011132999090477824,TASKS_COMPLETED,1,4.235938900033943,0,5.169178599957377,323,36.4,182,8,0,9b07b233e71c9cf28d8287382c51f91c781ebfd9ee1abf9a4d6fa1ef0600531c,9943cc10fe76e5d49c6170e5ce3999f54c7257afe123482408ac03cf745c5eb9,1.7642341003520414,0,crewmate
e5aedd9c5bbe1992634d289e3313560c58786daecc191225ce4e4b6e0beec8e6,1,0,292,0,2,,138,0.0039317007176578045,0,0,1,0,3.24231639795471,0.4152777997078374,0.08767580019775778,0.012596299522556365,TASKS_COMPLETED,1,4.427472299896181,1,6.652225700090639,324,53.8,269,8,0,db4c6bf9cc8bc5992b16e301055030f5c300cf28f3b58a041bc5e060298c1a9b,e1687c150ff4958338d8fc06c0712235308b4142db1fc3525af6d7eaee49f69f,2.72400719858706,4,crewmate
fff5c0f514d70676fe148c068e0edd3ae5e2a53601bdf7ebd014e720b1d117c6,1,0,322,0,1,,149,0.003287399304099381,0,0,1,0,2.90122600144241,0.39986040093936026,0.0751898008165881,0.011480200453661382,TASKS_COMPLETED,1,4.402562299976125,1,6.1653718999587,325,55.6,278,8,0,3bd166eb19ff969df017833691f2a287277c253544fa9c1842458669e048564f,e0ac7467226bb4a3ef9f4bcdcfac4524573e201e2d380ba802d15b28a80be9b4,2.6286894000368193,4,crewmate
5044e3ef5508a717ee2be3e64c960c1ac64ad4f253e37b83bc255ebbffce5810,1,0,321,0,2,,155,0.0033663996728137136,0,0,2,0,1.4888737009605393,0.488705400028266,0.07664030021987855,0.012236498878337443,TASKS_COMPLETED,1,4.883238699985668,2,5.701193499960937,326,74.2,371,8,0,c07d32d4c208bab6e2c333add0481dba2ed24a341163c9d52fcb50de9cf581b0,efcf3b15ca31697e4e8b0cdaa1fc780b1a095ebb088e1cd7e25f6c1ffcf7e808,3.45670660038013,7,crewmate
8090502886b9fb3f86500b708d8e0670316504858cd9330ff0a25691f5b4d120,1,0,185,0,0,,96,0.001991399796679616,0,0,0,0,2.2375881982734427,0.20581259962636977,0.04365440097171813,0.006564699695445597,TASKS_COMPLETED,1,2.2031631000572816,0,3.6999906999990344,327,22.0,110,8,0,25a83225cfdbfa61142cf98ac2fa686659857902cbb19f20e0b374655eb2d62c,6bbb4627726f7e3a9e09ccbdf52fb3699433ff96dfb219905f342c46a9329eb5,1.1350025004940107,0,crewmate
01e94b21fc5157475a16e3493a32bd7e608b72a2018129e4ebaf7afff4dfe68c,1,0,358,0,1,,122,0.0022838000440970063,0,0,1,0,1.8959801030578092,0.4465536994393915,0.08791350002866238,0.012242400203831494,TASKS_COMPLETED,1,4.992075999965891,1,5.421033799997531,328,63.4,317,8,0,0d475d31d7e6a7276ab0670a82e3268865b553c707eac409901959c044e543b1,5eed8d6ed4c11dfaa2c24727eba4ae4237dc315e3095770d91bac8ac4bcaae33,2.8400049997726455,4,crewmate
989cbf8eb3142452b6626641cfa3e178245e3bccefada80565c8e9bf1f4a5ad1,1,0,316,0,2,,165,0.003068499965593219,0,0,2,0,1.523481700802222,0.46480459882877767,0.06561500066891313,0.011344100697897375,TASKS_COMPLETED,1,5.296786800026894,2,5.555547300027683,329,74.8,374,8,0,dc25b6924f7606ec8f91409a17cb1db8f3366068cb36200930fbd7d35da80ebf,cd83b3fd1e525b7f6076bdfcdad8adcddce191c6776aa6b4ecfa3f3c76fef368,3.3209505988052115,7,crewmate
822bbdf9477ceb53bd91149d2beba9a160a77456012e685592ab9a02e64c616d,1,0,384,0,3,,197,0.004151799599640071,0,0,2,0,2.8940545016666874,0.5280453984159976,0.09144940052647144,0.012961801025085151,PARITY,1,6.502686599968001,2,7.391060399939306,330,80.4,403,7,0,e559069be29f46f0e1a3ca9390cacb37371712ecd7234b073af6a3f8f225a164,435c8d7ba9efe2bbf7328de3bf01796aef5d1c10effadcb0596272c3a7d714d9,3.677196900243871,7,impostor
f68ffe276e43f323ef984f8df2c5a528293db3bb94ca44868dbf342bdee1df14,1,0,328,0,1,,141,0.0030293994350358844,0,0,1,0,4.453337100800127,0.3746020996477455,0.07868699927348644,0.010810600011609495,TASKS_COMPLETED,1,4.67282300000079,1,7.508841100032441,331,55.0,275,8,0,f86f986849175a405ca1ec6429063b9fc44807ca4aca0b1ff25be2b19faa1e88,ac45e5bbbdc2cc5994fee2d6e0c6e64a1372c4bde7802f98c6f4142735cdc633,2.447879398241639,4,crewmate
c96b8c385086902a763e2deaec2f47a547b8563efa66b8dbc7da4fe9dc413a40,1,0,414,0,2,,178,0.0035957994405180216,0,0,2,0,4.85681039839983,0.6235168017446995,0.11212319997139275,0.016190198599360883,TASKS_COMPLETED,1,5.71108329994604,2,9.998370000044815,332,88.6,443,8,0,71823a3275797bf57e654a258c071e9fd68015ada0d2be59190b3e466f45ec68,e5bca5bcc53d4457e6c72cf31812c4db81086dddba0461dad402d6661e704ea0,4.173548797843978,7,crewmate
b59f58a858a69840963b8cab4b43fc1d26d1045f643ff83562d8f6c3bb2bd30d,1,0,261,0,1,,134,0.0028114005690440536,0,0,1,0,1.6046357003506273,0.29639559879433364,0.0644459999166429,0.008955300087109208,TASKS_COMPLETED,1,3.565279299975373,1,4.079310000059195,333,44.8,224,8,0,075f597f00b5fb51164611737954653152e0eed7bef7b1ccaad244f35914da69,d4789df147f20c3c9fe0b235cf4e24fcec7162df2df32649a31816e5b85fd5ef,1.9881810005754232,4,crewmate
2364a118ea0b024a034ada690df2c7472a1caf1a76e94d235efc950577b8394d,1,0,392,0,2,,179,0.004087500739842653,0,0,2,0,3.6748128029285,0.5592407988151535,0.11099710292182863,0.014423699816688895,TASKS_COMPLETED,1,6.38480800006073,2,8.609861099976115,334,86.2,431,8,0,c84bd90e612ee2db673c9d701c5e45b2c554b9b68c9400593c38d96590337a98,40f5c9f23698fa718d92d55108b9b3ce883a0d2095d220d9b9ee4ce3fa1882b4,4.047850298462436,7,crewmate
73be51a4be58987c790880617d6a5350ff53df8be8fbd91e5da562f0a18ae39b,1,0,245,0,1,,118,0.0026509000454097986,0,0,1,0,1.347467997460626,0.3097913999808952,0.05604149948339909,0.008990800473839045,TASKS_COMPLETED,1,3.4615261000581086,1,3.873713899985887,335,46.0,230,8,0,6167e7b6288d3002e2353626eedb9f3ca461601b8415135e9447900e33398d4d,688f42c15332754bb1a3901c1ff702cdee101fab97b9c4867d391289a5cea180,2.029302099137567,4,crewmate
61fc1ffbf370bdca420b1c7f6d05d47a0cf1564ae8e1fe50c02c1e73fc464d8a,1,0,390,0,1,,139,0.003406500443816185,0,0,1,0,2.8579565016552806,0.4245859005022794,0.11468469921965152,0.0137406982248649,TASKS_COMPLETED,1,4.481624999898486,1,6.262205800041556,336,63.4,317,8,0,784c30a7e2e52add1ea2fb1331b078841fbb41033257dbae1b1ee8de778ab82c,c4342a2444af68fc7a3f865929c945f345e0156532d5f854fc242e2906fb7160,2.6995599002111703,4,crewmate
a63369f47b4c5c404fff705df166ba5103c84d95f42e07c5b7980844e796e4a4,1,0,248,0,1,,125,0.0028691001934930682,0,0,1,0,2.1474236007779837,0.2880004015751183,0.06898109905887395,0.010038600186817348,TASKS_COMPLETED,1,3.2062981000635773,1,4.59218289994169,337,43.6,218,8,0,b1feffde139c77b62d6101fc67945ec15a54751d1d11b1faba4c0001e3ad2c93,caa165c094f99980aa86fc540672f0e8b56a5d804256e31bce136481b5b406d4,1.9543406007578596,4,crewmate
4b18743041bd97355bf8b2441fb009524098603515764d55e3e9fc193abe3b69,1,0,249,0,1,,124,0.0028567995177581906,0,0,1,0,1.8666307003004476,0.27072619972750545,0.053855401114560664,0.008463600534014404,TASKS_COMPLETED,1,2.7223072999622673,1,4.126665300107561,338,46.0,230,8,0,678433686a6f44513c2671bc79e877184f903b972011d56da3e913598d632340,c3f5e6365f137c806f0b63db5f244d4145c94c1181f5979eebc02df57c9b4bfa,1.812674501328729,4,crewmate
3d1edcf008518e88614d4968ed314e03a1cded1f196471afdf4b0be2b0be2bdb,1,0,340,0,1,,184,0.003422400332055986,0,0,1,0,3.30818750069011,0.3116019000299275,0.07337009895127267,0.00966049951966852,TASKS_COMPLETED,1,4.12922050000634,1,5.96259100001771,339,55.6,278,8,0,43a5b97b3a88f819a8b5408eddcb60ddd1cd46bd966d67bce5c84d43a5d26e2c,4fff5cffbcfc40387a476866515fff375fb2ad3c1889d05d70ee58dd658cd088,2.1318715004017577,4,crewmate
debb1d0ca22d6530d90746ae7a0af20ca9a00932716a23a572fc90e45668af29,1,0,330,0,2,,151,0.0026664005126804113,0,0,2,0,1.9642088990658522,0.36726809956599027,0.06232930033002049,0.009527399553917348,TASKS_COMPLETED,1,4.9758573999861255,2,5.1947952000191435,340,71.8,359,8,0,8e7a42ac6eaa87d9608a61a71c1c6ca2afaac617e41b0b988994fffd096525c4,4fca3691fab35336721f8e4f4433584e27aff0a08f92d62b38f776e42b9c929e,2.651700698537752,7,crewmate
c88f2d5f362b2ed4a0dea5a021996c4a1dc68c03197c2317b8d35176dd0c6e8f,1,0,277,0,1,,124,0.0023636993719264865,0,0,1,0,1.47208390024025,0.30343249964062124,0.06099710043054074,0.008947500609792769,TASKS_COMPLETED,1,3.565160800004378,1,3.9679323999444023,341,50.8,254,8,0,5d4df85c5ccd7cf44bdabcb2d339d69f3de534f6622d45a86cfc6f6a66c4b31a,ca6bda5b53a05bf00ec92188c12498f9165db6a30a1dffc3d35864dd314ab59e,2.00688039988745,4,crewmate
b1d5bbd6ea465118b868c3972566f63620fe224446a0cd68b14ed478bf4860a3,1,0,318,0,1,,151,0.0023729006061330438,0,0,1,0,2.0465382012771443,0.31961260025855154,0.06913109950255603,0.00935909990221262,TASKS_COMPLETED,1,3.845506999990903,1,4.724643500056118,342,53.2,266,8,0,948ed96b54bf36b11ca5db3814a7df446c6a5095a3b02824b6ae0819317796e3,b992d36500a78e646582489f18197f61fe6eb91a872a64d9c02b1a6b6763ee6c,2.164708300260827,4,crewmate
e09879b325f3317049d8b5da8cb8a05f92928773d6cb5f4c9cdd5d824cdc0672,1,0,373,0,2,,188,0.0038003016961738467,0,0,2,0,3.110738700721413,0.5195844983682036,0.0823193994583562,0.013288500253111124,TASKS_COMPLETED,1,6.524295800016262,2,7.624191299895756,343,84.4,422,8,0,78f80e7774bcced9759327655e3d36ea3fac627993d1d1948e131a49ae2704ad,df29e52eb90d81eb0dc84c9c3b67a980609fbb844c278768598de4346c3316cc,3.7233949998626485,7,crewmate
c65724eb6e32e9bd198404c7033e346520d95c5e0bb616830cb7f2edc88f506d,1,0,408,0,2,,150,0.002573299454525113,0,0,2,0,3.038224300253205,0.5412778024328873,0.09659590234514326,0.01299580023624003,TASKS_COMPLETED,1,6.155677700066008,2,7.506837099906988,344,88.0,440,8,0,41f8c37f257c3efba3f1c701a66ea8d8fc80d1af50a14cd758b9cb3095b0fa8d,83327bfb9503d140e6e8b9137d42a78ed109478152f92578f5540d14d30b1cb6,3.6422210016753525,7,crewmate
36d337282a52816adda4ebf3990f53974927d1f312659e3c347013df856f4128,1,0,275,0,0,,73,0.0013257006648927927,0,0,0,0,1.7640975986141711,0.2534579997882247,0.05698450095951557,0.007412201375700533,TASKS_COMPLETED,1,2.8920624000020325,0,3.509553800104186,345,32.8,164,8,0,40126928bcd9c9847bbd4237645ade74cdc35061407ed8207cd6c557eb59ca82,53e15c5029f3762b787085fb8a02fcfb2f36c26b0db718c3195a3d2f1643ea69,1.3461192994145676,0,crewmate
346f214a560e1a52af710933b3a956e4d8c4d831f08ec46ebb1117fd06ee815c,1,0,330,0,2,,156,0.0028739998815581203,0,0,2,0,2.9209178992314264,0.4604418008821085,0.07158040185458958,0.011282301158644259,TASKS_COMPLETED,1,6.0128138000145555,2,6.925994400051422,346,77.2,386,8,0,c1e163605f7cb642f745c3496fc849ca21eeaaf8062726227ed77262936045dd,e963f64b12179fa8892ebd20df862bd1a1d696253a52665c77cac3cf64ffbcf1,3.300192397669889,7,crewmate
6ca3b81102d9977fc7b0171509987b96c09045f806fc814cc1fdd47ba04289f8,1,0,198,0,1,,110,0.0019111997680738568,0,0,1,0,0.8680915994336829,0.2185606996063143,0.03490889922250062,0.005709600052796304,TASKS_COMPLETED,1,2.2783909999998286,1,2.644992299959995,347,38.2,191,8,0,cb27cbdc57f95909ce0349bd4f75da27e996ae2a3db3d1c8101ee20157c39baf,5a602b494817900e3f0688c5334a191c43aff5684256a880bd542ffd0eb3bac4,1.432975102798082,4,crewmate
a3b858d35a9dc0dde13ff185ac6be8f60a4c383c51c0469dca13557f268d4cd6,1,0,352,0,1,,141,0.0029751001857221127,0,0,1,0,3.5585922019090503,0.3755012018373236,0.07741620088927448,0.010350799770094454,TASKS_COMPLETED,1,4.341065200045705,1,6.541799700004049,348,58.6,293,8,0,c1e29368ae9a5516827c269c5f084ae645bc7c71bae45a0c183a5292970900b0,d705afd7d50642ab2fc31ed18c4136652bc7c0f001868bbd2bf334ddaf6660ca,2.38296109973453,4,crewmate
dee4e6bb0b635909423c7a0400769b1ffbff1f65e74957d6df9e36421fef1cf3,1,0,272,0,1,,115,0.002219800604507327,0,0,1,0,2.05262199731078,0.3103421014966443,0.059912401833571494,0.009016500087454915,TASKS_COMPLETED,1,3.4404021999798715,1,4.552162799984217,349,49.0,245,8,0,361281fd1e1fc190c9faae338f1bb5859ab40d245d643c55553720e89e1946cd,45fca8eaa7c9decf2245e6a6af08c161984ede6468cfae843e1d2d68818f3f91,2.007732798694633,4,crewmate
aad6868e2e34ef837e6675db550f02ad1a81a6d9bd163decfbed95b4afe23ce3,1,0,417,0,2,,201,0.0037833991227671504,0,0,1,0,4.551138896960765,0.49652079795487225,0.1019258025335148,0.013840600615367293,TASKS_COMPLETED,1,4.9559372999938205,1,8.546852699946612,350,72.4,362,8,0,ed41e97de05fa1adba63bf01c9517569f3e1656dc8b8a3646baeae470dc6f2b4,5848f392c20b82204abcb2c208c1875f565f0f2fe84b95b53b89db2e63459a31,3.217493099393323,4,crewmate
6023db11776cb8a5789de0a561334c92bff4f5283c990d46db52f05b9db4df9d,1,0,292,0,3,,185,0.0032473993487656116,0,0,2,0,1.429081896902062,0.41150660067796707,0.053853500983677804,0.009212001343257725,PARITY,1,4.194201100035571,2,5.068136199959554,351,69.6,349,6,0,b6a39baabce8ee64b339bbc6def208ecd8b604009e61d4079dabb52cc721d5db,bdd550be326ec6dd69d28ad9086723c789c196de156d299a494491aec8cf7eec,3.009102798998356,7,impostor
b71b6a5eb9aab552794efa42091364c9cced1431442bd7d415e741ac36fb5f58,1,0,426,0,1,,137,0.002629800816066563,0,0,1,0,4.621776804793626,0.4791791992029175,0.10116139869205654,0.013941299635916948,TASKS_COMPLETED,1,5.31807060004212,1,8.378331499989145,352,72.4,362,8,0,501dcc423f5be24360a4751c3664e234e42d20ad2a98eada73532d47120d7838,35d171ea76ced01a8f0fa0954a34fe5da282b57f29f7a4f8ebe1002491f93b0a,3.003249199129641,4,crewmate
13c0c1c6519e6baca8b100505935d900d1f714b87d46ab46cb6a91f5fa5f66ef,1,0,306,0,2,,149,0.002781199524179101,0,0,2,0,2.756078699603677,0.37762449972797185,0.06075989897362888,0.009735899628140032,IMPOSTOR_EJECTED,1,3.4234828000189736,2,5.996465599979274,353,67.8,339,7,0,b1823f31325cb5e374953726a4af79950ef7dd8a686626fe25cb7a733d3cb1d1,97e0e40c19d0672886de23f2f7bacbcde33cc2e78ad032f7c2d1f8e4905adce1,2.6457650003721938,7,crewmate
4ede0c839008885573f98b0d478736347e12ff1d5dd46ad8d2570bf91b2951eb,1,0,277,0,1,,142,0.0025652004405856133,0,0,1,0,2.175422599655576,0.274173998972401,0.059032801538705826,0.00836110080126673,IMPOSTOR_EJECTED,1,3.0675483000231907,1,4.438228699960746,354,46.8,234,6,0,482c2496cacb5be923ed0d8a544c680cb70afb34ce5880d1e10d728179630def,8130796a0aa22630e8181678c7619d1c8fc439991028d71e1b6aa14f5b461e35,1.8153032006230205,4,crewmate
dd43ee4644ca5bd1f0652dfd5df03ae55c4b9808663d16c91b754aa6cf50e0bf,1,0,280,0,0,,96,0.0021387989399954677,0,0,0,0,1.576637304155156,0.2551123988814652,0.06486029806546867,0.008522899355739355,TASKS_COMPLETED,1,2.5161688000662252,0,3.4025809000013396,355,33.4,167,8,0,f3f825a4277d86393c4063e403e4c40239eebdc33b3b1361bde3acb085333082,7589ae2f6bb2dd23b3da870aa68f29cb48562a9485923e7c14397ef57833e42e,1.4132275998126715,0,crewmate
bf6d709704fe5938b9db09e277969faf7e9e2cd49a200c9b7430455e59b1ca48,1,0,236,0,1,,123,0.0023801998468115926,0,0,1,0,1.3626319989562035,0.2627543999115005,0.04920449887868017,0.0076317996717989445,TASKS_COMPLETED,1,2.6246671000262722,1,3.4665837000356987,356,43.0,215,8,0,7bfdf83aca91067d3ffcd3c2522de0d48931f726a12005d94abcd2eaba3d06f9,f8ac32ab6ae1852b67e7a57b1dbbeeda3a33459c35566772eb3e8adb4b1af555,1.6823269004235044,4,crewmate
851a90dbb67a3e1f216665262de8051eab1349874eea25efbb5af712e9b0d202,1,0,235,0,0,,99,0.00196090096142143,0,0,0,0,1.4301247984403744,0.21307200007140636,0.05156310193706304,0.006585499388165772,TASKS_COMPLETED,1,1.9144931000191718,0,2.9737117000622675,357,28.0,140,8,0,d32a7ec8bec9380b7407a22de119d96232f5a24a763a62d42835b5830736935e,25cfadbcf4b1d0dcdc2c1bd2e91f31800dab872d2f57b952b6cbfdf692719a94,1.1966655001742765,0,crewmate
c9b6a49449aa80a8dd11a15ec3a0cab04a4f9f953d3e2c87ebe3a66ff3783624,1,0,332,0,2,,181,0.002973800990730524,0,0,2,0,1.0472369014751166,0.4182985994266346,0.0561992006842047,0.009313300950452685,TASKS_COMPLETED,1,3.9161635999334976,2,4.7206853000679985,358,79.6,398,8,0,2460e678f88ac5ef6b7ea3690eade6bbdf960802b5e24657c5d4c90212d7270a,24d7efd78d99fb448dd1d86754db4712e51315b5f20cb3f6c20fa3e0fd2cdddd,3.0386845998000354,7,crewmate
f86df0576505e05df3ebf7d449f58a387da9bf4c3a8f8167a768adf16d16c9bb,1,0,255,0,0,,104,0.0018977998988702893,0,0,0,0,1.2012688011163846,0.1888008996611461,0.049400999676436186,0.006553401472046971,TASKS_COMPLETED,1,2.129882900044322,0,2.6027659999672323,359,30.4,152,8,0,3a97888a9b02ac266bd6829730728ef8cf28d8efefab538f9d8c825e6ae0eb01,4b8d487a44e8b0319a035026387a6ea8c4468e14d195f3ed64dd03bb984b5150,1.0873904002364725,0,crewmate
d4193ba91b94c3b6fb6c180e640752a909fd029443a2dbcd4be74fd140f43050,1,0,310,0,0,,103,0.0018674993189051747,0,0,0,0,1.3831251004012302,0.22379189997445792,0.06025750166736543,0.006665600812993944,TASKS_COMPLETED,1,2.809970000060275,0,3.0309424999868497,360,37.0,185,8,0,170d64eaee1a9e97f211abfb96cbbdc6ae4774582585145641d77ad754c53222,64c65fba4e5172e2cc869cca4b88ee0dde0ecf5a49b4060f56f3cac4b917fdeb,1.2813207989092916,0,crewmate
7d4fd2fe6002ed4116fefa186c0878ef59fbe8f55df9f2f5d78c88667b710320,1,0,338,0,2,,143,0.002151700551621616,0,0,2,0,3.0143536012619734,0.3302021991694346,0.05809589987620711,0.008256600587628782,TASKS_COMPLETED,1,4.512136899982579,2,5.914513799943961,361,73.6,368,8,0,b5b462954d58a061eed48cac9bd98908cdce26971c5ab1987e007be9507d2ea8,67aad63ea75606d967c73aec53e2b3e748a34c688e333bf4d55ded8498a33b00,2.3789132992969826,7,crewmate
4d4e2cbf83b0d4b3964b9adc809d745cdd3dc5e5124b2bb5a93e6d06ef803c92,1,0,336,0,1,,142,0.0024654987500980496,0,0,1,0,3.257398593821563,0.2622272012522444,0.06041050178464502,0.008425299893133342,TASKS_COMPLETED,1,3.681539100012742,1,5.36467579996679,362,55.0,275,8,0,01a7652c311e9c570004c25df64fa263847ec0672c43eadb97fcfff98c897b53,c3a1578d1106460c47ab3986702a092426e8e7b7e19066ef6cf72224ed92ecb8,1.671823798911646,4,crewmate
67dd172ea634d528000be6e902df716eb0e99ddda033cff3d8f884b18bf92a6f,1,0,342,0,1,,120,0.001931200735270977,0,0,1,0,1.5395006991457194,0.25704650103580207,0.055421099066734314,0.007411398692056537,TASKS_COMPLETED,1,3.494542200001888,1,3.6154725000960752,363,56.2,281,8,0,0d7fce7dfa71359662fca4fadb1958659d0d44ad39ed71e12fef69ae6c3a916f,c75cff7b9c0110bb13148875b9bf6bcaf221183e2aa668799cf3bf45ab3e16eb,1.6542436017189175,4,crewmate
a04397ff3015f81c6defb0ececb1ee75e8358110ea3c2bb4920f06b32157f170,1,0,291,0,1,,116,0.0016434998251497746,0,0,1,0,0.8552358007291332,0.23732080135960132,0.05237559834495187,0.006928999675437808,TASKS_COMPLETED,1,2.6339311999036,1,2.786319100065157,364,50.8,254,8,0,cb05c6dd3e4b04d178638db48e6d4b58a67fc68f20cc9e74a066e46475969e9c,0b6fb6ed71d75355b878ffe17c5b8092fbd6a0620634ca5a2fc205e0e2a08835,1.5438683001557365,4,crewmate
aae47b9691bea9eb9ca64835b910085287d8a04110695af98d5e15af0e67c89a,1,0,345,0,0,,152,0.002710700035095215,0,0,0,0,2.9266190007328987,0.2557491010520607,0.06752540112938732,0.00826569925993681,TASKS_COMPLETED,1,3.5302110000047833,0,4.879865300026722,365,41.2,206,8,0,749564d213192dba1bbb5aa780e2dcee97be094870395e265c085312f4d952e7,0ce7d89f9048c087c9f9700744e9c809c6dd845e232dbdbeb34d060a6a3bb403,1.5342054011998698,0,crewmate
972d5662acce2b90b47d6e2c477b533fae8c3a97c3ffccae7870239d81bdb23c,1,0,353,0,1,,141,0.002598400111310184,0,0,1,0,2.9541986972326413,0.32371090166270733,0.06965020089410245,0.009616898838430643,TASKS_COMPLETED,1,3.9413766999496147,1,5.646017000079155,366,62.8,314,8,0,b561671975b1aedcb25aa21af163938fcebb2cb939cd79aea3396fd87cf5d51b,8573b6d30f97efce971691c88633c8154d2346c0485e422c3e8bd7ebdede09b0,2.168977901339531,4,crewmate
07b7394cfd1ef4e18aac1fd5949b3c46e1283394757fdbe7a8257b111f5b4380,1,0,334,0,2,,164,0.0026481994427740574,0,0,1,0,2.6493457979522645,0.31666929880157113,0.06873419997282326,0.0090281997108832,TASKS_COMPLETED,1,3.3715211000526324,1,5.292552599916235,367,59.8,299,8,0,c036687e842cf1185540aca92c87375a3964086607d4541e918f45d83e7d3d9b,bef215b2c3e2c042159885c094ca7ca3b52494dd168d6b0d0aa11c4047fa61ec,2.1250874006655067,4,crewmate
f4a493e1fa74fa1581fd2d3d7affea467e9ffb4211fb99768025d131fb12dc24,1,0,320,0,2,,153,0.0026190989883616567,0,0,2,0,2.188364602276124,0.33347710059024394,0.05936049995943904,0.008930399431847036,TASKS_COMPLETED,1,3.60331169993151,2,5.104595600045286,368,71.2,356,8,0,3ab5e52be97f3a2d72ac090fb30239551acc3153b54e300c50d78a8409526807,90173182d3482c26893f20febd9d7731f650f4d741157efe78e1860bc2767183,2.383503300487064,7,crewmate
f75b259d50fdbccdd211f0daa6c5fa1b9e7adb9087ce8656a2bbe1580c842f35,1,0,284,0,1,,125,0.002045400207862258,0,0,1,0,1.6505389033118263,0.2595495996065438,0.04486379772424698,0.007508998387493193,TASKS_COMPLETED,1,2.4623714999761432,1,3.6769082999089733,369,50.2,251,8,0,ee7229daa21f763021673a2fe98ad3327afe112d2f0c96a2d66e8a12febd64fe,2bfebb3f0148f87a2227087816a27e2a683687ff56dcfae6792350cbda6c8181,1.616684699896723,4,crewmate
ffa2c0512d4d32ab4b7c1be3c3d9aa1fb6387ce63ed8700989476eed287a3bbd,1,0,206,0,2,,151,0.00233929930254817,0,0,2,0,0.3309329010080546,0.23021350032649934,0.031365599599666893,0.0055304005509242415,IMPOSTOR_EJECTED,1,2.3671558999922127,2,2.468770300038159,370,54.6,273,5,0,30168097102fdfd9e9ed984a60fc0dd7870575faa9a39646c082eaf9c5eae84f,0bbde44eb7d192256fdf256a66ca58bb52fdf4a33749225c479e5700147972b6,1.7725633999798447,7,crewmate
ee43e2531b98428a6052560ca744bcba5efa1e3600f07ddf8746eab56bcaab5e,1,0,335,0,0,,93,0.0016278998227789998,0,0,0,0,1.6761578029254451,0.22597979940474033,0.06199270021170378,0.007416500127874315,TASKS_COMPLETED,1,2.328853499959223,0,3.349189899978228,371,40.0,200,8,0,93c73ad8b15a8a1f75c3ae144df88c714c9a7d0aacd9e59d0fd984db4e43c6af,d094bb0f1b3a16d278c47beb0448b4203ad5dc5cc276d78d2874b994f4b6695d,1.2991056987084448,0,crewmate
5bf6b073d077d3e27da4193216b5910ea87551a9c53dfbf5046605db42e00d5a,1,0,366,0,1,,153,0.002651400398463011,0,0,1,0,2.9679626018041745,0.32265499979257584,0.06678490014746785,0.009466200950555503,TASKS_COMPLETED,1,3.7801594000775367,1,5.511302199913189,372,64.0,320,8,0,da9aaf840dfefe2923f3ee074e49f48c5f1b6147e65824dcd5134a032af5d433,78e5ac62c5067735e54cdfa929480a839fd430952cd2e49ebfee55c191e85c51,2.0305657990975305,4,crewmate
9c3b8af79d7d00a6a3a32aea1fe5f2cbd24a53fcf1d4df4955ee3f2384083a94,1,0,304,0,1,,107,0.0015562009066343307,0,0,1,0,1.7205879023531452,0.24137840047478676,0.05018889845814556,0.006883700261823833,TASKS_COMPLETED,1,3.0847489999141544,1,3.763283200096339,373,53.8,269,8,0,5d6f143d2e8e3c1f1de6d49294227a277ad92db773e50ad1e9b50a1830fac145,a94b515e0b4d8b4fd41574b99e310c656104107a708074e286e5d2e6ad03cb4e,1.652705000829883,4,crewmate
d5d9f374910afa69555bbdb918cb97de6034eced6cafd061a0bc40d0c86eee2a,1,0,341,0,1,,141,0.002407400868833065,0,0,1,0,1.4069578986382112,0.26173920021392405,0.06125950056593865,0.008405201369896531,TASKS_COMPLETED,1,3.151892800000496,1,3.547169500030577,374,55.0,275,8,0,b5628879efc61b0ef388adf11340ddbe80be0566d78d80b8bf73cbc26e611a72,40439864579619ce88a5d1831a7e2eb4417855d5725a0fedf472cedb94356c85,1.7045988002792,4,crewmate
7c783b6150bceba7352f7d17fe9a5fe7cfc7a5571e738f30d384ff0c90de8d32,1,0,315,0,2,,149,0.0023129000328481197,0,0,1,0,1.555442600743845,0.26682539947796613,0.054248598171398044,0.007970399805344641,TASKS_COMPLETED,1,3.2098947999766096,1,3.7320828000083566,375,55.0,275,8,0,037dcc8af468bdabcda16ecb9128d7f02963fe96e181ab362018f36305f9f01b,98709fca640115e44261d0bdfce269b494e2c64f263b4541be116abd2030a858,1.7412433983990923,4,crewmate
df4a394436a1479b98f479bf86c67685365de819fdf0c745afbbd4cb8133dc0c,1,0,305,0,0,,109,0.0017994994996115565,0,0,0,0,1.1436981012811884,0.21730779972858727,0.061457700678147376,0.006869200384244323,TASKS_COMPLETED,1,2.301640799967572,0,2.7984244000399485,376,36.4,182,8,0,f64c6a10e7746f295f0713d1b2b0c25bbd41f9b4208184295707f7e337536001,0ce52a1db749f5f83f3463a753f206bf5291718f99be192c52a109bdf4afdb67,1.2915288002695888,0,crewmate
93b7ef917806cdc6968ab03fda27b89150716a937e6ea622714bcab1aedccf85,1,0,255,0,0,,90,0.0014709000242874026,0,0,0,0,2.0006638010963798,0.1837873002514243,0.04354889993555844,0.005860400618985295,TASKS_COMPLETED,1,1.8402126000728458,0,3.2944103999761865,377,30.4,152,8,0,92afee2657607c65186a79dee5c9c53440650d82451a2970b1b3d0dff4d9a832,84b0ee939624c89dd813ef4673035bd37de60600c12d4f0c104d6e210365a79e,0.994491099496372,0,crewmate
853ee96f0217a6111831a2a6940b312cfa88a2df03aab13f58b7065d9d0322e2,1,0,307,0,2,,143,0.0024495013058185577,0,0,2,0,1.6387120001018047,0.2941273006144911,0.051419898751191795,0.007432799902744591,TASKS_COMPLETED,1,3.8164383999537677,2,4.291931500076316,378,71.8,359,8,0,66777a359f343252a183dc024e6ede200b9abf2af570c398b8adbc035d31c524,441a0691d59411859177314bae164d4120664143426a4184fd62b5b79d68ef8f,2.182356599601917,7,crewmate
32b05c0ed545af07e7ba9f44c76b1df1ea9ca91d5047e2d178e919c919e8de03,1,0,220,0,2,,178,0.0025370005751028657,0,0,1,0,1.8914009007858112,0.19268949807155877,0.029810001025907695,0.005787300877273083,TASKS_COMPLETED,1,2.0306807999731973,1,3.6433548000641167,379,42.4,212,8,0,139fa9a3a8deed0eb88ae04036604af8a02cd6ed203b4b721ece9a848c54b863,8940e8fa2e88a9048478cd615dec429e75cc4d41d7a5735e6df9aa2e2e5154d4,1.4330332990502939,4,crewmate
6debab1377023f3e96a917409b8b896840d29afd7a8d7cf0be3c40f9e3da56c4,1,0,282,0,2,,126,0.0016406001523137093,0,0,2,0,0.8309310998301953,0.2611543993698433,0.041618799208663404,0.006490500411018729,TASKS_COMPLETED,1,3.0542831000639126,2,3.072711699991487,380,64.0,320,8,0,552ce0ed76a0901250bcc20f38756fb2de14f22de2e91196c3f98a87c7100498,07e64becfd83dde7cf4a7f6e9c4e84766b38cc038a3f9a21d7c2cd15adfb2fda,1.8287568009691313,7,crewmate
65a7ada753c146eec3c5ee56efae8092f8692d73e47ae102c6632db2d76d3c95,1,0,339,0,1,,131,0.0021264004753902555,0,0,1,0,2.3392401996534318,0.2842404000693932,0.05421559966634959,0.008045700495131314,TASKS_COMPLETED,1,3.7489589999895543,1,4.63444149994757,381,57.4,287,8,0,dfe8597bdd3ed71356506d09f812009b5260ef94e834a4a220b00e3ef3e963f4,4501f7df7d78686173c5c46a59c7239f1a4e0147024549c2932edfe4123c225f,1.8460117985960096,4,crewmate
60ddfd7c2e2ddea036193f7ba97386b7eb417ef793d260f4454c6d7251c96c8d,1,0,248,0,1,,116,0.0017081000842154026,0,0,1,0,1.7080728018190712,0.19078259903471917,0.036622798652388155,0.0058230007998645306,TASKS_COMPLETED,1,2.2816345000173897,1,3.330381999956444,382,43.6,218,8,0,0ef9065a51fb96e0f2a5ec9db61bdd661071be3a4e0406e7b377b3243937a865,b44594b4b7e023a9ac03912214af9c56d0db4f3e8f7e99c672e6d45650ef115f,1.307777898851782,4,crewmate
2b6556e05ab4898caf888d238f3c8a188a62968b67e419e941efc902ad618e2a,1,0,329,0,1,,127,0.0020424993708729744,0,0,1,0,1.5347447991371155,0.2875181009294465,0.0558218996739015,0.00795489945448935,TASKS_COMPLETED,1,3.3606732999905944,1,3.8235109000233933,383,56.8,284,8,0,4aa30f842c9640da3f4bcb57eaf402562062bf92334946f57d93a453e1f86d72,67e7f2a81b18407b5abac7e94f2e94e96df2591e00710a375874fca2897e3906,1.8382452990626916,4,crewmate
4acd9b8ddd464d532923653046f43a1a3fe59e8adaad0251b66f54c70b14a101,1,0,256,0,1,,140,0.0023128004977479577,0,0,1,0,2.158285699202679,0.20513800194021314,0.03917439898941666,0.00584080012049526,TASKS_COMPLETED,1,2.6041147999931127,1,3.967337599955499,384,45.4,227,8,0,d966344f23d183165aacd87e4a4c6a6614235abfd287b029bd07cc1f0be7bec2,9a0e6d87c6b85f2beb9028260a83442ed6dcf558cd653bf07679a6d754a5a312,1.4745444998843595,4,crewmate
05e176d217b3b7d52437061d7b4983dee76895cc0024148be3a973db24c597fc,1,0,360,0,0,,116,0.002156300935894251,0,0,0,0,1.7236927024787292,0.2416335018351674,0.0659622986568138,0.00745019968599081,TASKS_COMPLETED,1,3.248031400027685,0,3.538813399965875,385,43.0,215,8,0,3379e3d1506764a490a98eea5dda2548c256ecc67bc5800a751a2c405711203b,c55055f659eb96c6be14b95916ff53cfc1058897fbfcb9d76dcaa5dcd3230d55,1.4202296005096287,0,crewmate
76d1bd9bf7dd27ca1b4f0f12ece50a3e1de031c4c29393cf0ec7531b2da56719,1,0,310,0,0,,132,0.0021854996448382735,0,0,0,0,1.1223776021506637,0.22406939999200404,0.054059499758295715,0.007184398244135082,TASKS_COMPLETED,1,2.4120929000200704,0,2.743824700010009,386,37.0,185,8,0,d3a7ef0f159d984412ea62ce19315b0f11dfc0d6549addfd459d318cebea1390,3278daef1da354715ea1a759d132deb418e06126c1c088c3b8901b0fa256a8b8,1.2604583002394065,0,crewmate
138b0aa251b7305072e010d29e88246b885df66be4030c294889a977a4b93e78,1,0,383,0,1,,164,0.0029256003908813,0,0,1,0,3.050198102253489,0.33476460026577115,0.06816869881004095,0.009488201700150967,TASKS_COMPLETED,1,4.16236509999726,1,5.822367399930954,387,65.8,329,8,0,3cfa7eb343dd12573221fa4f500091a74dbecea02b0d7c4e723b8caa57d8f87f,783bba3fb66045d14f829aad2bbfda78872b9c3888d389b65fa6ec271015d69b,2.242841898347251,4,crewmate
0ff60ac1669bb86063f98da58e6051bd5c45fb88823fe715465add68af4c4dfc,1,0,269,0,1,,120,0.0016878009773790836,0,0,1,0,0.9183242988074198,0.22260699828621,0.04443920124322176,0.006491299951449037,TASKS_COMPLETED,1,2.670327099971473,1,2.808516100049019,388,48.4,242,8,0,ba99aceb8b76c3497228bd1dcbcfc27a270d986eda858e05143eb69565f33e7c,4e1134741b3a18984c00f4b7e4bf15afe59a3abac4f75873fffbae953c165005,1.5322014981647953,4,crewmate
5b481dbbae6564735ec3c7fc6706d7a93d3c6ff19d0f8e0694662a3a075d0da6,1,0,329,0,1,,132,0.002169899409636855,0,0,1,0,1.8243439020588994,0.2834150993730873,0.052965900395065546,0.008071901625953615,TASKS_COMPLETED,1,3.088030399987474,1,4.05436099995859,389,57.4,287,8,0,53e7e28ad86fdb856df9e63ca49e81881e7e1fd2c447e0479de5ae0fcd03a1b0,94a0050e1bb13e3813276452fcb64dff1d4387564ff138ac05fc7148606fb062,1.783494800562039,4,crewmate
b337bfdffd69e8021488b4736e03e4eb4c1e585f2d0d5a9b0141531f3f845b13,1,0,246,0,1,,129,0.0017872999887913465,0,0,1,0,0.8677721982821822,0.191071298555471,0.034795100800693035,0.005627600708976388,TASKS_COMPLETED,1,2.266197600052692,1,2.5029214000096545,390,44.8,224,8,0,773d716e333f0842f3da9c0e40865974887e58023ad7946eeffe10dec0e70d67,d07fda711e8d7b3e0d0c652fffee8bfba15c7e5de70b2712635c8ad47791e7b2,1.3232847000472248,4,crewmate
c7fa3e2c630f449beb1985e17dc5b63f9500ae88e1668eea8945221bc2b5b266,1,0,358,0,3,,199,0.0031243989942595363,0,0,2,0,3.004857200430706,0.34871400159318,0.06293430039659142,0.009251801064237952,PARITY,1,4.4825062999734655,2,6.106001200038008,391,79.8,400,7,0,8d892232d934553f917280c9e63d2c9f547db8d1a6e6a88a241997fc3ade0efe,dd77ab32cea05674ad7856da122cd88cfd67c55cbb126fb3a22729c0bc0c83c9,2.548456900753081,7,impostor
e4d1de1f635a723ef0309f881c9d904b2713ef896f69e24df0ff85ab01d3af86,1,0,274,0,1,,121,0.001858800183981657,0,0,1,0,0.9858249991666526,0.2226285997312516,0.04210229963064194,0.006347099551931024,TASKS_COMPLETED,1,2.468898299965076,1,2.8206681000301614,392,49.0,245,8,0,1f4e09980899c47e00ea2e4f8350784b4eec2fb2bdb469b6bce53a332c7de4cd,a46c846cbe49ca066ec4ef2098a8e5b4e1f6c842e855b56ca268e54d758c1e19,1.47518070100341,4,crewmate
4a4d8f74a1c7a9e5624b9507aefa29d5a863e0bfd229f45a4bb92da4ebb7a94d,1,0,364,0,3,,173,0.003161499393172562,0,0,2,0,2.391835599555634,0.35364929819479585,0.05963029921986163,0.008986501838080585,PARITY,1,4.197186500066891,2,5.426672600093298,393,80.4,403,6,0,86ab5e00dc10990ee67c3ca144b8e0d12d7c00128430057a2627b2912e41b642,2371517a595840660149ce1055f022fef17fc5a50673f0ea5896620db01af3d0,2.4807729995809495,7,impostor
aa92505ebb53e8e49de34c53dbb1eb389c9bf21cf35b7220dd2f75b166480846,1,0,226,0,2,,157,0.0025054995203390718,0,0,2,0,1.4646046997513622,0.23592159908730537,0.02658059971872717,0.005939400172792375,IMPOSTOR_EJECTED,1,2.8414784000488,2,3.60292129998561,394,57.6,288,7,0,623146a73f23e0a7194ad92bc459e284ce3c2a7aa6a97cf81e4596c90404ab9e,c6e9151548299e2a38d216864f0ed15a684678cc477ba3e7859c5e52d967bcf8,1.7668009999906644,7,crewmate
aa65278fecb95a8f6ca3ef1c773c85a9b3616beb38e851c20bed7d342de8f03e,1,0,332,0,2,,150,0.0022245001746341586,0,0,2,0,1.891398600419052,0.33289549965411425,0.05856539902742952,0.008513899520039558,TASKS_COMPLETED,1,3.7785836999537423,2,4.714893399970606,395,73.0,365,8,0,7011dca660cf98d3e65b47654aaf5eece838612df8c8b919d4fa757882bf4935,16cd77cf8093d2e0856359273b1588f77bdccb84be87eab79c31233d11154330,2.304504899890162,7,crewmate
84b98b0ce691204fc1af434e1bb9ca65dfc648640f08af1392e06b6727963c99,1,0,414,0,3,,181,0.002783298376016319,0,0,2,0,2.5576935989083722,0.39114440022967756,0.06749600206967443,0.010122598148882389,PARITY,1,5.655863200081512,2,5.8506212999345735,396,87.6,439,7,0,9aae69f150ee70a8aa80e69495048054c5e948a2f4ff66e198c3d7cbf8abda13,a7515ad5cf2db7dc66601a2a9f606be12580ca1ce940688a5bcccc3787efdf4a,2.681797299766913,7,impostor
59147881974bb476ff4a7e420a55e68ed1291682f2ed1d8f427d93a251be25c3,1,0,424,0,2,,188,0.003006900195032358,0,0,2,0,1.9747417025500908,0.4378919993760064,0.07329569908324629,0.010201500728726387,TASKS_COMPLETED,1,5.88452129997313,2,5.825345500023104,397,97.0,485,8,0,801a0a24a96eda190ba8e2cf2a1a16d12de4089333a86dedba8c6c4e6040e6e4,afe24979475f4e9299e05f9dec68d938a55c60f41a73d50b086b7dcd4484f283,3.182882600231096,7,crewmate
a09628f68aea04aec62b90315c03b2e5e80b9034a379c64b0c35094749c1fe9b,1,0,275,0,1,,123,0.002047500922344625,0,0,1,0,1.079638701863587,0.23787299904506654,0.04218649712856859,0.007088900078088045,TASKS_COMPLETED,1,2.8451787000522017,1,3.1173704999964684,398,50.2,251,8,0,7db90e076046142bea4b55cbfbb65c67776fa597aa1684a3bc0e3afa0e71d526,ceca71ac1df9c3525f5b56132fe738fbc6f11d6b2c2e7340c29d8bec8b538c44,1.6598771993303671,4,crewmate
b968bc97349e8433ca73089e780632f270703b9c45792dd5112e36f4078c21d1,1,0,347,0,1,,117,0.0019858996383845806,0,0,1,0,1.8731793025508523,0.27716060006059706,0.059297197964042425,0.007603299804031849,TASKS_COMPLETED,1,3.752957599936053,1,4.067672000033781,399,59.8,299,8,0,959f50c633c6e08d24c412e9b1cb30410071ea543c814be104370951f6214a6c,c8938673e10a28f7514ea5e22f31a89fe295e9c2428c405ebf7c9455b59cebc7,1.7516731998184696,4,crewmate
21dc0d07cc77acb5e489de8dacefa55ad8690e9bb3dd23e237110b96f0ad23f3,1,0,315,0,1,,136,0.002392800757661462,0,0,1,0,2.562603400205262,0.25703089963644743,0.0500181996030733,0.007717100204899907,TASKS_COMPLETED,1,3.79360530001577,1,4.604170099948533,400,53.8,269,8,0,0f763820931a8831e226e790ba5b8d2e5af5a21b1daface481aee5ffffe6765e,4c772eab403f31f3a22771c07e995bbc71463ab2b65d9a94615a3e5a06beb9fa,1.626482799067162,4,crewmate
0d3581ebd34deda44b0be74877c0b00528335c1fe723236c60e2faa54abb4f07,1,0,372,0,3,,148,0.0024328000145033,0,0,2,0,2.3860781010007486,0.4224112005904317,0.07325320190284401,0.010463999235071242,PARITY,1,4.921016399981454,2,6.080291999969631,401,83.4,418,7,0,1fa37a7c3caffec5374b6f6eb61f4be5799cea729fcfdbadd8d13b7b8229153d,d5dd9a5f79fd04725c58fd2ae1fb41ef72403432e8e1e8edd77a6bba5925e68a,3.0370766988489777,7,impostor
8509f363c9a04d0c72acbb478a12bbee1db0432cc710e96cba52190c4bd765d5,1,0,269,0,1,,111,0.0019543004455044866,0,0,1,0,1.7675238986266777,0.27089609927497804,0.05719090020284057,0.008117800462059677,TASKS_COMPLETED,1,2.8510843999683857,1,3.983481499948539,402,49.0,245,8,0,4359402647f7f281387359e73247db5d35228bc101e87e6d67951e1a37c8c814,e8b1c6676472f87df52b0f1c4498129814903888e8443a2c8147bd104d11bf7c,1.7710735008586198,4,crewmate
b8b91da1c3d629ea699af779e200c20c2f8538f1410e6b699c9f7d6b5762f5c6,1,0,350,0,0,,103,0.0019055998418480158,0,0,0,0,1.4648853975813836,0.28211630054283887,0.08502250141464174,0.009499998763203621,TASKS_COMPLETED,1,3.064798300038092,0,3.5744202999630943,403,41.8,209,8,0,a4cbc4d2dbe4463d375472e2135b5f0ff3d0e49321aa835f73010ae405ed29d6,0d70a6667f1dba545956b6d109a0983ad5c5d705cc3588c9773830ca5fa58b91,1.6331945994170383,0,crewmate
9c35a2892dd6567d5a3668cebf0e09eabd2557c0abb17c3590267691246f4367,1,0,343,0,1,,132,0.00216040073428303,0,0,1,0,3.144179601687938,0.3116571002174169,0.07405989954713732,0.010194500326178968,TASKS_COMPLETED,1,3.788571499986574,1,5.674370400025509,404,56.8,284,8,0,0981ebc5ccf6be3844976b648aa7d3b8cf25e582b7fbab8d5b126842cf3efb7b,bb159eee67e5fb59824765f386d6577a5017cf841588fa2d5461d7f6e7d8402d,2.015187699231319,4,crewmate
c0dc7b58d85917c40162494367806c3e0cdee2d444620cfd1ddf5bae22aa5cc4,1,0,311,0,2,,139,0.0025099001359194517,0,0,2,0,1.4421171977883205,0.3596518994309008,0.060050100670196116,0.009703400079160929,TASKS_COMPLETED,1,4.059623999986798,2,4.4496772000566125,405,71.8,359,8,0,149031c832842b1ced8fa1e35edac1433d6e62dd3e83bd0defc72b689497bc19,01b82afe34b2ec69042d42c28875546cb6ffa3e9cfed3468720ce8dff3fa0b75,2.4482421000720933,7,crewmate
fcb7b5d0264060915319a2579b8929311cd63ab57237f07846e8ee7e416d280d,1,0,307,0,1,,116,0.002337199868634343,0,0,1,0,1.652891997830011,0.2881112021859735,0.06351980066392571,0.0085453997598961,TASKS_COMPLETED,1,3.287086099968292,1,3.971590700093657,406,55.0,275,8,0,190ee47f596fffb86f8f8a97fdc82b0c29b25ab2e8934c3ad02b17bd636bd5ad,b0cdf8cfb10864d70d78d900647f8a882bf2642aaf92afcb3cab8d8893f2a46c,1.8514340998372063,4,crewmate
fdd09f461daf4979bd79cd82e0d9e378ddbdf36588b9dac2600a82293b2e355d,1,0,348,0,1,,153,0.0028442005859687924,0,0,1,0,2.7473274999065325,0.33102230075746775,0.06743660208303481,0.009829300339333713,TASKS_COMPLETED,1,4.434031700016931,1,5.498754100059159,407,60.4,302,8,0,4a20a8dffb54aac3e7e22be0c17ee8da4ac15bf441bbd376a72cdb285c08a89c,bffe411266ea3053544b644e016e97445ff50970c1074e15f1c86700d160d118,2.221371400519274,4,crewmate
5767192a2b061393c8bc67472d510814e0abbf66f4f4a0063a8641bf599d8771,1,0,225,0,0,,82,0.0013335002586245537,0,0,0,0,1.1071188960922882,0.18245340196881443,0.04564980126451701,0.0061388995964080095,TASKS_COMPLETED,1,1.7687316000228748,0,2.409717599977739,408,26.8,134,8,0,cb02d2a2582a38199e6c751ba25f9fee463d2a25c68f9c3bd6de29706f9417bf,e9660d02f4dda591c377d20bbc1fcd6d602bb38bc747d5f2ba4bc3dd413303a5,1.0046922002220526,0,crewmate
7bcb732475a65ca098f043ac51352126ac50d3fa503d21a2e33b5bc71b5b1e32,1,0,290,0,1,,131,0.0019294001394882798,0,0,1,0,1.7349350006552413,0.28680529969278723,0.061291699297726154,0.008358400431461632,TASKS_COMPLETED,1,3.2437986000441015,1,4.05386039998848,409,53.2,266,8,0,17b47e6aee715394748a20982635a19fbdbdb8348bc6718fde467a608c4440f5,d90038db3cbe30b3638de9f1ad28be7996c671a42c696f34aa88d6cadb126593,1.855753100127913,4,crewmate
7f4f0e1d7ed9e9314de2d8f0d6f5d87a998aecf5f951fa94cc7ff7f456ad161a,1,0,301,0,1,,110,0.0019476005109027028,0,0,1,0,1.4432357016485184,0.2393078003078699,0.05915009987074882,0.007728400290943682,TASKS_COMPLETED,1,3.570020899991505,1,3.3500665999017656,410,49.6,248,8,0,173af5403821956879b4b488c3144f5aafed424b49553996b15fbfae1c6b83b9,9348c3ac0ac9447e012a42fb2812b2771d2afb1910795b88e62096a917bd534c,1.5057053021155298,4,crewmate
d938c3f673d95324e54d78e59b178986a04fb69520005f5963aa404c53cb9297,1,0,271,0,1,,109,0.0020879998337477446,0,0,1,0,1.8184626987203956,0.28279160044621676,0.0554957011481747,0.00822380103636533,TASKS_COMPLETED,1,3.397338300012052,1,4.08142990001943,411,49.6,248,8,0,38c348def45a15c2a88308cc40489f2db00d1e74a9613267ecce6702f274f650,b1f0752ca6a472b695118a47c49bb834c8f2dd6256f2878ff6c5d425df260285,1.8044689988018945,4,crewmate
4dc6c58c9a1a1a5232a5b0575f56a026a62306d13a327f16e73be52be4a5d73a,1,0,350,0,1,,121,0.0022176001220941544,0,0,1,0,1.9045908998232335,0.3019693004898727,0.07703929941635579,0.00976510054897517,TASKS_COMPLETED,1,4.282316800090484,1,4.300607799901627,412,56.2,281,8,0,c571397c660f326295d393f8a0d9b814373ad3e02bcc51a47b24329722e24ad4,36ec024a329c0f77e7eed5bf2e9e445faccdb6c52de07291b48afc5cd3dead8b,1.8912234996678308,4,crewmate
0684a22ef368a09c3c86f708632c7b2acfebc46ff59f259bb952bf52c7def32f,1,0,265,0,1,,137,0.00257869902998209,0,0,1,0,1.4823548011481762,0.28041249921079725,0.05217630113475025,0.007954499335028231,TASKS_COMPLETED,1,3.4871107999933884,1,3.8028391000116244,413,49.6,248,8,0,6c6aa30ea2a848df9d34f225ecf7486c6831bcbf3d5f643f515ecedd6c469f26,0cac87c986de68f713ddf13b59942483de4d74f5598bdef89f5f40c41eecdb77,1.877707700477913,4,crewmate
3006f1db9216d710949c005938beb4a3a1ff7ce7d028b3fb99faa5981df6d910,1,0,399,0,2,,186,0.00321759982034564,0,0,2,0,3.264789000269957,0.5190409000497311,0.08840859879273921,0.013217100640758872,TASKS_COMPLETED,1,6.653935399954207,2,7.7652016000356525,414,87.4,437,8,0,02d0d5360d568eb82ca5c9469761957cd165f5f7db1e66dc9505c4909ce55faa,d7486be3adf67a271ef6cd9407c0dd74a842376a04220f71c8c4560d04fffbe1,3.6939966987119988,7,crewmate
570bbe83186380d6f52bed8809d6ab1f32779dc590483b739b59bc4c17417613,1,0,370,0,1,,150,0.0030546996276825666,0,0,1,0,2.641433398821391,0.36366279993671924,0.09201350051444024,0.011564600514248013,TASKS_COMPLETED,1,4.894369499990717,1,5.55507379991468,415,58.6,293,8,0,b110303fc631074170cdee402f79c9d959dd86fea542d1c72353bd0c222803d1,eaa1649c51365d763e9d57eea852809bb6bea2f4d9738406203bf9fb7b8f4820,2.313753199065104,4,crewmate
cfc49b07567c881ae45f2935f5836389a7567fb4acf029ae0aa320e0cf825530,1,0,369,0,2,,144,0.002489398350007832,0,0,2,0,2.903529097791761,0.5020476990612224,0.07964240154251456,0.01243920053821057,TASKS_COMPLETED,1,5.8442422999069095,2,7.0567078000167385,416,82.6,413,8,0,98b65a567714fd2ddd725259e12291167dd8e67e41ce1bac2638b1e16755bb29,ba819c74e3e475d675968ea3059b8c38f9c4786d645a220fbdf0706e7e38f40b,3.387979901046492,7,crewmate
4e62eaac2c034c08dc619e7c0dd586919cbe0f290e20524dc95688b5d3569244,1,0,296,0,1,,135,0.002545199473388493,0,0,1,0,2.032927500666119,0.30132280045654625,0.06357469910290092,0.008906699367798865,TASKS_COMPLETED,1,3.7022450999356806,1,4.461193900089711,417,50.2,251,8,0,a037e9bb333d340239620cdb1cc44c9057fd0878fa04e8755712dea35a2cb55f,65ced95b2b8bdb5c1e013781325e4dc60a2b46be4d105d934dcadf5616be689e,1.9426500013796613,4,crewmate
c321a11d503893d05c56e5cfae5bd90275aa563c9998bb873c5a84671940b278,1,0,374,0,3,,172,0.003058399190194905,0,0,2,0,2.360544196446426,0.4853477005381137,0.07763250183779746,0.012215700466185808,PARITY,1,5.575203099986538,2,6.496503600035794,418,79.2,397,7,0,cd4514eafcad186aeee19131c1b9e312964fa358d04c4470eb06f3f0eac5d411,a42caf2f32fdda3b64679c5deaa5bf9ea95c30c290a4e147dabedc7afa88f550,3.379237099317834,7,impostor
ebc3292b6d4f8f161a0c6ab486af72d3bf9729a7f6bdb648a983946369325f81,1,0,340,0,1,,127,0.0024677999317646027,0,0,1,0,2.654963296256028,0.40887019922956824,0.08430030255112797,0.011086700251325965,TASKS_COMPLETED,1,4.780019299942069,1,5.838984200032428,419,59.2,296,8,0,40a3b99dbe2eaab9fb062b34513ba56d2b549888908280be905bbb9870d26dd8,fce4f077eb728450182717568e5cde8e2b6ddbf4bf8a0d77095886f0c9eb5fa5,2.5369191004429013,4,crewmate
fa0674e075b6be707fa7b772f5b2447b01d92e3adaf3e6b9b35d14a76c637e31,1,0,348,0,1,,179,0.003582498524338007,0,0,1,0,2.735345798311755,0.38331139856018126,0.08734479977283627,0.011478700442239642,TASKS_COMPLETED,1,4.26979259995278,1,5.925060100038536,420,56.8,284,8,0,f9085d52f13a17dfba2712bb416c569e20a6681b444b55d2d9c84bf98736c7ac,46d832fbee5f1b1c92367a927246719cb1a84e95066bace53fb46f957ca9548a,2.5607678999658674,4,crewmate
7be5919b681df46e78f01a2a1c139b8a58d25836b12750141f8c8a981fc8bece,1,0,380,0,3,,168,0.0033116001868620515,0,0,2,0,4.941765299299732,0.5605490009766072,0.10435649880673736,0.01415419892873615,PARITY,1,5.498984599951655,2,9.851904200040735,421,87.6,439,7,0,b55fd228befab2f63f32b06df9af564edd7a5f235d82432a64a7e8c6182f1191,9e713e79f99de3c75a8ecbb32dc73c0c429532ff5f6c76b9e8ab97765169da1e,4.025942899170332,7,impostor
6f4f6f8dee99de4fdc26814148fd7421fe9df08ae3fed96535eab82b8aecae52,1,0,308,0,1,,121,0.002491500577889383,0,0,1,0,2.0797200017841533,0.34795459965243936,0.07710570027120411,0.009876699652522802,TASKS_COMPLETED,1,3.3316257999977097,1,4.877940900041722,422,53.8,269,8,0,9960a6f69bd5be10e3c57229ffa048eaf34fa960e9c577a69c7b05c023fa10b6,52840c2fcd8768d898463ac57d75f2882fd872b85c07cb08d2340ee952314edf,2.2327466992428526,4,crewmate
286d398ff69e0969a12544bb256538601a3d7136efbba7397c8c1575fd64ad37,1,0,354,0,2,,169,0.003532201051712036,0,0,2,0,2.644891200819984,0.446183601510711,0.0908579007955268,0.011446299962699413,TASKS_COMPLETED,1,4.728353500016965,2,6.485846500028856,423,75.4,377,8,0,3d019e13fd560b6f384a19b6a715cc64773c48e1df959a3e8f4a8053355a0edd,7c5c737200d5035e5e41a237fc3faeacf3fca38e76d28f79ede9372f8da941ff,3.1148636982543394,7,crewmate
aec2ca49f81552f2516c032559b138b7177fedd262a20a12b6d8fa5d0d570b8a,1,0,384,0,1,,150,0.003048700513318181,0,0,1,0,2.6646362009923905,0.3815981015795842,0.08936590049415827,0.011687099118717015,TASKS_COMPLETED,1,4.751975600025617,1,5.770892599946819,424,63.4,317,8,0,a46411b744105f66049aa66db81725eae528b9f10826feaecc983853acd3f3b2,705a24e807034f850e6c11cdf04a28435e3dfb62ac6c6a8e21d2a8b528b9af7d,2.4882824996020645,4,crewmate
4bdf8cdb53f87376475e3d597586e4c87c7592d70dd3dd33c047ed8a747c1fe3,1,0,391,0,3,,182,0.003228001995012164,0,0,2,0,4.907441698014736,0.46492269926238805,0.08023900317493826,0.01226180256344378,PARITY,1,6.124236200004816,2,8.955654800054617,425,88.2,442,7,0,12d71c118a57f2946b24a43ae93eb7db3a95db95b57121cd6e762205ea57f518,a01701c90768ef55146bf8c5c3ea485753748b1d3549367f74d0cb5128ec1f32,3.313415600336157,7,impostor
76a62270cbc0a50aa415dccddde4252fe472f3f4122320d1aa1ad54fa479d986,1,0,347,0,1,,182,0.003813900286331773,0,0,1,0,2.134357800008729,0.3205835010157898,0.07533320039510727,0.009428100427612662,TASKS_COMPLETED,1,4.629580999957398,1,4.79416220006533,426,57.4,287,8,0,7e7116eac622d5319dc4bb4da7a9906421fbbc61f0f00281f98e2f7fda26600e,35222203c81fa4c013491502914cd42964225b75fc6cafa93f63b846f262c0b0,2.130929700098932,4,crewmate
20d1a75cd411d464b877b8f5dfe0dbe82005c825d976064222706545cb16c9b7,1,0,269,0,1,,138,0.002409200416877866,0,0,1,0,1.0874216004740447,0.255494799464941,0.049755198997445405,0.00817209982778877,TASKS_COMPLETED,1,3.100319999968633,1,3.2594505000161007,427,49.0,245,8,0,7fd827218bc9a48cccb245e5e79afea7969ce9af26f2f9ce968234cc41e35ce9,7b30d42f69afbdf0f008c7b5d46f6acfc3313045d9c0bbf9c86ac744dfff4840,1.7564614992588758,4,crewmate
0c6831fde92a8c520586376db6c5791774987452237730da724db75ff5c233a6,1,0,297,0,3,,166,0.0029473010217770934,0,0,2,0,1.3255397025495768,0.37548059807159007,0.05066040065139532,0.009119500638917089,PARITY,1,4.035166100016795,2,4.558694299892522,428,70.8,355,7,0,889b57703b9c3882b0d4c55fb241ed479d7687816490af892aa6dafcf0a6915b,18e7bc42389510796d712224a8abe4cf255d36e49148327586ebc0fcb78b900d,2.654556598281488,7,impostor
5a1e6bf844a693a735d3e847811e4cb44ee9b2fba811d785846e74114e5aaa8a,1,0,325,0,1,,158,0.0028544001979753375,0,0,1,0,1.976881700917147,0.33699890004936606,0.06494699965696782,0.009561099577695131,TASKS_COMPLETED,1,4.041794599965215,1,4.600299500045367,429,56.8,284,8,0,e7f321a8a122828cb5d5cd40c78dbfe49af2de4843bfdf59750cbe5cb0f3727e,1f6fa5329f66ac4a3b9143e39da772813e2a3dae7baac703bc5a18081e61ea11,2.0973026995779946,4,crewmate
3c87164fd34675e0ed422375a2d9675bd8310e219734bdb5358006ce55284f48,1,0,341,0,1,,119,0.002121799858286977,0,0,1,0,2.3556257017189637,0.36089539935346693,0.07673469965811819,0.010599399218335748,TASKS_COMPLETED,1,4.839398400043137,1,5.2098759999498725,430,59.8,299,8,0,6000a402fc7e1c2b9a55733f4e76ea259b82d7347c19ddce2577638e51276e8a,e13a530e8dc8dee58613c7bbd3f26ec509534f39816eeb530071c453c8aab07f,2.281235598726198,4,crewmate
5fe7bc806d41b3ee668b6547b4ed320e5f0c98b6dfc8b01f9ba4d2fccc7d814f,1,0,333,0,1,,134,0.0025527997640892863,0,0,1,0,2.0398140957113355,0.3527609009761363,0.07839750242419541,0.010184499551542103,TASKS_COMPLETED,1,4.459739900077693,1,4.869261599960737,431,58.0,290,8,0,3914063ca1247f59386ada01f872c4641a073bdfe27922bd8248b05aff9b4cc0,2ae55b1343c0a03372d440515cee482c9e55ac466927b5dc25b8330b96face21,2.2619510993827134,4,crewmate
2779a2b4116b63794aa1239fa66bd92c28b0eafaeabd882632a930e537c96b37,1,0,464,0,3,,153,0.002679999335668981,0,0,2,0,2.631921701133251,0.5059429004322737,0.10129299620166421,0.013247301103547215,PARITY,1,5.93219229998067,2,6.971089500002563,432,90.6,454,7,0,4f2f2ebf42c03ceb762a7a3801a18d72df35deed5ab662cd23b7bc32ef0b52cf,a51f41219dbd04d44ebd0e390e6d37684ef8208490a72bc99b8f23e3ae14537d,3.520375101827085,7,impostor
8f8923925b00d482042b75ea8e2e9d863a0213594e9f1f9cc107181ea1ac9c4a,1,0,346,0,3,,172,0.003212100127711892,0,0,2,0,2.8083504987880588,0.44625360087957233,0.06971839966718107,0.011022901744581759,PARITY,1,5.466191100073047,2,6.663060399936512,433,78.0,391,6,0,d27b62dc57d68cdec7408854a422d2f6b0738713396800af80fc8f010a933302,bb1302a407edaec3d6e9f8562ee3b2e9152cd93882b848ec66e96600d7adb80b,3.15760949999094,7,impostor
be540f47302e4d7b373ac28254cfc2e1eda6ea6a0aa1113ddb816aa9a0fc6f34,1,0,386,0,2,,178,0.0033400999382138252,0,0,2,0,2.7952290014363825,0.5060274990973994,0.09248210012447089,0.011925502098165452,TASKS_COMPLETED,1,6.09199390001595,2,7.229977100039832,434,86.8,434,8,0,42935d11370ef37ee8ecd647e8df4f7ee0a5bf20ec7fb3b59b4b6481e5f3e46f,32342af2fe89522f20bd36fc6f49491255aad5e04cde08444154b4666d5a0649,3.6474417013814673,7,crewmate
a38d8887b002a7d8ffc6657df103a8027c9aeefd655c7d7c42eda1ec1ff29ad4,1,0,230,0,0,,95,0.001769599737599492,0,0,0,0,1.2571193985641003,0.21588590054307133,0.05021230049896985,0.0067328003933653235,TASKS_COMPLETED,1,2.192381300032139,0,2.7217629000078887,435,27.4,137,8,0,fdb3fe91e48fdb3a074319b8a00a0c48e4278fc84650670716e98ac41c821d38,16fecbb5470130ea6757e0a7df72084a1514d9738ccdec5fb44f4fe1bd4664ac,1.1162572001339868,0,crewmate
8626002b14268af2db9aa6135785a82e9e13cb7843dcd3fceea4fb040119a076,1,0,235,0,0,,116,0.002297600614838302,0,0,0,0,1.5661981019657105,0.2353973004501313,0.054309000610373914,0.007422899594530463,TASKS_COMPLETED,1,2.451864399947226,0,3.2941004000604153,436,28.0,140,8,0,7ae85573736a738a498c282298a3ba0822b2af2e79ede0eeea4ff66f56001afd,65a3dfe471a0bf7990cebc495eef3a99e39b69f5c9657849a8920450a08beb6d,1.357940100133419,0,crewmate
3280c8c5e212eddc910af69b593887cae46bfe915bb9ac986b593075f0fdf700,1,0,326,0,2,,136,0.002400400582700968,0,0,2,0,2.137639999971725,0.39609379996545613,0.07318800070788711,0.00995640188921243,TASKS_COMPLETED,1,4.3939564999891445,2,5.564169200020842,437,73.0,365,8,0,563e47d07cdd3d208ab292e54e9e05de78bf8eac644e77a69d136077b0faef81,cb56c2da06e59ec9ec4f1737adb457214306d633c8a9e1513af6d30d3c811bad,2.7941764999413863,7,crewmate
c48658ef020c2de0fe82e0e81f495da2911547fa3a7fb85a95303e4f4b35b83d,1,0,338,0,1,,131,0.0025687000015750527,0,0,1,0,3.024090099846944,0.32954899908509105,0.07667269930243492,0.010137501521967351,TASKS_COMPLETED,1,3.8569237999618053,1,5.70478509995155,438,57.4,287,8,0,917a4f31b9606096dfda3b8ea845cff811039ca1dc2f64e7f7d23fb5d26a322e,ef7a38d6670d2f15d952020e309451d483d1dbd28b961a0c2b959553d59a4d9a,2.139533399604261,4,crewmate
821a1bfcd1447cade966c260d356a25da9d36b36d680b862ed9a9e13f3a135a6,1,0,321,0,1,,134,0.0023878009524196386,0,0,1,0,2.477180401678197,0.281367200310342,0.06834009825251997,0.008707701112143695,TASKS_COMPLETED,1,3.7143916999921203,1,4.799360999953933,439,52.0,260,8,0,d7da26a819b1b295c75d3662b60751471845b0c7beb99c1fc6f841da43f0df43,f5a62b17431d57e08d92dacb7929ea8fceb62d737671071efe39a725d454d8a6,1.8521333003882319,4,crewmate
cbfd5dfade306b1ea38ff4989769685c19146e0cf098d5223d7087ad62781caf,1,0,371,0,1,,139,0.0029656001133844256,0,0,1,0,2.213948701741174,0.35761130147147924,0.08388789906166494,0.01078319945372641,TASKS_COMPLETED,1,4.6265536999562755,1,5.09526289999485,440,59.8,299,8,0,28597b01846f67154555f410ef91878d9ebb8783726ffd9726c3c57dadce1644,cb40e2066ad469bbbc9f34793e214a830fab68dc7995b9a8df5ec4e3859d2399,2.2975640017539263,4,crewmate
9024a8baffd4a442779ce143df31760cc527fb0de99384f037bae69b5f028e37,1,0,396,0,1,,123,0.0023068998707458377,0,0,1,0,2.5927347014658153,0.3703110015485436,0.08706039958633482,0.011825897148810327,TASKS_COMPLETED,1,4.98201949999202,1,5.559432800044306,441,64.6,323,8,0,0b556ce470ff4286b0882234c5699096f798ae07719abbf409c4c20806f92669,79e9d86aa56dd0b035f878b9703703d95b9abd767a473c03fdebe3accb57062d,2.367078998708166,4,crewmate
27d6f0c7b5e4ea4f7da8b7104204ea627819f038c9a860653f047e2138dc7b11,1,0,327,0,2,,163,0.0029715998098254204,0,0,2,0,1.144207100616768,0.4421427014749497,0.05879409913904965,0.010284398915246129,TASKS_COMPLETED,1,4.816366199986078,2,4.971996800042689,442,78.4,392,8,0,0510680a73ce52904ededee669ff4b1ceb9fd84677f4d10b2b230197abb9c791,2cba07a12b544db225b90b226f1b66aa8082fdc0225beca3f95c76a49b09cbe4,3.15746870089788,7,crewmate
26e0a986d5d911060b78a8c902ec0a9747651fc0538fe4547240301b10264630,1,0,383,0,3,,189,0.0030703998636454344,0,0,2,0,2.889283199678175,0.4674539999105036,0.08405809907708317,0.010632999590598047,PARITY,1,6.756384099950083,2,7.033580499934033,443,84.0,421,5,0,f5ee12e55c2e025e34d539d97318bcb472c8622bff407a46d5f22e5fca36e49c,3fc0dfe3cea75815b22ca2889a252259defe7a75a7260750666d5e02ae28d0da,3.4111321025993675,7,impostor
442e2b938e9230ccdc6ab77b5fa0c10ef6e7b7d26e9690637230a78f9e449988,1,0,284,0,3,,176,0.0028673995984718204,0,0,2,0,1.764680098509416,0.3695952008711174,0.056938998866826296,0.008514200919307768,PARITY,1,4.825312500004657,2,5.1216269000433385,444,69.0,346,6,0,a9a79744609ad97cdeca7a859fd462dfd51a69571b09567f40cd384e93ce7f9b,220071757532b8860250a3cbb5d61c4da11b69ec81772f088030b857b0f291c0,2.775142298080027,7,impostor
7a1082e603bfd6e7540a40df386af6dfc1300ad36320cbc13a6a868d51839bc5,1,0,337,0,1,,127,0.0027340996311977506,0,0,1,0,2.414859197451733,0.33101300173439085,0.07223170006182045,0.010236599948257208,TASKS_COMPLETED,1,4.752211699960753,1,5.052957499981858,445,55.6,278,8,0,ce3bbf5689aa900b7a743f79af13c9626b41be9de0565c4c379cfb4bf89f4975,3d24f4c67db6b2fc3aa55fd9d4c8d822d08d6e19f07895eae6bd7760a0abec29,2.0994829995324835,4,crewmate
466a916abda49633bb55ea70c8f378894faf66ab3c694e50d59a544d7b387c1e,1,0,295,0,0,,87,0.0025145994732156396,0,0,0,0,1.6568569008959457,0.26580020075198263,0.0674969992833212,0.008321099216118455,TASKS_COMPLETED,1,2.935286100022495,0,3.458502000081353,446,35.2,176,8,0,fc69474294738b1b58bc2430a8d40fc617161b95e59475d039239cbc4730d984,4c5e51f98dfeba7b6cd3f752c13c529121aefbc342c2cf4a050a312ac5a1f066,1.374159999890253,0,crewmate
cd440c0b58635ebcab4a979419e19e22a34de55fa791727c96ddd1605d94f4eb,1,0,303,0,2,,141,0.0024956008419394493,0,0,2,0,1.9919865002157167,0.4080006000585854,0.05925649777054787,0.00942869985010475,TASKS_COMPLETED,1,5.35109230002854,2,5.509975299937651,447,73.0,365,8,0,550ad4fb2dc9ae2cf89decf24209047bb1c6321b3d1153da7d89286b2695ceda,7aabc101fafe094a781becaff37eec9bfb0a3ac382008148c5099b119bf91419,2.896764799952507,7,crewmate
480352c9a31a6b7c640c7d92d681e8b5041bed4b6f0673a4f46ba56dd19de3ec,1,0,280,0,0,,102,0.0023968007881194353,0,0,0,0,1.7935478000435978,0.26606730022467673,0.06304760021157563,0.008291800157167017,TASKS_COMPLETED,1,3.123486199998297,0,3.6719401000300422,448,33.4,167,8,0,1f449d989fe8661e478336909516b8a7e746b8cf48d23c4cb101efd39947712f,02744cb819efff1af17cf25cffb6392b3947f77ec118fa3472f2da7e02c48dd6,1.452748699230142,0,crewmate
99847748500dcfcac4d8cc0b54c8f8ad9efe3f22c5cfb0524db2ffc782aa1baa,1,0,404,0,2,,196,0.003749201772734523,0,0,2,0,3.361928900470957,0.5680041995365173,0.09849719924386591,0.013638900127261877,TASKS_COMPLETED,1,6.2732173999538645,2,8.214317600009963,449,89.2,446,8,0,370079326d570ebafafbf0104a651804469f4edd8f2ae60a827aab9136a6b858,e644c8caa5babe90ca588bf685167dc8858fa36b7f3bc24a8fe470ebb7846c2c,3.987292498582974,7,crewmate
a9ea17f066a2908dbc6af63dbc9b4a15f5c320f239f0b57f26eee50ca44ac337,1,0,270,0,0,,93,0.0021177001763135195,0,0,0,0,1.6498128023231402,0.2706330993678421,0.06791319930925965,0.009104500291869044,TASKS_COMPLETED,1,2.8938202999997884,0,3.478915899991989,450,32.2,161,8,0,de57ca3f8620ce34d0e180d1eedf6a01e8c1911970a852c5db9bb2ed72ed2773,4661362af8d74f84feab82cec72854229e0630f9a2ab92190cce644079b7e2a7,1.3904365001944825,0,crewmate
fd47ded014ff3847c40167c9011b416fd7764972a60f758852f1079ec8f00d00,1,0,378,0,3,,157,0.003149400348775089,0,0,2,0,2.5577104011317715,0.48158199922181666,0.08331590064335614,0.012291201623156667,PARITY,1,4.820315900025889,2,6.587392200017348,451,80.4,403,7,0,5843fa8d64dc3ff718409798054ece4632c0ffab9455c18fb8d13f85a2046a7f,cf1056a862fb3b0f210540397e5c53cb3ce89558a98a93f44d65685d0dc861b9,3.263810000149533,7,impostor
8f8b370368c87ecf27ec00924c683c9a634605a6bda6524f4aff83594979a185,1,0,225,0,0,,74,0.0017308000242337584,0,0,0,0,1.310362300137058,0.23235109949018806,0.061989000416360795,0.0079953990643844,TASKS_COMPLETED,1,1.8963178999256343,0,3.000684400089085,452,26.8,134,8,0,3b91feb29d6e6aaa3ca295a8bb4124c0cfa11f4fc07986425d0979b9b2f1e11a,38d5ec39e81350abd326d8b1588e689dd416817d0d1f7a31f500ed1630905018,1.2997076020110399,0,crewmate
fd41e148c372bb3482cd19846bfb78e3cdf535f7a0d67f16a21973e630fc5b46,1,0,245,0,1,,134,0.002702300203964114,0,0,1,0,1.620281700626947,0.2842818998033181,0.05641279893461615,0.008566300268284976,TASKS_COMPLETED,1,3.016841599950567,1,4.0215352000668645,453,44.8,224,8,0,c27a679e152697a77db88259dce8ab45ea448703a77e888507ac391b4095e14d,7c438ceda83fb4ec5aa933ec9a6505a3fc5c18a827b96c1d2d90f0cd0722c8c0,1.9407049992587417,4,crewmate
084e0fc5fe296c3819e3e19157d4b5e97258dd2f4bf441bcf95274edf590aaa1,1,0,335,0,1,,128,0.0031850001541897655,0,0,0,0,3.8380158939398825,0.29995650076307356,0.07865220366511494,0.010671599651686847,TASKS_COMPLETED,1,3.364651200012304,0,6.066798400017433,454,40.0,200,8,0,d524c29c0cb6144fcb25724348a216a4cfd0c43944cb0fe11cab8a98157426cc,76f65b33669bf3a4ceb8e62bdbf9f13110c6a21a8d7807843957369120095f7a,1.7317993993638083,0,crewmate
d8b88d0042bfde08fa315e7f9f738180011afa96a00c045280334966004e278a,1,0,342,0,2,,142,0.0024602009216323495,0,0,2,0,1.8351519999559969,0.40677270106971264,0.06922680023126304,0.00989710004068911,TASKS_COMPLETED,1,5.110922499909066,2,5.26741250010673,455,77.2,386,8,0,d01d796a06ab5d62faca1ababb50c82704ba39223e94f8d4ccb5321dd206ae7c,9b174d64cf5ff7c65760ec7fa18feccad24daa7e037e89e829d3baa622164819,2.797167600831017,7,crewmate
eb81dbd29d7010a2141f3692a385e00cee0031357723d10f4b0191e59b5f1eab,1,0,305,0,1,,149,0.00282699940726161,0,0,1,0,2.62098500225693,0.29334390128497034,0.06040219950955361,0.008948501548729837,TASKS_COMPLETED,1,4.005509799928404,1,5.040040599997155,456,52.6,263,8,0,0bea058010c9adc2db7d9d9ebad354fe0f1ed923b0038919da030bd31492ff3f,6c4f9d55d9544c5e217cdff07555afe6de36abb4e404693f02e11e0c1d4f7b39,1.9423750003334135,4,crewmate
4cfc9265b8250be06c5a2ac42ebf75e46c2b847cd7d61b9ce18f82a740143584,1,0,332,0,2,,180,0.0031819992000237107,0,0,2,0,2.0827322005061433,0.3584407999878749,0.06812060147058219,0.009134000283665955,TASKS_COMPLETED,1,5.02162610006053,2,5.249777799937874,457,71.2,356,8,0,278a5fc7c75973e0e8d48de7190172fa4d922068a0bab7d45d943e45dd5aa21b,29944d52ba8c413f9065172822934da83975ec57c3cf52e68d86801c8d98a0f2,2.594349496997893,7,crewmate
f533ef6ae0471ce5fba7587dbaf29bf9526fcd507b7449e8d79f220e4f0e1ebb,1,0,424,0,2,,171,0.003269099979661405,0,0,2,0,2.8805352030321956,0.5077566020190716,0.09117780171800405,0.012641798937693238,TASKS_COMPLETED,1,6.321981999906711,2,7.286209400044754,458,89.8,449,8,0,bb2ba96183aad9ec31b30953741293f1564631279f0ac54f546296d1bc2ebb2d,3b752efc4a0e921ace46a5ed197aedaa1cb8c0680e2f1c93f28476ead0790bef,3.617561698774807,7,crewmate
f782b09c45fe439e3e75676559079af9956da6a8296eec9d27981e926a6455e0,1,0,316,0,1,,122,0.002278100117109716,0,0,1,0,2.16234979883302,0.33322819985914975,0.07122030050959438,0.009570498717948794,TASKS_COMPLETED,1,3.8846025000093505,1,4.850935299997218,459,55.6,278,8,0,7d03cbb4ba3b5e4930afcab1b7b47c5f08650220432167baa77c8bd280616717,4662e6bfa58721692a84fd2afdca075dd0c4378174c637966510b7985df80637,2.156666300841607,4,crewmate
400e3d44f43b2875de21b589827e74a53e7b248274322c42df040f651ad38d96,1,0,355,0,1,,110,0.00230860011652112,0,0,1,0,2.5007312014931813,0.35414330172352493,0.08615899831056595,0.011285299435257912,TASKS_COMPLETED,1,3.9805475999601185,1,5.177427900023758,460,56.2,281,8,0,af2d5fc4abb11371c79c42a28df364a17ba0c759d518136d7536f9ae7776fb3b,d12bce9b9ef9939985c482e46b9c39c34f496a84091c2d195bbfe39daa159c97,2.0958512981887907,4,crewmate
445c2db43840d3d34e9cd6706260323874074c0b1e04bcf94f0448b71735f104,1,0,394,0,1,,134,0.0026434005703777075,0,0,1,0,3.5643953981343657,0.40694750181864947,0.09408890339545906,0.011766299954615533,TASKS_COMPLETED,1,5.552224500104785,1,6.951393100083806,461,65.8,329,8,0,45b2f3647e7dcd265cc411f5ecbbd4060fcf9411ae71c883dcbc3c7705b7be09,6c0bd43edba9ec2d2d0bf51641fffa000c884e88922d4786e47d2ccf823680ba,2.7324664985062554,4,crewmate
2ded82dd2f6b95a22c13b4e08785b58277a7179a2577696df2b683962fcbb29a,1,0,324,0,1,,118,0.0024333996698260307,0,0,1,0,2.8265476989327,0.31641800061333925,0.08051729865837842,0.009599799755960703,TASKS_COMPLETED,1,3.839640000020154,1,5.38269780005794,462,53.8,269,8,0,2348509af7fcff55769cf035fb9809de50bc721b1e8fe2851da885d93cd49ffc,b2dfe423bebfe0be612878acd54cfcad7097a44d79663432c6da0668b02bb69c,2.0258335998514667,4,crewmate
c826baf313bbdb0e3c7e6901c59cdac9c00720332da683c1b1e158e626fe9aa0,1,0,304,0,2,,151,0.0029447994893416762,0,0,2,0,1.863574798568152,0.3824547997210175,0.059758700197562575,0.010124100837856531,TASKS_COMPLETED,1,4.169583500013687,2,5.242256799945608,463,69.4,347,8,0,14c284d1c7b0f4df4a883f77d34a42cbf91f1f2c6ce1f77d2c792828421efcec,b47b85ed7472ac9402e9ccd088a176e100a3500f29167f734d633c43fe8c0e61,2.774554298259318,7,crewmate
41bc0ffc4b39b196a5b2d7d2cef56534200eed3c71a03329253c21c249538497,1,0,335,0,0,,94,0.001886699697934091,0,0,0,0,1.305183601565659,0.2823621981078759,0.07401049579493701,0.009520401596091688,TASKS_COMPLETED,1,3.1361868999665603,0,3.3408339000307024,464,40.0,200,8,0,72627ded2e169c9f167d6aac6b07577c360cbbb99427f22c3b56338a71e814c6,071633248d6064784bc789ea73ec58600fab783c82c67154ade8d3c65feabaf9,1.573136898688972,0,crewmate
ad10105896519855493d8ee6aa23d16c2a68733603d7e54e20f1122de6d1b161,1,0,275,0,0,,103,0.002103299950249493,0,0,0,0,1.6444782976759598,0.24156889936421067,0.05783050134778023,0.007338300463743508,TASKS_COMPLETED,1,2.8079452000092715,0,3.3676866999594495,465,32.8,164,8,0,34211a2807b6e9886a3b862a71aae3ee7462ccc6dae43f2a6b7dacc188f6835d,b104cce420fe1322e18f5b1c5ecb50588dd3e999b1fe51f4dd339d1b6f9b264d,1.3367132988059893,0,crewmate
89293785c07a7d67f91e59903cf5b25d9e573756f183b7744864c44f1dd49d5c,1,0,263,0,1,,136,0.002465800498612225,0,0,1,0,1.0173881009686738,0.26788129936903715,0.05297859979327768,0.007729399250820279,TASKS_COMPLETED,1,2.73735760001,1,3.2514038999797776,466,47.2,236,8,0,fc60a8f7b5b8068cd99bbb6a55c2848a8959b6c71ace52f3b539a71159dfe743,2dff3a6d8506c00904065b54c70c85fa73486c3d6f06ff1767ea1c5721bf1fa7,1.7990118997404352,4,crewmate
79351c82a090ee15a2b68dd4456a7d4c137cdbb7d4de9d4c7ddce988ac072f88,1,0,278,0,3,,159,0.002770000952295959,0,0,2,0,1.0879802025156096,0.3496647010324523,0.05073629994876683,0.008236099034547806,PARITY,1,4.447161599993706,2,4.267808499978855,467,67.8,340,4,0,9a2f8631a65b19d28b5f5bedf04f56567ef0047da9d89b78ca114ce7dbdad0ab,08a3e7d4e581d4ba8fd7f17ec46ee5f3e3c1cf791a354de6aeb2bc46887185dc,2.6335258987965062,7,impostor
a70dc67b771122b4322c317dc780cbe6a8d90aee9855b478c35b36c5eb2ba22b,1,0,347,0,1,,145,0.002989999600686133,0,0,1,0,3.6813212966080755,0.30811649886891246,0.07577500073239207,0.009869599482044578,TASKS_COMPLETED,1,4.6948374001076445,1,6.239222000003792,468,56.2,281,8,0,8c533d8089e981c7744c563959b000f7103c57d7976d979f07bafb050627d293,f1fa780d8fbd48dd378243a9003a430b2bacd285552f2d343a4bc29662064ca1,2.037217798642814,4,crewmate
5121d3f371f986324f951fc9f36435370a2aecb369b23e080ac03d27b6e96e76,1,0,245,0,1,,110,0.0019471000414341688,0,0,1,0,1.3154494017362595,0.26039159926585853,0.05025190010201186,0.007360899937339127,TASKS_COMPLETED,1,3.0300862999865785,1,3.3758852999890223,469,44.8,224,8,0,0a80dd622fb101d8d5309ac2ced4981f4b802cb4d238fb6216f2b044394f9e5d,1d2497750aaa57c48023f004b60053a5a10ac2899ae4b9c63d88be790976d65b,1.6427047016331926,4,crewmate
212f5e2ae73c05208ad370a46d40257979c0906eb9ab253ea6e1a3e95cd4c372,1,0,293,0,2,,145,0.0025971998693421483,0,0,2,0,1.9585257989820093,0.3299336986383423,0.05412010045256466,0.008794200024567544,IMPOSTOR_EJECTED,1,5.115436400054023,2,4.8632469000294805,470,66.6,333,7,0,039e50a73c5d5f050e90d8a307079693e95e9d1fb2d596f71347af961e460f44,7b51ba018d217d1e1f26c7dacb80366f2b721a828d6ff048802ef536f987540a,2.3734887012979016,7,crewmate
e27a015f1df9d386cee13ca0f37bdc430ee358c40f44b65dc34f00b9c50e3e8a,1,0,249,0,1,,102,0.0017018994549289346,0,0,1,0,1.436399999074638,0.23999019991606474,0.04513010010123253,0.006798799615353346,TASKS_COMPLETED,1,2.7509070999221876,1,3.40530129999388,471,44.2,221,8,0,ee5f54aa81c34382dba722b19ca32b2e02f45a77c6200836df75cf75d6f08376,fa2741395043333251f4f57b32436619844c3a96e4e7cd34733bf1084b15fd4a,1.580425699823536,4,crewmate
da62e160e913a8005d59c02cdeca40aba829b9393e8fd74a400d3c1cc1244b0f,1,0,375,0,2,,134,0.002359699457883835,0,0,2,0,2.3516691987169906,0.4724616998573765,0.0887349012773484,0.011974699911661446,TASKS_COMPLETED,1,6.1403684000251815,2,6.37549060001038,472,80.2,401,8,0,d03915c73df6e7a66a165bd8b912879279715985ca5d03615c9dc36709960816,1e823569f85f9fbe6c43b734b51a179824565826a487b8130ad0b87ad9c72f7e,3.276910700253211,7,crewmate
963b82b3de1a520437d378e2e695d760e408c9d4dd75c1c87a3667864639cdd8,1,0,372,0,1,,125,0.00239089981187135,0,0,1,0,2.931863999576308,0.4197015007957816,0.09180770034436136,0.012148800073191524,TASKS_COMPLETED,1,5.156367099960335,1,6.221944799995981,473,64.0,320,8,0,0a5c1c5c67aeb9d83b96be22f8e81801cd39cdac45d3d691c25b36a011759e8c,86f84ba9431705a1e33c61802181b70aa767d2398f2fba0b9c32331bf96ffe30,2.6204953006235883,4,crewmate
a386a78d6fbb6e1c026e5a21219eda224dc923f0aa01b019ff2a3a80ae3c6cc4,1,0,323,0,1,,137,0.002932900795713067,0,0,1,0,3.542027601157315,0.36589980067219585,0.08194750105030835,0.010729200672358274,TASKS_COMPLETED,1,4.905032800044864,1,6.5627042999258265,474,56.8,284,8,0,72911d5ba56c29ac51aebce6100def914e803c152b29a932ef032ce6f781152e,d962fa0882f4b8ccce7668c7bcdc309fd63372504ec5c32b6b8a50a36d93a96a,2.4283783001592383,4,crewmate
58f02fb6827dd012871101a1d83735d4ccfada8d3311c4f5fbef844dc55be297,1,0,357,0,2,,145,0.003191000083461404,0,0,2,0,3.9010031016077846,0.5298502006335184,0.09187480167020112,0.013832698343321681,TASKS_COMPLETED,1,5.696122399996966,2,8.275235999957658,475,79.6,398,8,0,ce605660d54a931e2382b6f748da0527365cc8ef4a834f22bd1036517d7ad74c,6e33f2ce66a8de4ec6080b15742a787f7e5edf1f47d0e0f52c41575c8cf16412,3.550117800477892,7,crewmate
6fb7ec3abb081c5a325f57f37d3be010e0bfdc70667b19985eebd9b236bc53fd,1,0,256,0,2,,129,0.0027606007643043995,0,0,2,0,2.326782100601122,0.3665572990430519,0.0691696988651529,0.009581599966622889,IMPOSTOR_EJECTED,1,4.059941599960439,2,5.568787600030191,476,61.2,306,7,0,389e05a9ea50e663ae523e7e1ffa04b6ff52b8a8e01f65bf261f80b62e2cd5c2,5210ac4069897c49795cfe6d367fb51bc25b2df9316fcab4d5887f6b6c8195a5,2.6443041004240513,7,crewmate
68ab4e2f9f37704365fc341a77e8ecd21ac991154d74497ab197d4d60db41ee5,1,0,272,0,1,,102,0.002116400166414678,0,0,1,0,1.6411530986661091,0.32623349979985505,0.08035240124445409,0.00996949931140989,TASKS_COMPLETED,1,3.243179199984297,1,4.251396199921146,477,47.8,239,8,0,48c2819d735d6726463f9fb4aaff7468dd0453d06bb301db30d2f08473ff0a93,6d32cc2cfcc296526731da619be63b7e323846fee4ff7aa3ab13260054974c86,2.062354300171137,4,crewmate
01304aad595e3b0447a31099ceade4ea6c009f96429f5730e375b59c748ddaa7,1,0,322,0,3,,154,0.003167300019413233,0,0,2,0,2.61726130254101,0.47152839961927384,0.07731790037360042,0.012366999639198184,PARITY,1,5.4044208999257535,2,6.736440100008622,478,75.6,379,7,0,f4bfcf9b65ac9849c92180f7ae3fa1152d639b071273a1b1984c8a968479cfd8,f6c9b005c5f743e4708d7a1cce45b748e1a21a720aba01002cd4836455cb544a,3.3753712973557413,7,impostor
902dbc8e938b5cb4e025a0a7c83babce2dc99d5b0d5daadebbf030253a0063e3,1,0,321,0,1,,115,0.0026098997332155704,0,0,1,0,2.6557533021550626,0.3753364997683093,0.09146649984177202,0.011778300045989454,TASKS_COMPLETED,1,4.3184719000710174,1,5.692775600007735,479,55.6,278,8,0,510b1703f60dc8fc8cfc29aae47df3d50bf5534ae656d65296cb5147b09d7642,dd97ffb12124fd379eb1c96d538a3997c11047eb44a46504ac92e4dac7178080,2.420676200184971,4,crewmate
8838fcfbcdb0fdd17ca0674246f0066adec9020bad8bdb87299a7c73fadfe14f,1,0,284,0,1,,116,0.0021859987173229456,0,0,1,0,2.1616254979744554,0.3339239985216409,0.06528710073325783,0.009418699541129172,TASKS_COMPLETED,1,3.8371893001021817,1,4.761760899913497,480,50.8,254,8,0,53c72caabdbf456cdb8b45dca34ba27a668a70f2d3a2542813f5ad4296e8b924,c649c0ce1b06425062a1759496e681e9def8e4222cf2117988bb29d82a312d6f,2.0767206996679306,4,crewmate
3eafc22d3f635b32826de403d819147d064e2768bf44d23d4301f1279c54e3c8,1,0,365,0,1,,110,0.0020804002415388823,0,0,1,0,2.3068437991896644,0.4044455997645855,0.09267440042458475,0.011382900876924396,TASKS_COMPLETED,1,4.868761099991389,1,5.537828699918464,481,62.2,311,8,0,53e53898e2cc46e6c601c6523af24f2a018e564ad31d0905ff1cc5ef3ba9f7e2,85bdb623e16d1a0c85e7537f278e8440ccfed135e3f8d4670315a9d2cc115bef,2.577374798594974,4,crewmate
d5c2f70cf61b33587dba4e6e5c2f2741c7c452ee360493c6d06594998ccf44ef,1,0,346,0,1,,116,0.0023481001844629645,0,0,1,0,3.2865373998647556,0.3592719997977838,0.09240859968122095,0.01130739867221564,TASKS_COMPLETED,1,4.317170499940403,1,6.170277500059456,482,56.8,284,8,0,0325a6b3f080e94cebc333ab0789f39dba765949be54397f845c4912e0ac91bf,391cbf4190a9f1817187d6ff0ca7e8b1de8806cb1121d795121d7eeb8bef3902,2.28843549976591,4,crewmate
f889af7859122a238f5bca2a41b2b1c9a65ba75c7b6d751fe5e2ab44073e809d,1,0,304,0,1,,132,0.0022883997298777103,0,0,1,0,2.4445732990279794,0.3643049990059808,0.06746179820038378,0.009859598707407713,TASKS_COMPLETED,1,4.579510100069456,1,5.463289699982852,483,55.0,275,8,0,70a8e5d4a33b56e04ea38d25d62dacd7a2e4da95a7fe3addceb28b8fe7ec5fe7,48a8b26338b2ba63cc0259d83ecb7e1a567379ec127d9077dc619810ea4c9064,2.4375354984076694,4,crewmate
0d6e6d8b84e7ca60627edf83efa4ead4548fa50df6a82fd0906f7551232a1f2c,1,0,340,0,0,,124,0.0025316004175692797,0,0,0,0,1.7811677020508796,0.3372204004554078,0.08935779787134379,0.01131049997638911,TASKS_COMPLETED,1,3.6942174000432715,0,4.195606200024486,484,40.6,203,8,0,faeaa9e12806a0485deb7ba6f0b4f051850459da8919a0f1facc30d1a042dd14,41dce944f17b49da6bdd3a1a6953cb062f36e4fa324d0bed7e4c4744eb18648b,1.8661521992180496,0,crewmate
d687e1c1ef50e786a8adf9dda6eb2a58e1b55ef66d8295d6fd8dfdb722d1e652,1,0,225,0,0,,116,0.0023635999532416463,0,0,0,0,1.2311878006439656,0.22681569878477603,0.04971739975735545,0.007980200578458607,TASKS_COMPLETED,1,2.1212181999580935,0,2.877987500047311,485,26.8,134,8,0,e1a145df1ca6ec2e106d4fa6b03a037ba4f5370df0044e30ffc4b1b4e9d6636e,2aa7f25bdf81be883e287324b5e3bea603d0029e60af442d1684a0ecd8190718,1.2795572992181405,0,crewmate
4d97b732f82b0b48c3d26d88518673e0664058556996781cd698e83924611609,1,0,326,0,1,,159,0.0031215002527460456,0,0,1,0,2.187273800955154,0.3951435008784756,0.08186849893536419,0.01172109879553318,TASKS_COMPLETED,1,4.555143400095403,1,5.428587300004438,486,58.6,293,8,0,279ae1d969690a7cab211e7bb1a6bd6ddfe3fb4dce4eaed9d6a1aa749a561444,d6d859d353e9b9b9730aaccba0a63f8ac72e05ce79e9479ef37eb2eeeb311bd3,2.6164505002088845,4,crewmate
7eb0e803263aae182bf1e5515d0acd525f395a6aea7478e0cdaeda9a08ba6763,1,0,321,0,2,,174,0.0033585994970053434,0,0,2,0,1.7730066989315674,0.4018774989526719,0.06503609963692725,0.010139199672266841,TASKS_COMPLETED,1,4.665891799959354,2,5.26954350003507,487,68.8,344,8,0,d3e8017c2b509171d8415c6b575a0afea381b8e3d211f823b1227e762f2070c4,86000a65f5e492732d02ed599bb8094d57afca768200b78add4fb25b4bafbe60,2.8588075001025572,7,crewmate
1f4bf1d0c640d8def5f7fa1b4ab25c8bd6315b65ffc9755b47c0b3a1120350ce,1,0,259,0,2,,128,0.0024498989805579185,0,0,1,0,1.9790120009565726,0.30328140151686966,0.049466599710285664,0.008559899171814322,TASKS_COMPLETED,1,3.6841175000881776,1,4.410111700068228,488,47.2,236,8,0,a9cf46873260a7196634160e2fa63c76836a1407b6304fba50f984e9fa6c06d5,5acebdc198490a4c9f9d40a8d0dbdf412f58048d9f0f7c93c07d13058433fd67,1.9473047020146623,4,crewmate
164c7d5a33aad28f237442731557cc44f26336b1574aae8f976a422538559406,1,0,305,0,1,,109,0.0023628987837582827,0,0,1,0,2.197926299762912,0.33015270065516233,0.07416530174668878,0.010288200224749744,TASKS_COMPLETED,1,4.051270000054501,1,4.813807199941948,489,52.0,260,8,0,9ebce9efcb2ab3868c725bccc4235ae3df365e42486f5456988b51e166aa066b,0f28b9997f2ce5a730215fb3e7d284fb69ce217f9d9eec08b1460cc22a9fbc40,2.075997799052857,4,crewmate
438ea47bf58cf76fe0a2dc77361ef788d1b127de45027a8754b08802025c1de0,1,0,368,0,2,,187,0.003620498930104077,0,0,2,0,3.1990376017056406,0.5233546984381974,0.09227689926046878,0.013244299567304552,TASKS_COMPLETED,1,5.6577631999971345,2,7.730250000022352,490,82.6,413,8,0,62d2308c0be88f52783e673c75fc09ae72a5e763e8349df6b4e383dac8322aaa,e667c2407a80e2ffcf02525f655992e8e7104c1d89ea93bf25abf2b2f7f79361,3.7119368981802836,7,crewmate
d576d24fb61668905433d8bb39c7c82437ea27832e64ee399001d7aff279fdef,1,0,304,0,1,,133,0.002625200664624572,0,0,1,0,2.4706924982601777,0.35350419965106994,0.07309869979508221,0.010935100261121988,TASKS_COMPLETED,1,4.241903099929914,1,5.356919000041671,491,53.8,269,8,0,8cc525a99932654eafa63a0cba34c744918d1a9c33715b24f536abfedf74e618,1a91627206cbae199a7f70fb721a89abb945171ab563a88a60c0ee804242630b,2.315705500775948,4,crewmate
3bc27278990763e135f64cfc74c3ad0a8e84b06f9868b2db74d50e43e197bfd9,1,0,321,0,1,,125,0.002505400334484875,0,0,1,0,2.290769703220576,0.35378319944720715,0.07483829907141626,0.01119260024279356,TASKS_COMPLETED,1,4.030982999945991,1,5.122634500032291,492,54.4,272,8,0,5f1140bfd7145ed76ae08f78b344baa53bc9a4a96244626004a8c4b538feea38,78a53bc96d4c95675835ffa092a89b7f800ace55eba69025262c5c1eff1cb92c,2.2525951996212825,4,crewmate
80d25062aff01f62c3d0e68dca395cd01870c835b52032b05568ca3df1dfacdc,1,0,407,0,2,,142,0.0026383004151284695,0,0,2,0,3.457571401493624,0.513108100509271,0.10837770148646086,0.013226800016127527,TASKS_COMPLETED,1,5.661216100095771,2,7.755051400046796,493,83.8,419,8,0,22d19ca5be8662256c9f78e63245f63b0032ae99123da3773331707d5c2f031b,73ec3c7474620c1953e76b2cd89b230a5d1ebc59be31582eb4fc8fb040db952c,3.4827495005447417,7,crewmate
16b25ff1c5856c5ec91d57805b7cabfe5a9e0d020b222d8ce631cd8f33f4fb1b,1,0,316,0,1,,110,0.0020951000042259693,0,0,1,0,1.975908596883528,0.31484350038226694,0.0753673012368381,0.009524399531073868,TASKS_COMPLETED,1,3.6076117999618873,1,4.470737199997529,494,52.0,260,8,0,064e5f7aa3ef0b6503fea67fe6659e4f9b13c955733f4842d8f1395945c4020d,f9244895cae72479257d23cee875882c48a007ba472d88bb86ca72eeeb39d66b,1.9766900995746255,4,crewmate
d713e643e1cd0aa599344584915fd393000325d866b3c1c8869d89eabd79eb9d,1,0,394,0,2,,216,0.003993300604633987,0,0,2,0,2.6023755989735946,0.46889940102119,0.09199099848046899,0.011902200756594539,TASKS_COMPLETED,1,5.952671100036241,2,6.6128820000449196,495,79.0,395,8,0,214496b4c62b16c57889f8f0aebfbacfaaf92ee089c793e052fcbd80328ec5b4,feddde7802e9cc1af1871f9b3b104189526be22fed90004bd35d7ba4f1c16dce,3.2736285011051223,7,crewmate
92248bcc077c3e9dd5d262a04bf1ce9ed0c487989d2d1d31d07ef675af941998,1,0,286,0,1,,128,0.002165100770071149,0,0,1,0,1.2531613996252418,0.29668820020742714,0.05477470194455236,0.008245999808423221,TASKS_COMPLETED,1,3.0800799999851733,1,3.619297099998221,496,50.2,251,8,0,a1c6de9ec95593c9903f2d2b6991f72476704ff0d3bc09c3c05d3db7d3d9beca,2eea0ba3e68653bc6da48995811a6cfeb782833277e967241fa88370ba7321bc,1.9004715010523796,4,crewmate
211223ebca583a51a5dc6bdec4ec37c91de5e486c48ffa20eab9c42c7bcd8ebb,1,0,385,0,1,,132,0.002382299746386707,0,0,1,0,2.34654509765096,0.35553370125126094,0.08386180340312421,0.010424899403005838,TASKS_COMPLETED,1,4.371568000060506,1,5.123255400103517,497,59.8,299,8,0,f8bc769cc2d9df2190f1ec1bb45fb0619811d5f720141953b17bc0e02c43f540,7fc6080d7eba47062716d67c9e59117653aca8f0df391db44756cb8495ad0036,2.1955979994963855,4,crewmate
1cf1792c61d48cede091a8db18b08c7c68e2107366c838d82c0311709c4cc95d,1,0,417,0,2,,145,0.0025880001485347748,0,0,2,0,2.705114495125599,0.5333695020526648,0.09530620311852545,0.013343401718884706,TASKS_COMPLETED,1,6.312244200031273,2,7.200426100054756,498,89.8,449,8,0,d3526e8e093ff4ca7d8be6f12a96ba40369437f9a9e09038f8755764618a41f4,3fe68a5fa202a5d623b5cea3cdebb1ce5a340028fcbec25bad23bdff05b66890,3.6704207992879674,7,crewmate
91aa78ca576e480f4e3307278c01c8c8683776782d5c4c03432abbef277c3139,1,0,262,0,1,,126,0.002100599347613752,0,0,1,0,1.536949603818357,0.25650009943637997,0.0534760975278914,0.007776300306431949,TASKS_COMPLETED,1,3.3672558000544086,1,3.6842186999274418,499,45.4,227,8,0,c237bdac72fcf6ab8bff18b739211069c654f2861c9e7e29653163a3ecd59cec,7ef8bb1ebecc9a0d0eb63d77245071a944c61ca315ccefa0b6887fc0726df024,1.7249807993648574,4,crewmate
23a92ea04982aa335800fe6290584980610d270c9a418294bebcff8dd1a585ce,1,0,251,0,1,,120,0.0025106004904955626,0,0,1,0,0.9998998992377892,0.2912893006578088,0.04321790114045143,0.00768439972307533,TASKS_COMPLETED,1,2.9250814999686554,1,3.4174227999756113,500,47.2,236,8,0,45e829fa1133660c553be2121664de0d85fc9623052adf2f932093eb713dc7f0,83938e3880a725cec09499619fb657e981155f01cb9b2c61888e7d9327e9dfea,1.9663894005352631,4,crewmate
390575b17bd0e41eeebd53e2e20529e0a079d338949711fa9a93684af337e4e1,1,0,340,0,2,,136,0.006762600038200617,0,0,2,0,2.166592799942009,0.4436860987916589,0.06484330131206661,0.010607800330035388,TASKS_COMPLETED,1,4.7307681000093,2,5.926862899912521,501,78.4,392,8,0,4dd0ec04355d7ba3b369080f1e765fe96ed61cf989573bf1f033fce7722e7acd,98d527542bdeafe0313b4db8fb9ee9b000883bbe9b7933c75d0c2e8863ae319d,3.0728732998250052,7,crewmate
ade6de1263ca9d04300fcd467f8664acf638a929001848cb1de15a944be816aa,1,0,373,0,1,,166,0.0030763009563088417,0,0,1,0,2.758499503135681,0.3801220010500401,0.08353709941729903,0.010986699140630662,TASKS_COMPLETED,1,4.842770399991423,1,5.8159001000458375,502,61.0,305,8,0,b1ae0074777d7d67d7e1d2749bbcf1c8aca5bd031583bba5dbfd26157aeb70c6,200e4ba8370b6904e1fb988f369002627a0f2e57d9a2ec3a80f0c60264afd28f,2.4473869004286826,4,crewmate
cb38c12317e5645d628cc8c4d0ff5c8b90144cd5355b7eb90feb824df2f1eb51,1,0,338,0,2,,135,0.002317600417882204,0,0,2,0,2.8017428985331208,0.39564730029087514,0.06798190029803663,0.00947730045299977,TASKS_COMPLETED,1,5.210727000026964,2,6.133132899994962,503,72.4,362,8,0,9a910299c071758870bab340feacf5636647b4622a6ae763951bba2c8a7074dd,d87cbe607860af1162914a531e4e87cbb533ecd03bc9d6d0e44697a0c69882d8,2.712136897840537,7,crewmate
292a5f9105bccb53ff5264b258220e997a4b5174cf02043a76d4b05b5be6a2cc,1,0,358,0,1,,117,0.0021583002526313066,0,0,1,0,2.8594326010206714,0.3865061989054084,0.08373719814699143,0.011079600779339671,TASKS_COMPLETED,1,4.88082389999181,1,5.986168200033717,504,62.8,314,8,0,9d1141b33ef27c891e1ced4b717eb5755aa405a575619f841f5cb899a9957382,c16d2a94adef2ba794421c14709a45dcbc891393aca2d8c8ccf5a3d5041f5be0,2.51128239906393,4,crewmate
943b311f9890f52e4863cbe94ea279819f8d1dbc90e4401d0c327afeebf75989,1,0,369,0,1,,132,0.0024164995411410928,0,0,1,0,2.452758801286109,0.35624849679879844,0.08299650077242404,0.01053130126092583,TASKS_COMPLETED,1,4.409905900014564,1,5.272868399973959,505,59.2,296,8,0,ca5ffddd6bc94563cc870655738915fd4bb2a5d68aea3c4586d670e302363f0e,5f25bf21a65f18ca2bc7973b9a21ee26b9de6e67cce0a80a1ec1344754c3dde4,2.2443279991857708,4,crewmate
c1d36e50d25b438e818ec4b0bc420edad0248fa8ab684ab4723d2ddcd9e57dcb,1,0,391,0,1,,124,0.002275099977850914,0,0,1,0,1.5549031960545108,0.3734981990419328,0.08967830217443407,0.010796200251206756,TASKS_COMPLETED,1,4.398363700020127,1,4.4809545000316575,506,61.6,308,8,0,e7a48ab0bcf1bb415d586b1cafeb6aaee85fff9bc3eb2eb836a1b7248fc886e3,2204f439dcc6cc2039258383a357d31d560a5c4ae81679a4e4380259ff1d4e2d,2.322332300711423,4,crewmate
5951d45295581e0ae00a6aae2269eb54b223d365fc97ba488da6cfe3e52765da,1,0,305,0,2,,160,0.0027869007317349315,0,0,2,0,1.7977352977031842,0.3677334003150463,0.0587582002626732,0.009472199366427958,TASKS_COMPLETED,1,3.9782639000331983,2,5.027176899951883,507,67.6,338,8,0,d553cbcf8a8a7256e1b6d39e9ebd461927266da9f0d7115c8052abb7bbe3958a,43631647aed5c24098c1dd2245150d68cce9e6a6e8bca4a19a8b6bdcb796a44c,2.6411960007390007,7,crewmate
eabe16016e053425f1e9f6b285476e301c0facdd477935df7b9a5fc623b760ad,1,0,329,0,2,,141,0.00237360002938658,0,0,2,0,2.343468900420703,0.42170219973195344,0.06672250141855329,0.010437200893647969,TASKS_COMPLETED,1,4.822872300050221,2,5.950057999929413,508,74.8,374,8,0,f2f09de70823e6c0fb076e295f3452347cada54b34d297300959349f3240f800,d73682cb1af492482a5cded2cbd094c01170a0c082ade3bd43d13601c55a0b0d,2.9519444026518613,7,crewmate
ac2fb75faded3cc5eba13920ea1f086cd3c13714196a710522bb793add62906f,1,0,360,0,2,,166,0.0034647006541490555,0,0,2,0,2.066014802781865,0.4666809975169599,0.07551449863240123,0.011943300138227642,TASKS_COMPLETED,1,5.454899100004695,2,6.025240799994208,509,80.8,404,8,0,2f70e2784b0d651f514382d5bca38b36452b512c94e7df3d0c576978e4f534a0,a485987ce9dac41fe94741fee6bc36258c4f80024916e395160a1f6b2804e6d2,3.2437669998034835,7,crewmate
19df4cd749ab90276c1fde8ccebe772ae590d23858617fdb49430be9cfa4e4d7,1,0,316,0,3,,157,0.0027001992566511035,0,0,2,0,2.079942100564949,0.4104708998929709,0.06079469923861325,0.009488099487498403,PARITY,1,4.689379399991594,2,5.58738059992902,510,72.0,361,5,0,c50ef71ecd06cca739e252cb880c5579b8e5d3393572d6fa1782cdd568fa556b,3a61a3ff9114873a2fdb3adfdb98b23b62ef4d9e5fad35d05136d2b3a42f14fd,2.8779386007227004,7,impostor
52fe20249f8f4e7747cbaf70d808c165a0c01074ea7b32cbcc82ed21b0689459,1,0,226,0,1,,105,0.0019513004226610065,0,0,1,0,1.0792389002162963,0.22594130167271942,0.04755730030592531,0.006969598704017699,TASKS_COMPLETED,1,2.5356429000385106,1,2.8969728000229225,511,41.2,206,8,0,be726752875dda2940b9cf86caa25c8eee77a1ddddd147efb5d090b53ae181bb,0b654dffded7c9ff840db7e2a2d23d102d63f81642d6133a6d9c5ae252940094,1.432337601087056,4,crewmate
f581496da1dd9eabab9342befced6849772375e2341f5119bf93d43c8d4947ea,1,0,271,0,3,,173,0.002769900020211935,0,0,2,0,1.238895598682575,0.3614264999050647,0.05304190062452108,0.008390201488509774,PARITY,1,3.8480195000302047,2,4.505200099898502,512,66.6,334,5,0,3c07248723905d1748191f3a630fd89e8d7d1ae499d009cedf639576a6dcd6a8,8ea40cb9768aff9a0b0bb6915269d666b72cd39b3833c9762e57c6ba56663055,2.705378999351524,7,impostor
f7bdb082b3dc87213c7a2580b6a18d22449a8cdbd2a921a38cde79f06aa981f8,1,0,330,0,2,,157,0.003296999610029161,0,0,2,0,2.001134903752245,0.4309538007946685,0.07095609931275249,0.010305598960258067,TASKS_COMPLETED,1,4.828311700024642,2,5.680317899910733,513,74.8,374,8,0,897ef684c01f027de45277143dccdc750d50fd4cc91f4c2d9d5a3c0a7e1e5aa7,ae1a04c2dc5933b4fa164b63a2048e57a2dacdd2a604b27b41e3241389e44504,3.012212100205943,7,crewmate
c619f068ada96e247a6f6edc93d526c30edc0bfcce2921fd224fdb80d3c31792,1,0,527,0,2,,179,0.003616800648160279,0,0,2,0,3.5287226014770567,0.6294659989653155,0.1228989971568808,0.01638480182737112,TASKS_COMPLETED,1,7.524681899929419,2,8.731028100010008,514,104.8,524,8,0,0ae15355d925c0b0ede393798fd241e475042b512d7da68b7307dab36f4e8e16,c3f1fc3b42de8a7415c86e410e512dc76016554b056f26718e76f12f25561bbd,4.227744502364658,7,crewmate
bdfba7ee76726c1d93bdf3d2fccd01f673ab054214f2044848ac34073996366a,1,0,329,0,2,,160,0.0027812006883323193,0,0,2,0,1.6792551997350529,0.41037100087851286,0.07103090186137706,0.010862699360586703,TASKS_COMPLETED,1,4.71741020004265,2,5.189300299971364,515,72.4,362,8,0,7c81878aa1ee005f72e03056d843ee92eb64182a644df17a4ec7429a580beb8e,77482bf2691f07c73763bde53c41ed332c2c94106b2a97d33b56051fb88cfef1,2.8698530009714887,7,crewmate
85600e0ed17f2a03c41965e19d8697697451e05789fc6ac914271456080e074f,1,0,309,0,3,,180,0.002909399918280542,0,0,2,0,1.3959776021074504,0.4219639003276825,0.05757869954686612,0.009810499963350594,PARITY,1,4.628699299995787,2,5.103456799988635,516,74.4,373,6,0,c902a85181e6116aa3aba4ed08e39cb5f4a7736f096e5cea2b00d3ad5da4fa2e,fc4c075675c2b4e6ebf8868920267e030a70663d84a275c4f767f21b8215c873,3.0577672019135207,7,impostor
9cc65ffac410f68a038c9c8780981add83ced935c87e8f4feef4fa39796f54ef,1,0,349,0,2,,199,0.0038762998301535845,0,0,2,0,3.634503198089078,0.4357492995914072,0.07677110261283815,0.011478499975055456,TASKS_COMPLETED,1,5.142801300040446,2,7.440493699978106,517,76.6,383,8,0,babfc0c29c9bbfc5e25d9cddea92873779339b395d21da8b0549038c6d81d093,79aed17cca51e10ff30a63bbea05bf360b36c64f2ff820fb476714e191e6678e,3.120626600109972,7,crewmate
9c52e77594de09705ffa660f34552381ee6a58a93034256ee5056cea0e7cfce4,1,0,313,0,1,,111,0.0020224007312208414,0,0,1,0,3.1864687990164384,0.330672898911871,0.065678900340572,0.009591999812982976,TASKS_COMPLETED,1,4.22027670009993,1,5.82992639997974,518,55.6,278,8,0,70f314546543a7876a878265876dd5d4536ac89858746999837d24d5cf6ff081,e3c6e44bf43b5ef16fa03b52d7de444d05ab0212cf1e8d4c7e68066b48be03d4,2.119807100156322,4,crewmate
010edae28836bfe6785f636fdb57a8432f9d12c55c3fe39189946e032009b165,1,0,270,0,1,,125,0.0022917998721823096,0,0,1,0,2.0093968977453187,0.2631000007968396,0.05541580019053072,0.008354599005542696,TASKS_COMPLETED,1,3.071254099952057,1,4.114984599989839,519,46.0,230,8,0,90644a8f5a0447d001ed1c5df413e75339b12b57e46e92c0954ab3ec3aa88e94,0fb01449d4aa9c10dec9f58adfc78dd347bb07ad9b8b3e4f75939b9f7f5acec5,1.6748460996896029,4,crewmate
1ecb3134abcac560fe684082292ff5b6f487ded4759c3e3a99dedd21ae33faf2,1,0,224,0,1,,121,0.0020930981263518333,0,0,1,0,1.2322753011249006,0.23911639931611717,0.04347109841182828,0.0066685996716842055,TASKS_COMPLETED,1,2.750065700034611,1,3.2188755000242963,520,41.2,206,8,0,a9b07184fb01b26aadb75d913dcfb1d78c179b0afcab0348b73aaf607acdd50c,b9343585f9d92763252cfe3ee745fb59bc2c9ae668e36126c5b6a9e730b9e4a3,1.6036628003930673,4,crewmate
18c5d852c271c13e38ab5bba8bf84e0e4658dfb20716f7699e7cc134874901d6,1,0,283,0,1,,135,0.0027603008784353733,0,0,1,0,1.5886701009003446,0.29477029957342893,0.058085499913431704,0.007864200859330595,TASKS_COMPLETED,1,3.4913478000089526,1,3.999399399966933,521,50.2,251,8,0,07e00b36222bf76741d2fa25cd99a5f20d7413358f864cda6e487837120bc907,72e4a6bd20ad81fa5e3776326803b9f295d5efec964668eb06584d67e50a3f2e,1.9419454004382715,4,crewmate
bfa3b337d3194438786c3d8b656f26524aae940abeb10ed191c74d01af6025ff,1,0,418,0,2,,157,0.002718298928812146,0,0,2,0,2.665271400124766,0.48385600035544485,0.09163339855149388,0.012101301224902272,TASKS_COMPLETED,1,6.340473899967037,2,6.6809641000581905,522,85.6,428,8,0,5081e05ef20278136187755ef90a57a96dfa14dc749621065a62d179b456ee6a,7a602889c3b38241c8b2900baec3ba7917a6e92e2f540c6c6e5517b69f8ec576,3.263042601174675,7,crewmate
bae6785f42de4d2c3f31889b59ebc978af21fb4a3344ad53f18e4b565faf1c58,1,0,335,0,2,,169,0.0024988005170598626,0,0,2,0,2.6444331001257524,0.44695420132484287,0.055183200747705996,0.010026600444689393,TASKS_COMPLETED,1,5.393720900057815,2,6.505753200035542,523,80.2,401,8,0,37043956db9abf791fce5a51bddf82eb74ae667c8580653a3b676b7ea912110c,c1ad570319f8464c8f3e43a35716290a207250a129ac9d39ac49972e97b4f7c5,3.1971652994398028,7,crewmate
2139609653519b4c0ec5aeabf2f2d73fcb80eb5ba1ec67283fb5b937005f8288,1,0,349,0,1,,141,0.002632500254549086,0,0,1,0,2.9439853995572776,0.3517827005125582,0.07192600087728351,0.010061200708150864,TASKS_COMPLETED,1,4.209529699990526,1,5.745688399998471,524,58.6,293,8,0,3a7ab11ac6e6df27302f7228f2d4e283271925519db7bbc6ec3f9bc97a304eef,61cbdfd074dcb60a49b97adc2601c1f7c2b71f67eb5e5283834c47bbf2ace53f,2.2456097018439323,4,crewmate
83307cd86f9d7d290f84f6c6a8bbd6561390b1164ce487c013e8d31e6e216919,1,0,260,0,0,,102,0.0022190005984157324,0,0,0,0,1.484905099729076,0.2223261995241046,0.05298099957872182,0.007296601077541709,TASKS_COMPLETED,1,2.5269427000312135,0,3.084421099978499,525,31.0,155,8,0,d5596f9dcf7d907869af5e0a62db76263c8c815e899fc1a284369c0ed958c4be,75102e0c84359ad24ec6c3df42111bb9050c32ecc48ea5364eb01cc02fa89ec8,1.2431760001927614,0,crewmate
19558021556241b44c33db43f9e0329d3fafe0bd503f81c0d5659fb07b64b437,1,0,439,0,2,,165,0.0031592005398124456,0,0,2,0,3.33891319995746,0.5316016987198964,0.10134560172446072,0.013555799960158765,TASKS_COMPLETED,1,7.076308400020935,2,7.7465795000316575,526,90.4,452,8,0,9b22335ba6dd81c520cc3e38814de51f34937a422fef1a0b93dc7f4d7661f252,0a161fee9a5b9dace27259acae2115ac5b9cb3647e370a0d68e23c58efbd16e7,3.5835275989957154,7,crewmate
161fb3a14219fcffec583fa3f2dde2a246f8d821484d1f448dc0b089577eb74e,1,0,309,0,3,,142,0.0023098995443433523,0,0,2,0,1.7631538981804624,0.3888606984401122,0.05080499849282205,0.008833400788716972,PARITY,1,4.564099300070666,2,5.1375251999124885,527,72.6,364,6,0,dac090d8a6db492020cd02a02c59769e2018dde660f22b8906cff4a589f9d6f6,48525778aee8f1a1d8ae02a7341613cc61baa0e8e5b9d8530d9f8f6941005b14,2.780180801055394,7,impostor
692b1ff20f9e27169cd49bdf5538d3e5b995caa914d6776542092491afeef3b4,1,0,273,0,2,,141,0.0022201003739610314,0,0,2,0,1.8024781023850664,0.34315049927681684,0.050623098853975534,0.008198100491426885,TASKS_COMPLETED,1,4.03847000002861,2,4.8543513000477105,528,65.8,329,8,0,30d91b19de881ac98af843d865eaac59c4999c4c5a5032cc5feb2aed6cb450da,6ba276f79fbab2be1988c53cdeff31777cf752301ccec3868b5f99626925e165,2.518061200622469,7,crewmate
10d898e3c0a0bb1f88af556ed536b8c5f7e4db183924788a80f0e5fb39302fee,1,0,285,0,2,,134,0.002363599487580359,0,0,2,0,2.310630399384536,0.36568369972519577,0.05615320149809122,0.008773298817686737,TASKS_COMPLETED,1,4.660935399937443,2,5.416100700036623,529,66.4,332,8,0,943435c9e22788b8969ca8b8cca76cc5e290b79df53b620fb6b4b05c0a06f6a9,57c090b90de512ad8db9f78aa71646611e5e7915037cd48cb94cf0fb1ed65b06,2.539905099431053,7,crewmate
b766d45d9ad783e09c943643fcedfe2b55131edfac04634170397bea5ef50d73,1,0,220,0,1,,117,0.0019457003800198436,0,0,1,0,1.6142999990843236,0.2370519011747092,0.04031840059906244,0.00692189927212894,TASKS_COMPLETED,1,2.576685899985023,1,3.545559799997136,530,41.2,206,8,0,760ee8cd2dc9c26042a75ce48b7df4191c4f952da974967dfc65a2bd406593f6,8f8bb1a9444da3cf994dd2e584edb21039ed6c2d72b5efe0247971d02c43889d,1.5561269007157534,4,crewmate
5218f2be5f70c382821f84d1c798cc40c10bb9745ba013ea2f6ae18bf5251646,1,0,328,0,2,,158,0.0033188005909323692,0,0,2,0,3.592921499744989,0.44207250024192035,0.0796347000868991,0.012112199678085744,TASKS_COMPLETED,1,5.1890223999507725,2,7.332563700038008,531,73.0,365,8,0,9af7ff1a025ed76d46bff9ddfda8e8642f08cc003a0979d929d80a30f32a7eb8,3741b764ddd232b847eeba1db12322fcbc2edec3ec976b1e4626e2d4ffc35520,3.0431381004163995,7,crewmate
1a5b5ea354e27b11039c71f85a7ba5259499cdcddae016372e5d34c32f9b665e,1,0,235,0,1,,140,0.0025897009763866663,0,0,1,0,0.6842526998370886,0.24956460040993989,0.04826810024678707,0.007519999286159873,TASKS_COMPLETED,1,2.8524710000492632,1,2.7545418000081554,532,41.8,209,8,0,05c202f2f9b7cdcaebfca81596cca4b105116a10f3061346febacfd3aa4027f3,942e8a337fae488827cb92a7f3fddd3cd84ee29895cbef593117318706937ea0,1.663871000171639,4,crewmate
089e085824ba83182345a7acbc6e710e746e45a6f37ce59e610c0a8556743c9d,1,0,248,0,1,,122,0.0023991998750716448,0,0,1,0,1.8820073020178825,0.29773169942200184,0.06315859861206263,0.008591899881139398,TASKS_COMPLETED,1,3.8814171999692917,1,4.387538100010715,533,46.6,233,8,0,6f53d322810df5076dc046ac02de14e6e6553533a2f21231065465d747accf51,9b4064d9c0f7a16d3086321f4d1f251b541d2e6b518371818b24ffbd6ec18a63,2.0217303006211296,4,crewmate
cdf42df6c32241b19651aa54e6aaf63420b8a26fe2a938688d293860b9638b94,1,0,337,0,1,,117,0.002362200291827321,0,0,1,0,1.947673398652114,0.34977269964292645,0.08038660022430122,0.010980599443428218,TASKS_COMPLETED,1,3.8454382000491023,1,4.716151800006628,534,55.0,275,8,0,7eae9ea168fb1a65dae2117cee2d810e414a902fe5e873ba271f9b7dfba011b3,c16352151202059f9981ff51a6a60ba4f95872ac8c36993ba27557c753ad375a,2.1901420020731166,4,crewmate
99b83e1aaec83d30f079cd50afd0791fe473039daff5bac3e938f780b3d1ce4a,1,0,290,0,1,,150,0.0030615004943683743,0,0,1,0,1.9441671981476247,0.3331765013281256,0.06524289981462061,0.009967099642381072,TASKS_COMPLETED,1,3.5799912000074983,1,4.687661999952979,535,50.8,254,8,0,71793206c69d235d7ec2c36206e0c8732f6c85517321fc9834a878a8cab0687f,0649f482e135fcdf5e37b40615d694c231662402572e20fa9d9f80dbe0601e2e,2.2031977004371583,4,crewmate
d8738973d42ed243bf6e1d907991c8225080cfb595ab7246e58c37dc58b5f613,1,0,351,0,1,,135,0.0028730001067742705,0,0,1,0,2.03822199779097,0.3859271991532296,0.08509939967188984,0.011862499988637865,TASKS_COMPLETED,1,4.240801400039345,1,5.131915499921888,536,59.2,296,8,0,a58bed57484faed0c7c17029dc99edb01a9801ee7372bc1b57a778d7581119d1,fb51bbac073140a2654f177123626d7ad44bd739c8656dea73004b69a6203644,2.471323199919425,4,crewmate
96c76615a6953fcc9b0a8bc8c2fa1bc4737015c705446eb28262fa7ce86525f8,1,0,305,0,0,,80,0.0017007995629683137,0,0,0,0,1.4930033996934071,0.2861423003487289,0.07734519965015352,0.009773800731636584,TASKS_COMPLETED,1,2.9267946999752894,0,3.487696100026369,537,36.4,182,8,0,e8ba69800e97ef937eed6c2e3b9353d233f34556ea104aa2d051f98f53e5469b,14d061fe01951b3d952d5cf96440219bad724bd8254d6360efa450802b361d63,1.526496299309656,0,crewmate
a88758d23c9a7c37299e156ac98514c8da51f73a21a4a2ccc8bf10c5cf4c1c41,1,0,294,0,2,,153,0.00271459948271513,0,0,2,0,2.7054282986791804,0.3858798999572173,0.06864440010394901,0.009578900062479079,TASKS_COMPLETED,1,4.701952400035225,2,6.086702000000514,538,68.2,341,8,0,9a64461c1064a0a8c8c9a96923f4814f3b407c3b282999d7b69381f533a24a4e,596915cdf42e54c15944755ba38bb48f22cc7f54dd3ee046e2c458846609a7a7,2.7749042988289148,7,crewmate
9bce579f687f23e4e8416bcaddf70853dd9a77f054f505204e7ecd958423a440,1,0,300,0,0,,104,0.002122799283824861,0,0,0,0,2.67021319817286,0.2735940997954458,0.06758200074546039,0.008478699717670679,TASKS_COMPLETED,1,2.9449666999280453,0,4.632044699974358,539,35.8,179,8,0,b239042ada3bdb4eaa6cae51e9f8622821bfdc638a5ec8c39b71f7f65a5d6387,478dda42ec82299c3084506112c15469b4034d07f8363072c247bd33f7701592,1.5229854009812698,0,crewmate
ea43b0dba4983b9f0a42a5efc8f5a93b355f2bfc7ec5f1afd4ed0ac5a1c9cfff,1,0,282,0,1,,111,0.0020336996531113982,0,0,1,0,2.190627497038804,0.2988395991269499,0.06019110162742436,0.008161399746313691,TASKS_COMPLETED,1,3.6564196000108495,1,4.6300022000214085,540,50.8,254,8,0,3257c75cd1a911fdb5f404eb9382bc1d0130f05e339f862858636c382ba3cfe4,258a62c9d78935fdced3ce62a56dca15cdade14ca086867fb60e78b59311be31,1.9573413998587057,4,crewmate
fb18577ff97a33ee120a7a5f4b22ecba3f332e75583a1151af7f78478ac4e195,1,0,324,0,1,,136,0.002520500565879047,0,0,1,0,1.883755799382925,0.3457034988095984,0.0713243989739567,0.009977400186471641,TASKS_COMPLETED,1,4.573149499949068,1,4.7122465000720695,541,56.2,281,8,0,428f1bf7499c62dcb65e81914d02633b88f4d0137e07c663d8624d065ba25bad,7874fc0b5fe9fa3376125f623c19b97492be4f0d36291844c684d8c72a2b6352,2.282573201111518,4,crewmate
0d549e2dbc572d7690cbff5b03d1a93a8f8b952e6fd6eb28102a41135058e281,1,0,310,0,2,,126,0.0021893996745347977,0,0,2,0,2.424366503721103,0.39112169877626,0.06604479812085629,0.010326700052246451,TASKS_COMPLETED,1,5.2784942999714985,2,5.785887399921194,542,69.4,347,8,0,4c2844a96fd4c2d72281685833d23c34423f64e1cddbea473755b34eb350f9a9,4c5f5f070119fabd18dae0bb9308eebcae6eb806bc08bfd1bb527aff343c513f,2.74448680144269,7,crewmate
c7da66ff36db5cb48e1f5d24f0df4c541c0e1a6d2495d33070adb8b44d76d72a,1,0,197,0,1,,116,0.0020168001065030694,0,0,1,0,1.4557102986145765,0.20482530002482235,0.037911300896666944,0.0058638001792132854,IMPOSTOR_EJECTED,1,2.3253802000544965,1,3.1963031999766827,543,37.2,186,5,0,bae60aac3b277035e94c0fa308b8ec23242c2c4af92812b48741112a25536450,e2839b49f59342184bccd8e1e481ecc3141bf7b5a395a5c35e362437b0fae6b1,1.3992699001682922,4,crewmate
dad1807bd23f24491939be869543423ac972a71cd55ea7d83dcbfedd5db16cb3,1,0,220,0,0,,72,0.0013661005068570375,0,0,0,0,0.43500770162791014,0.2005994003266096,0.04436080018058419,0.006266699288971722,TASKS_COMPLETED,1,1.8242310000350699,0,1.8202542000217363,544,26.2,131,8,0,154e4c52d0db621699771b6ac3600780ae2faa48e525ad5caa588b7fc4543db4,33927ffb8dea5712be3d3dbf8525d75ee152a4666935d8501b4a5e7bb3ca34d1,1.0641147991409525,0,crewmate
9362b4384a9e262917ae6474ded98aee4b7501d0c41be0553fce3bf87874857c,1,0,269,0,3,,142,0.002417599898763001,0,0,2,0,0.8625934015726671,0.3730220999568701,0.0479852989083156,0.008494501584209502,PARITY,1,3.9661196999950334,2,4.105948499985971,545,66.6,334,5,0,ff9a4ab2c1db8bd23e145bda609f72c1bedc83b9ac6cf051220d8b7c1c12c604,dd3d323f1d5e7a3e6e882ac924092e55d394c7a75221b49015f8848a38956f6d,2.6718769000144675,7,impostor
21aad3ec97db0e2dece060dd06831de852fcf3d708a455b7e2be93454fed2524,1,0,446,0,2,,190,0.003982299705967307,0,0,2,0,4.200892199296504,0.5784704991383478,0.10814880183897913,0.0143701012711972,TASKS_COMPLETED,1,7.430581899941899,2,9.104553600074723,546,93.4,467,8,0,b681f28a2c9556e943b0707bf80e1bca7da160be839b18503cd8545aee387153,fbf89418cd2712cff04f27d3a61737eafb1725383de40fe3a57da571a24f3b27,4.009293000679463,7,crewmate
ea4ea8dea7b4f4a8ed9eb57f79efe5d3eb014f99fadee720233034c1abba7181,1,0,230,0,0,,108,0.0021316007478162646,0,0,0,0,0.8371238989057019,0.21909790113568306,0.04592349973972887,0.007253099349327385,TASKS_COMPLETED,1,2.40569340006914,0,2.443889499991201,547,27.4,137,8,0,1bfba1d9eb6c42331b3cfeb42c9bafa6cc7394879986f906d804f585d22f3495,11a072591c2bbdb5dcbd6099dee62854e8534d8e0d71b9471aa6d89dffd809a9,1.2589666007552296,0,crewmate
2340e9bdfd14c763c0f93ff91034bf01e752eaad10e815a922952aad05ab3497,1,0,274,0,1,,112,0.002120399964042008,0,0,1,0,1.4619517992250621,0.30870619986671954,0.0589442994678393,0.008440399542450905,TASKS_COMPLETED,1,3.526102800038643,1,3.9896234000334516,548,50.2,251,8,0,92395a22a18d0f51740ab3eabf7d70975b501c9fc2c0a8838ed71431e4cabfb5,e8242c189283bb52e3c121dad3a46988e10220cd5430a82e1608abaaf6d8f1a2,2.0385164982872084,4,crewmate
34d3a7dd90babe97881e6f75d25f01918067046d20e8bdc16874b4c8e418e997,1,0,302,0,1,,119,0.00261080008931458,0,0,1,0,2.8937462971080095,0.3337909980909899,0.06825570075307041,0.009782902430742979,TASKS_COMPLETED,1,3.8131326000439003,1,5.481856299913488,549,52.6,263,8,0,0123dfbaaa66ec14a6b4200daec9089642eb9b0a83380257316db53de08b5e37,3a7178e40b2bee616d0fddf3c657b02e1069d2cd3b36f1cc5b74855b47e4f155,2.055647000321187,4,crewmate
4b7681189bd612f592f53d38f63120e71e31e6e19c5757279bba3b7252828401,1,0,320,0,0,,125,0.0027848994359374046,0,0,0,0,2.8993561983807012,0.2947703991085291,0.07732610101811588,0.009542600251734257,TASKS_COMPLETED,1,3.4633786999620497,0,5.096459700027481,550,38.2,191,8,0,e44a224ee94122fd6624f9b3e189a9630985c2f18acf9f55606542feca7158a3,686cf4bcf50113b64d07426da98cc68d389e2a2c5f18b0061a577be19f65707c,1.7140463009709492,0,crewmate
85f4f203d419348301a06ff6314467904f5f7e2dd3db34a47c338f8fde73cf28,1,0,318,0,2,,136,0.0025333001976832747,0,0,2,0,2.502535401377827,0.40854370000306517,0.07301929802633822,0.010302800801582634,TASKS_COMPLETED,1,5.516119100037031,2,6.069216100033373,551,71.8,359,8,0,dd10f471c27d7a3ad36d011d8dc7f9e0509a846c5fba2ac12d996b1a2624432b,3be07481c5c6331cd63a5da0dfd3dfd771acd219b109a20e65d8617eff5b4fc7,2.921418701298535,7,crewmate
877fc516a37747a2d2ceb6a0cf3d8bbe423abce2f8aa16762e1f65f7bf2973b3,1,0,322,0,1,,136,0.002773099928162992,0,0,1,0,3.611497398931533,0.3352107993559912,0.07848540134727955,0.009754498489201069,IMPOSTOR_EJECTED,1,4.095301799941808,1,6.24786970007699,552,52.2,261,7,0,dc1c799661149371e6100c2352fec083c0a697265e7859023fce519be8d6a9f3,026cba1b7c91cb81677a13a47f77cc7da96d8c6b6247a35d3b716f4da57f3290,2.091603600536473,4,crewmate
4152788aab0cfbc0262af1acfe8468f05a673b4eaa1d9d368a8f8813a92d12f7,1,0,262,0,1,,126,0.002291599754244089,0,0,1,0,2.2641983976354823,0.28036670002620667,0.05536579946056008,0.011948199477046728,TASKS_COMPLETED,1,3.3569425999885425,1,4.51613530004397,553,46.0,230,8,0,63ecfc2345cad48fb372c34b98bd5456b18fe442b3769f86512b84c6e5debc91,d9eb803a8400319d22acd6bc8f42fb01680dfde75c47f907ff020e584d995af2,1.7913108001230285,4,crewmate
1ab9f80ef052c666a7abd04833cc008637020ce68d42baa34deb0c0104c7095c,1,0,252,0,1,,136,0.002476999768987298,0,0,1,0,2.0894264973467216,0.27763649949338287,0.04753910074941814,0.007905399543233216,TASKS_COMPLETED,1,3.258994000032544,1,4.319297799956985,554,44.8,224,8,0,2dcd46b8df8dd99bf462869258ccfb0d26c26f1f4226570b7fee8c067714921a,3b347223f72a25489bc3494799a0a3a3f8b3155a584e85eb0907fb2f89699d2b,1.7897640999872237,4,crewmate
b308481efdb1d33b31a634e3482a021526bb6b2583944dc77f89e5119e9483c6,1,0,337,0,2,,144,0.0027519995346665382,0,0,2,0,1.836476698052138,0.42549330019392073,0.07700829906389117,0.010433699586428702,TASKS_COMPLETED,1,5.032101700082421,2,5.424772499944083,555,72.4,362,8,0,679205207dd074f9e872be2eb76c9bd6866bdbe76cef07aa129013cf2048fa8e,cccac14e3282a68a6d4ab35b4e468538e9c5d1e821a23b67cd5e64484b713bc8,2.921828998136334,7,crewmate
da56abd780d7479cab93ea11a1e15fbae9a8aad98a1c83a844aed7d1aa0907be,1,0,152,0,1,,116,0.001962398993782699,0,0,1,0,1.9592463999288157,0.18389930028934032,0.03489409969188273,0.005008898908272386,IMPOSTOR_EJECTED,1,2.4820762999588624,1,3.5831177999498323,556,31.8,159,4,0,c5492900d4f5648e9412ec27df2016cca9c02c17791bcf37e0ab4ba32ec54e47,7191c359530ccb6b5ba3683f4a5cbd03698130af565188b37e478ef0418de3c9,1.3230318010319024,4,crewmate
61c898e7995683ddb052d0ca2c468a4927d61e4c02507bcf2ab5d76d6debb202,1,0,326,0,1,,129,0.0025517995236441493,0,0,1,0,2.4532777023268864,0.35063530097249895,0.07569119648542255,0.010094199678860605,TASKS_COMPLETED,1,4.5560482000000775,1,5.28117780003231,557,56.2,281,8,0,08e4af933fe9a9251cb59ac59e278f3d3807d026ef3a34b00e756b64f61324b8,fb0547193465e7d121947aff93b0c152d53ec2a8ff602a495cfbf0bb3dbfd867,2.2654149014269933,4,crewmate
c1c615523153134fe9f83e50b8e711a45ae67b47218d5820c51ed55b0df74aa5,1,0,215,0,0,,85,0.001639699563384056,0,0,0,0,1.048507698928006,0.2088199007557705,0.04310220095794648,0.0062459004111588,TASKS_COMPLETED,1,2.221443700022064,0,2.4992094000335783,558,25.6,128,8,0,b53c83c803706887aa721df17cb498ccf8bc857524c6d3990505e64c3aaa2af6,f3f3ceec8a4fe1aaceeb0917af8ef652f7b366f4ea3ccbc71d38ba0f0774226f,1.1214926997199655,0,crewmate
6839bf2dd7f7a5d7d39d3b08fb59b33e18c3d55ff7894921554eb49324b291c6,1,0,269,0,2,,154,0.002835800056345761,0,0,2,0,1.243416600045748,0.3725314991315827,0.05214250006247312,0.008817399386316538,TASKS_COMPLETED,1,4.832128099980764,2,4.583471299964003,559,65.2,326,8,0,76c7bcdbd2262f36c8749dd9b11c476b5b3d2be0911af1f1e00aaed64ef1f152,0cc75a5c547f473226414c0d6540e3505b0ff57a24e7ab2ea53864be784530e3,2.762374102487229,7,crewmate
4486525112157606d636a7c535edf0c52a6ec3a8afc6c07920d11e5e048d558f,1,0,348,0,1,,111,0.0022410998353734612,0,0,1,0,1.6041303979000077,0.3831335003487766,0.08682110218796879,0.011706400895491242,TASKS_COMPLETED,1,5.333729600068182,1,4.707649699994363,560,59.2,296,8,0,ab989883f6fb5aeb97079a0949fc34c7c5fd897317ec8bed67c216b690679939,e7650cdc635566051f440bad6db4397ab3c7a83856db407194661affb39eb1c6,2.4911987994564697,4,crewmate
957cc418d3d41e2bb9649a2b384964c6d3607c391d83ea46260c637157dd9c3c,1,0,348,0,3,,173,0.0034143985249102116,0,0,2,0,3.6860215002670884,0.5413002000423148,0.09927459980826825,0.013983700308017433,PARITY,1,6.887510300031863,2,8.277374899946153,561,79.2,397,5,0,8ed5dcd228a54cd7457e664dc20f5f4bf31c58fb057d0e5524d3df1c3111f6e5,b0f4f2a48f09c10667816d3566423f8254ce5f3c17d5d07ba776ed9471a71400,3.7342637992696837,7,impostor
123790013fc5da5e1d112bbb9d1c7030fe41715453913b24fcf080d495340d41,1,0,373,0,2,,151,0.0035967995645478368,0,0,2,0,3.339208400459029,0.5492190992226824,0.10508989880327135,0.013761700363829732,TASKS_COMPLETED,1,6.253770100069232,2,7.968300999957137,562,80.8,404,8,0,8556c7b040a5f361cc0c0ba7149ee2719303f63e878db98e39a8dd5f81aea98c,e227317855897828b436b4945755da05ea109fb8a699f2a91a78d4807870ebc8,3.75673960079439,7,crewmate
86d7a9bfb24c66629a778380b4066c8225ce366c856ca8d8441ae1adef8b90a3,1,0,214,0,1,,135,0.002594598801806569,0,0,1,0,1.5467811996350065,0.24077740055508912,0.040314899175427854,0.007157300366088748,TASKS_COMPLETED,1,3.389720300096087,1,3.5987806000048295,563,39.4,197,8,0,4b2b52374d089bbad7cd381d1f6e413ca8c702886803590bf33a5ffd80005e51,891f8085618bd4a295a8d1839bce255a303675386d1c5af6199e57e24e884aac,1.6566682008560747,4,crewmate
7853426bc6d7c2dc694dcc1940fd57c736187e24145ecb5ef29054d8ae799acc,1,0,320,0,2,,175,0.0035655994433909655,0,0,2,0,2.2186172993388027,0.5373634002171457,0.08602699975017458,0.013329800684005022,TASKS_COMPLETED,1,5.713392399949953,2,6.901098500005901,564,77.2,386,8,0,f7f6c834dc2bdab01b6759848379e33f2e4f323f18e91b5c39aac243f8127f9f,b4992edfa1c04b87c643e76ef59143c9675347ed215218d5a99df87828f60150,3.8405547013971955,7,crewmate
6408ace5b24c66aa5c788a0b62a40e65cd95c546a8130f3ab8657258289a16f5,1,0,315,0,0,,119,0.0029305004281923175,0,0,0,0,3.1679234991315752,0.3312297025695443,0.10111449949909002,0.012662699329666793,TASKS_COMPLETED,1,4.02161229995545,0,5.6457211000379175,565,37.6,188,8,0,4ac6501e2f507c7949f5ac45b8edbb559033af3e4d7312edd576f891107b91e7,0efc052e4d15ceaf32fb72b3b0ef02d87d31163d4d14acd278bcace81505a800,1.9068935995455831,0,crewmate
502b3e8c05232c180b7d023823a7dbb7f96c6f2c080853d86de5815fd35df4f3,1,0,374,0,2,,156,0.0037550993729382753,0,0,2,0,4.473537999088876,0.5565430988790467,0.11659830017015338,0.015311800758354366,TASKS_COMPLETED,1,5.881022299989127,2,9.118969800067134,566,79.6,398,8,0,c42717bb18d9e04bd6917999887c37c8ef2d654ac56ad019c231a9a2ee1afcda,2d1ea26bd14ee13d940adc71fc8152e6d8a96b57595e09d537f09f1c2dcbac10,3.737440599943511,7,crewmate
7d4b205afa101476f12d0e1cc3f29fe5f9bcfd087cac4a6926891e0904834060,1,0,373,0,2,,147,0.0036030015908181667,0,0,2,0,2.44771419884637,0.5748576009646058,0.11803540121763945,0.01503720018081367,TASKS_COMPLETED,1,6.422976800007746,2,7.239865000010468,567,82.0,410,8,0,746d56bc7badc463548364ac98994e88a346846c66acec76b1248ea8970c654e,019ebd8f459f5b09af80a7d89407f97ded0b13ad9b8efea8edd2b54fff00dfb5,3.8697524989256635,7,crewmate
e6a2276425873d1382aa784e48f78dee5e9d80c0dbee5aec4b32115f96bad42e,1,0,338,0,2,,141,0.0030580993043258786,0,0,2,0,3.2251449004979804,0.5257856007665396,0.09978700161445886,0.01367359864525497,TASKS_COMPLETED,1,6.1757742000045255,2,7.676889199996367,568,77.2,386,8,0,5183c9ffe86c3317187b5c0e0808884273cfa234552bf2d682820a4db9f3fe5a,dfc3560af4ae422ff0450afa8b93992e3518685ef4cdb89ff27ba9f242dd0920,3.6081757994834334,7,crewmate
5fe151244ef621a4b5cc76fcf2b9ae7c9c545cec72bce03cebd52fa1103336c6,1,0,336,0,2,,158,0.0032072002068161964,0,0,2,0,3.5328960010083392,0.5044113987823948,0.08995629893615842,0.01274500007275492,TASKS_COMPLETED,1,5.605603200034238,2,7.797633299953304,569,75.4,377,8,0,facf7e71b205d53dc79c3420067c12db3c26e8b7611bd2aaf3d6027eefe13845,9078044ea10980d7a03f8d40b5be5eea72ec519490eefa001464556b1bd20b67,3.4702502998989075,7,crewmate
e5ca87118b4673ce20754d6aacf60f01569e744c5805737f58d3500b04f86a54,1,0,269,0,1,,134,0.003281699726358056,0,0,1,0,3.56011460267473,0.36007530032657087,0.07681479782331735,0.010581500479020178,TASKS_COMPLETED,1,3.879478699993342,1,6.489384499960579,570,50.2,251,8,0,ac625321d164c8a3408d58b0f363f9195e2297c1ad7a38b131c205d0bd81f8ce,374a362fec1462c7aaf752737b61cb1bf49aee59601976982cb58a68792caa96,2.340570401865989,4,crewmate
5a1c2d3ed7c5f5c34fe2beb453a7ebce9f683e2b8b04662c26aa79f55c59abb7,1,0,421,0,2,,156,0.003409298835322261,0,0,2,0,3.4760706016095355,0.5764751998940483,0.12314009852707386,0.015622499282471836,TASKS_COMPLETED,1,6.761117900023237,2,8.23810110008344,571,85.0,425,8,0,824ecaac5160a6692c9bdaf1d53bb2cc495261f1ab8c5d583501b1e6f1f88ad8,ffb20719ad5b612dbf210ee3915e85feb632406968bc91637e7591c3529a1d57,3.8338051005266607,7,crewmate
9fe6fa02de09e5e737e663f73e9763bc65042dc88351bd6b1d515aafb4ba7c84,1,0,325,0,2,,159,0.0033273010049015284,0,0,2,0,2.5996671018656343,0.4667935004690662,0.09066109859850258,0.012356400955468416,TASKS_COMPLETED,1,5.2278232999378815,2,6.576199200004339,572,71.2,356,8,0,cb9585bbe0ccf0631cbae4f7dd29d06cce4ae3073fb7a5420e92aa630b8faf3d,fe0cb6bab6a894608d952b9d46143a141ed02c5eacc991b2247848dfb0a66a44,3.228520201286301,7,crewmate
6abbf6084fbd46e4d68ae4eed6c37d04f47af984e1aeae6eb67dd448b6ee9863,1,0,338,0,1,,136,0.0032325995853170753,0,0,1,0,3.744193000951782,0.3981069988803938,0.09059599961619824,0.011707799858413637,TASKS_COMPLETED,1,4.860925199929625,1,6.914786000037566,573,56.2,281,8,0,8137ebf9f7fda92ae83c38f6c705e1d3d9e3a748116ed6e7bed59902cfa067e3,a6602251ed8620f309ee7112e497b1ea5be00759e09e810c9acc330ca7fdfc99,2.52223900181707,4,crewmate
1460249b18a3221c7e1b041e03364a293f66382eb31cbbf1bf4e821b338fe0ec,1,0,341,0,2,,146,0.0030838007805868983,0,0,2,0,2.157246900140308,0.5188493994064629,0.09166440018452704,0.014019700116477907,TASKS_COMPLETED,1,5.575776600046083,2,6.602933699963614,574,77.8,389,8,0,275b89ff2b2821b0e15fd8ec5c7bf4c4140e3e7e957b4548fc54654df25f4182,63a00747aa3bcf961c386260c7e15d48a7bc3f5bc7f74a503036c31e96dff42c,3.639515300747007,7,crewmate
fcb0e8a87e6f2699be193a42a751dccd1a30dfe0aded48e5f4b42277413abf96,1,0,260,0,0,,87,0.001945100026205182,0,0,0,0,1.8495281030191109,0.2764324003364891,0.06726989813614637,0.009563400875777006,TASKS_COMPLETED,1,2.627563999965787,0,3.730683699948713,575,31.0,155,8,0,096605e1f460ddbf6631f281627ecb073c48d64c3d98d758f8aa1c20cad05bb4,3c5eae5f5ffc2b9fa66799a1dc0ffaf88a36bb200f6ae0fe21c4beef41e09832,1.4287159994710237,0,crewmate
892eb24184f538bffab7c69a4acceb292554b06406d1c664540c02dbe213ef78,1,0,266,0,3,,140,0.002582200337201357,0,0,2,0,1.2742926984792575,0.42274759942665696,0.05851260107010603,0.01011080073658377,PARITY,1,4.342289200052619,2,4.913962799939327,576,66.0,331,6,0,ed7fda71934b7c451d99f11ddd82d2d9a3f47356f5bc850f17942d84a1dcc4bf,31c58026062b5df4f80ece06b7dd61e53c156dc9687b316d9ca6071e6056c155,2.983445498975925,7,impostor
7fcfafff0128f2061e4c08f96fa4d758157e92e2c952ed48d586365823645009,1,0,317,0,1,,125,0.002676699310541153,0,0,1,0,1.1334997974336147,0.4115601008525118,0.07080739981029183,0.011505499831400812,TASKS_COMPLETED,1,4.393328999984078,1,4.352595399948768,577,57.4,287,8,0,0d663d0878a771e24f9f5b6f24069684fa75aafb2ccf022130628b72b4ac3530,7f85edeee302ea09887f2d5b0c5fbd734ba3af250879678a7c736dfbd6fcaca3,2.582955599296838,4,crewmate
7a9ecbb5bb6a8b128864ad77b977675aca061c60f83b4f866a2d2da5916e5945,1,0,403,0,2,,155,0.0031712991185486317,0,0,2,0,3.4625817019259557,0.6290379007114097,0.09855000057723373,0.014536900678649545,TASKS_COMPLETED,1,8.482613100088201,2,8.778640100033954,578,91.6,458,8,0,2389a78bbf2da22e8dae02e0af95daeb2ff58db44147aa056ab65925d06ad8d4,1c4c1596585f4fa97f906a392598b6454f552c4153055587469b07267d2493cc,4.359791098977439,7,crewmate
90e0b7a2edcea1b3f5c939124318dfc752be1c25d4a11f920c4b43377f37f3f7,1,0,297,0,1,,113,0.0021603999193757772,0,0,1,0,1.1993137031095102,0.33590359811205417,0.0655268986010924,0.010476100258529186,TASKS_COMPLETED,1,3.9828786000143737,1,3.8878885000012815,579,50.8,254,8,0,9e476a9a9d843b683445fd8b8b447ca6e22f75c5debd69771da2667296d4d5b0,8ded7ea466a2028de509e4d35fab10d37f8df735e93b807ab474450e3bb44db0,2.1484567002626136,4,crewmate
0f3609caabf995d52860ff27d42ce24b31e4824b4ee44da98b90b012cf1e6cf1,1,0,371,0,2,,186,0.004670201684348285,0,0,2,0,2.9635503998724744,0.5966650011250749,0.10009770083706826,0.014282300719060004,TASKS_COMPLETED,1,7.323726600036025,2,8.1666812999174,580,85.0,425,8,0,df4c1c80c2bc42390d70c5225e4e2874a8b6c990312f9ae39cc7d81ac877d438,78b537fe0f9e533db8fce4c46e3233135cf68c482284167cda00c37489657a33,4.277407301706262,7,crewmate
4626ff52e7f3c977d7b18db89ac3f37eba0a0959d74630a38180ccf7be3d19bd,1,0,335,0,0,,98,0.002182799857109785,0,0,0,0,2.223775598802604,0.33824180043302476,0.0931700998917222,0.011237198952585459,TASKS_COMPLETED,1,4.450750999967568,0,4.674944000085816,581,40.0,200,8,0,b5229703e950347fd2e5bbb324e2d15e5132c0041d5b3ed09a06bc766d64d9ee,fdafb4aa568fe86778e2f571cb7b73bce88f688e082c090be728a2e6d89355af,1.8962231001351029,0,crewmate
8665127283265ea1d2953f0baa9fa162dc96d61fa320d61b83bd0dd3739d0f5e,1,0,381,0,2,,165,0.0033847989980131388,0,0,2,0,1.949756497866474,0.5875499998219311,0.09820820146705955,0.014675299287773669,TASKS_COMPLETED,1,5.929602900054306,2,6.9363646999699995,582,81.4,407,8,0,8d05039d8c9e73f888d03a0b092115e041ecdfb4886b6624179983a1b7285b8d,68888ebef3739e8e802688194d6a5b56b4d731a69065e71fd300c0605a693d7f,4.068539299652912,7,crewmate
8f022201c2bc703f707dcea31e97f6f3d65247da7bb3e6b77fae65c59cd89d90,1,0,350,0,1,,112,0.004716301104053855,0,0,1,0,3.8228113014483824,0.47885060124099255,0.11402610037475824,0.014480299898423254,TASKS_COMPLETED,1,5.222289300058037,1,7.648943900014274,583,61.6,308,8,0,b76e1b66a9b03f9a4347b60664c33ceb4a9081f6d3f775e93f34de94e6986e8d,885c031fe99a839223de62e4fb1f085ebefdeefe4aa6f844b94bf39f497e8ea9,3.048778599826619,4,crewmate
4dab3944723471df7529e1e639afe14df43bb0be45db3c97b37e317acf8e7b8c,1,0,330,0,1,,144,0.003701299661770463,0,0,1,0,3.1997231002897024,0.4162251012166962,0.10325969813857228,0.013092100853100419,TASKS_COMPLETED,1,4.994466600008309,1,6.500616400036961,584,53.8,269,8,0,52ef96c929f33b3a9af2fb7f72fcad1992b36634fa4d364e99fbc245681c3f74,10466794488d1653d89b8255d6e61b22c9bbe9fed81f4eff081bbf610445c72a,2.6061902991496027,4,crewmate
199b37e24d6d246eb2aa2a6744af4f4ac336514f544e74f5b3f8678d24a70a99,1,0,384,0,2,,170,0.0037719999672845006,0,0,2,0,2.7637925992021337,0.6358882008353248,0.12402020231820643,0.015185998752713203,TASKS_COMPLETED,1,7.049472200102173,2,8.143721299944445,585,85.6,428,8,0,4540a5da517204199c35ebde5f5d1cfd424a8ebcd34c6a7b460ed8d91d4d1bb1,b3931155a8b8107cd968c998a8265ce693a412f486bf2e38fa8ca0609ea040f2,4.3752256002044305,7,crewmate
9bb4b7b4a27a64980df589787625a2809c16f2a801f6aef4090c060d32ddd053,1,0,215,0,0,,77,0.0018869000487029552,0,0,0,0,1.0181898993905634,0.2664778003236279,0.07151430170051754,0.009343099663965404,TASKS_COMPLETED,1,2.2333033999893814,0,2.8739409999689087,586,25.6,128,8,0,fa6de122a5d4f04623a9df5f195527455f5b267046db75e541616754ffa563c5,bb70e7d5b28308671df32cd3f3b1963a69a16d563a4abdd0829c20cac987e00e,1.4083230008836836,0,crewmate
416c997737cdc1b9eab6693924334ac64cee4d94aa5083c53a3f330a236c0af4,1,0,272,0,2,,136,0.0031441007740795612,0,0,2,0,2.782531500561163,0.4378939002053812,0.07063080044463277,0.01039359881542623,TASKS_COMPLETED,1,5.027071899967268,2,6.564708700054325,587,65.2,326,8,0,537789743bde5f4180a4d8d482b4133305f2e9f7050314a2e38e8d035e25b4a4,c27d44f26fb02583f6bfe21959b0e55f777770d5d67fc54c6de63c8fe795b31d,3.096872300375253,7,crewmate
28aa60f2f92e62e67d528643218c04d65473e65fce4432c5d505a6ea81e71406,1,0,287,0,2,,158,0.0031995997997000813,0,0,2,0,1.9303109009051695,0.4631583985174075,0.0678027004469186,0.01231969939544797,TASKS_COMPLETED,1,4.627719399984926,2,5.971043199999258,588,67.0,335,8,0,f490a11238cccf1878f5eb0c8fb4ae821189d0228f58529760b89d3a2d080124,e29d65f9ab5a58c9e37420fd65c31823efc02d6f7130ab1024862faf88c0ac77,3.315587497665547,7,crewmate
14a4ed3647a596e5713c9f39de3c3de593a6aa839f3e3c28fdec5aa174f1ace0,1,0,382,0,1,,117,0.002491099527105689,0,0,1,0,3.698398301261477,0.4723295000148937,0.11504369939211756,0.013930899789556861,TASKS_COMPLETED,1,5.108731399988756,1,7.494087600032799,589,64.0,320,8,0,b6a9b28c74efdab2f719207ddb0783b67b801c7a1b8c8dfc5078f36a56ac1671,74747fa4e04a755d1686bdb688c601eae6ce319415eba4713564c131ebf5c55a,3.024943000986241,4,crewmate
bce5c905441692c6f1b8dc5a603ba9a09cfc728a673afc8073183204872a1a8b,1,0,353,0,1,,172,0.003749599796719849,0,0,1,0,3.5537693990627304,0.4694007015787065,0.10204190155491233,0.013294699368998408,TASKS_COMPLETED,1,5.016125400085002,1,7.4816588999237865,590,62.8,314,8,0,8830bdb69bc79f68dc62022721d7c45ec855ddf6e6204fc098d567432a3c0320,456a2eb173cd8ee4c2efc50c65ea9da3cf475df394e8d15dcc6c2e412bde2966,3.179227199056186,4,crewmate
3922cf87e7c1c23593470cf2f97805840e01a94cfecfbe76b2e0a55f7f7880ec,1,0,412,0,1,,128,0.0031081998022273183,0,0,1,0,3.37622609839309,0.48503040068317205,0.1210036005359143,0.01463320036418736,TASKS_COMPLETED,1,5.579100699978881,1,7.156267500016838,591,66.4,332,8,0,8976b7a183aac22459a94ba9c2ddbfea036db5b0015ae86b2a0b69cb18eed7ec,b206979227c3f8a0ed0df8b2ee8ac88b8f5dd8230bfef0c12d802999205782ef,2.9896361015271395,4,crewmate
81d80e2fc798f3d2b3c699f142b5709c2d9d455e5cfa02d03402d710cd55e48e,1,0,284,0,1,,146,0.0031535006128251553,0,0,1,0,1.6543050986947492,0.38968990033026785,0.07148720067925751,0.011113898945041,TASKS_COMPLETED,1,3.98049380001612,1,4.899774500052445,592,52.0,260,8,0,4b82f2bb6c8197c767e598ea594efb2b06d06b84c8d9db8b6763c24130b06a0b,a036ef677af55ec37eb601f82445a94cc31c26615c2ceed420cbebc473ffa214,2.6258158002747223,4,crewmate
e4f07e8aef1d76b293503cc9bb67f887e13e179e6f979dbf4f585a6d6b1b6c75,1,0,226,0,2,,155,0.003058600821532309,0,0,2,0,0.6590851017972454,0.3593895003432408,0.0505023990990594,0.008446300285868347,IMPOSTOR_EJECTED,1,3.369834900018759,2,3.983148099971004,593,57.6,288,6,0,647f77233317f1edd5d676e2a57cc2db2e1117a5af56024c3b4a0b96b5d2aa1b,acba3b7dd0cf20d89527db37bb1a3b5d9123bf1e93ceffd37fa56702e14bc4be,2.743982200627215,7,crewmate
c4615f87edf49446659ef80788372eb0a29f54b417301dad09084ec0378791cf,1,0,225,0,0,,85,0.00194059987552464,0,0,0,0,1.8224879011977464,0.22779980138875544,0.05248909967485815,0.00751869915984571,TASKS_COMPLETED,1,2.424523700028658,0,3.4546400000108406,594,26.8,134,8,0,7116118510de0e8deea3c95c2ca644296d480424f5cf3314d5905b2b37f9163e,9402ffb56155d94007a15c28699e81331b8cea06df7ca247dd90cc00c023df57,1.2667819985654205,0,crewmate
db4b1a2f2d4fd6d2b44cd56d3dadacaaada72dbe7e39d132e43b55b9343dc5a9,1,0,418,0,1,,174,0.003695099730975926,0,0,1,0,3.206234899815172,0.5167526006698608,0.11501209961716086,0.015485700801946223,TASKS_COMPLETED,1,5.829268999979831,1,7.268442000029609,595,70.0,350,8,0,ed988c6f2ea6dba3566373b9c3323ab6ac002f6c83621f1abe3805e3408b7aa0,c2f58d58a22cc47e09f5d9408c2902d426423cc7162e4eb746114be9a888727c,3.2381144009996206,4,crewmate
8b9016c18d1cada451ce2686d426cec7fcd69077861e1824f9691a31acdace00,1,0,289,0,1,,113,0.0024554997216910124,0,0,1,0,2.6130639986367896,0.3173835992347449,0.06208390125539154,0.00970200018491596,TASKS_COMPLETED,1,4.033842800068669,1,5.137686400092207,596,49.0,245,8,0,926aa8a4e35b0428c23166ae89f42a631444ce8a0f0564e8c9d3108997623aa4,dd04bdb5ddc022ee41009812c84c7c6a4bff88551142c0872e761d2858c4dd2f,2.0140756997279823,4,crewmate
b9df4be7d024bf4ee000c3fcb6b6ed7df5558b1ff69bcebf059d708c39d8ed23,1,0,371,0,2,,153,0.0035264004254713655,0,0,2,0,3.3023167975479737,0.5799132001120597,0.09566770144738257,0.013232501572929323,TASKS_COMPLETED,1,6.873471900005825,2,8.272589600062929,597,86.2,431,8,0,8da29866cc6758248858877fcaeb2736dad0aead7bfe1f1e193fa0dbdb6a2b05,ab20e9dc9fa607c5d01c97a9a2f3a75d3d9c15ef3c0f2bd9df5d7fe4b666cdb7,4.083514799596742,7,crewmate
1d5ca37f3abedfc389bd0bf88fd45adf3fac76218fdfd9117bc958652c988cb4,1,0,294,0,1,,120,0.002575200516730547,0,0,1,0,2.606022500083782,0.3613838000455871,0.07802909950260073,0.010688000824302435,TASKS_COMPLETED,1,4.277876499923877,1,5.471003100043163,598,52.0,260,8,0,51d479948b06f822f16e1bbefc3ea08ddd0313374f9555f9f4950eec48359da5,7ce5db18758cf1baa27a4118d1e6958ede3867bd863f381b9b9dde9986d1d257,2.2774046999402344,4,crewmate
1840b4b0e7ac388da5df8aafb567bbda5a135053920456c646334f2601dd9e7e,1,0,333,0,1,,130,0.0031052001286298037,0,0,1,0,4.80925329902675,0.4001336005749181,0.09266200184356421,0.011972600594162941,TASKS_COMPLETED,1,5.753448299947195,1,8.006828100071289,599,57.4,287,8,0,e36b75ae66e4fad02fd051594a74e3c86a732acf1bb73f19762995b21fcaa4e7,734d4349fd15668cc1974155ca9807a59094438601bde546e84d1520f421f3c3,2.542028701165691,4,crewmate
d3009846da10a7bb08f63a079e9df36a98845248c5f8a373946c826559b53ae6,1,0,215,0,0,,88,0.002011299366131425,0,0,0,0,1.0959441985469311,0.2248552992241457,0.06512900011148304,0.00812339992262423,TASKS_COMPLETED,1,2.4350519999861717,0,2.757054700050503,600,25.6,128,8,0,6bf76f413ec75e1401408b21804869bf6fec2b4460b4097b108c8b800bdd8fa0,7bf5b714943f2d326f3c2de194a3e81f60fedfe10b9e790f090f6caf11e2f579,1.275025199400261,0,crewmate
12a1448f64298cac55e7bf4a5ba6582075f11d641d565a2efa5439f950d4f582,1,0,411,0,2,,157,0.003153499332256615,0,0,2,0,3.5390973013127223,0.5787549002561718,0.09946559905074537,0.014616199070587754,TASKS_COMPLETED,1,7.3903885000618175,2,8.355898999958299,601,87.4,437,8,0,9f3ffa6338cb41bed772bab814e075fa191a97f549c3c245d0aa58231ab8e0f1,13c045af1341bad3283c9f9ec90d5a135f1eb791509739784a2b2fa6ae92efdc,3.930404600338079,7,crewmate
2d9e6553ab5f85a0b437173052bd1e93dbdc10b7cf52242bc945884954cc6cdb,1,0,331,0,1,,112,0.0024735998595133424,0,0,1,0,1.906413100194186,0.3863258995115757,0.08410569955594838,0.011096301022917032,TASKS_COMPLETED,1,4.386042600031942,1,4.957993699936196,602,56.2,281,8,0,340d9b682e4718096c3b5ce1de5543065b59db841815de1285931bec4f61eff0,bde4b93c6ead90628c7f2240801c495534ce2e237b2a1aa0759a3baac41f28af,2.4332256973721087,4,crewmate
d044f3c99c27bd2f3181aae1f1f350530c38ab2cd8852ee4c540d015745b8218,1,0,348,0,2,,192,0.003775601740926504,0,0,2,0,2.342036599642597,0.5359004000201821,0.07631040026899427,0.013744100462645292,TASKS_COMPLETED,1,5.600498600048013,2,6.890733099891804,603,80.8,404,8,0,da714ba602abe952561ef567750b644d5f8146940ba7e532d41438c6fd0d634d,151db02955d978f2350f5243595e2bbab1ea4eeed8119b839fc87003cd4a9d31,3.734506698208861,7,crewmate
11de7950e27cd108fd9d151bf2c91d6b987f2356454c291956fcede92b5be130,1,0,309,0,1,,121,0.0024673999287188053,0,0,1,0,2.1978824983816594,0.3556687005329877,0.07482820039149374,0.010019799810834229,TASKS_COMPLETED,1,4.359632199979387,1,5.0116124000633135,604,53.8,269,8,0,9b0b41331cb6ad153ece9ec05f3cb9c4ecd7fea8dbc1294421c256f547cf5ca8,3305fd6a4b6b34bd4802aafcf96c90212efda33c2814e735246975625805814e,2.2457746006548405,4,crewmate
268ea4c56c4ad061451c74285efaef39b1555a63c89f4493060db608fd4b515a,1,0,359,0,3,,146,0.0029502003453671932,0,0,2,0,3.0432111943373457,0.5179133001947775,0.0897084012394771,0.01258939818944782,PARITY,1,6.309270800091326,2,7.500821199966595,605,81.0,406,7,0,48aae37b6f898737252cac5c368e5599f309309720c8e870445313bf3f7a8263,366f54c357e5e1914e748bd5ae566ca1a134c25307d4905124dc1a5883ea3e47,3.6534966985927895,7,impostor
4d7db6262fa1d84e4ce582464ff6dcc37daa032b905ca7e98ec97fa5f3663bce,1,0,337,0,1,,126,0.002324100467376411,0,0,1,0,2.3039860000135377,0.36220350000075996,0.08643190178554505,0.010616600047796965,TASKS_COMPLETED,1,4.011202899971977,1,5.143988299998455,606,54.4,272,8,0,a8c5127c7eab7070253ebd0e45838b6eb08c988cab21793c722176891f404201,1326fa6726d77f6ec068e265081b8a78b26f8df53b44bf9bb40f1fbc7cb040c9,2.248171899584122,4,crewmate
73a9e50040f19bf6af171ec229f42912b670da3b2bb4123762eca569a4771279,1,0,369,0,2,,153,0.003040201379917562,0,0,2,0,2.73796379880514,0.5173757018055767,0.08103310223668814,0.013094900990836322,TASKS_COMPLETED,1,6.107167599955574,2,7.1020574000431225,607,82.0,410,8,0,df8082894c607d8847f29f81e6f084e59a77d6240fff5229fdf31b11ae75e71d,6a5325fce46b0a475ecf89ea55f6e9caeea031dbc4df02e34db80870c1bafc00,3.56645789812319,7,crewmate
ac457c06352cd00afba3e280fc619280fe1351b7eea7cac60517a1900fac5d2e,1,0,266,0,2,,126,0.0023063000990077853,0,0,2,0,2.074541999376379,0.35781539895106107,0.05496969982050359,0.008721499121747911,TASKS_COMPLETED,1,4.052416100050323,2,5.242205799906515,608,62.8,314,8,0,eb4f3a7c36359c3f0f5b850b521cb12b420169434751bde4a779c9425ba6783f,adbdfa35e61958d6d422ce7806bdff03146b601e186350d370f8d28ceab6b494,2.6025289004901424,7,crewmate
5a0514b2c426219168027e0277cbe4879682d2ecc13b5307eebfb3ac76479c2d,1,0,235,0,0,,117,0.002600399195216596,0,0,0,0,2.034091297769919,0.23563489981461316,0.04645450017414987,0.007913100300356746,TASKS_COMPLETED,1,2.720146300038323,0,3.736433499958366,609,28.0,140,8,0,1f0fb9530fffcb833c54da8ceac48b69ec34607f275f75bb9f6c26fa41f6144a,93452b9b192fbe456b3696ee85fecd5da9690245cd4e827fba18eee072c73cb9,1.3296086991904303,0,crewmate
326c963bd11b121f7fcdd2c46e250aa39030eb029d5fc3ac8c4ae9fb20beeae1,1,0,285,0,0,,101,0.0020084994612261653,0,0,0,0,1.1721386979334056,0.2739483988843858,0.0685104998992756,0.00839700095821172,TASKS_COMPLETED,1,2.969732900033705,0,3.151458599953912,610,34.0,170,8,0,55e304021b79e8b279ee01e2e2bfe5bb3aa3019b02c0cc9dcf321095bd2c1631,4eb4b79c5da9d2c5a5b1c04b953555c8598bf2565384f01004e6a6e0bd0403e4,1.5342392986640334,0,crewmate
6c07fe21a5168ed313ded9a751eaa0476696678515c8c32ab821854facbaa409,1,0,275,0,3,,158,0.0027615000726655126,0,0,2,0,1.4294527008896694,0.4190562000731006,0.052813200280070305,0.009203198831528425,PARITY,1,4.380176399950869,2,5.158439800026827,611,67.8,340,7,0,2a9a47ae86c6861d923725afa214ccc9f1d1e1cbcbee94cb32d2158ecaa9dfc0,ff16edea7395a9058b56c823807f140624229032fb1b5130ae098b8587617dcf,3.078338198363781,7,impostor
19a7fad5aa91b99e55e8464323720f75c286f2c14bf205283c333d16985f2534,1,0,267,0,1,,109,0.0019822008907794952,0,0,1,0,1.5491177017102018,0.3288570997538045,0.0639013999607414,0.009324200917035341,TASKS_COMPLETED,1,3.6096226000227034,1,4.172917599906214,612,49.0,245,8,0,c46028e132561cc4d099eec8c5ae3e3eb8b0016ed2b837feb137753b84908204,527077eba2eaa660210878f820e0f95e5752416649596fa94a62573c2c923b60,2.1004436999792233,4,crewmate
722df6491d1ca35811350996b4ec76d281ea911e51c5b24bb6a0e7d0ff4f1273,1,0,371,0,2,,142,0.002786599798128009,0,0,2,0,1.909334200550802,0.4916614005342126,0.07657149888109416,0.011962901800870895,TASKS_COMPLETED,1,5.514933800091967,2,6.034793199971318,613,78.4,392,8,0,f1c1f76c6092471b3b705ff3fa5a6a15d881d2398e9279995a0fdba565ee95f5,dac5c5646d278f8ba8346ddd0d5cb6fb59954baf26d8e6a96a45d5ee18ab46d0,3.3652018010616302,7,crewmate
27dc8b5d97312e83e465e68470690bb179bdd3cbe85c7c980d06899140f15161,1,0,283,0,2,,128,0.002405099803581834,0,0,2,0,2.1624128038529307,0.3883030022261664,0.06371849763672799,0.009342600707896054,TASKS_COMPLETED,1,4.656940000015311,2,5.4760481000412256,614,65.8,329,8,0,aa2bf096621e08802e69a8a458f04e80df497a25a507af9c9e2595745bfecb46,d40a140a2e3e7dbaa404d19226693c8b168ca0bbdfbedb91e471ce444d8904a6,2.7045209011994302,7,crewmate
97842cca525cb2ff6a9935443d92fb9eee934dde498ef90e53edf6448b60be23,1,0,132,0,1,,112,0.0021134992130100727,0,0,1,0,1.6318286993773654,0.16773030010517687,0.027811400475911796,0.004792200052179396,IMPOSTOR_EJECTED,1,2.049051299924031,1,3.1623493999941275,615,29.4,147,3,0,20103a5c3534c57e7985a5365f3c0243db4e88bea0929903a3ca09d2bd1ae96d,f004d5086c144ba6e65359b2772eb360ae60f97ce147885a8a061bfad50cb95b,1.2486321000615135,4,crewmate
a35b2b59fa6f8ef1e5024fb7cc5bc5dc69b37a7ea1ee449a1b4447dcd93047ff,1,0,235,0,0,,82,0.001662599854171276,0,0,0,0,1.6088392990641296,0.23746210080571473,0.05494589963927865,0.00742959906347096,TASKS_COMPLETED,1,2.6651068000355735,0,3.2655564999440685,616,28.0,140,8,0,9e8a06929433ff0f93dd67ea8e6472b20ebf687ea5190285f8f5e2cf1ba4a509,d75f4c8bb7f24a3cc6d0393689a635339701bcaf01d8c2ec885b26ab3f7e9451,1.2728818010073155,0,crewmate
09625912f2fae669b0d4cd8fa496eafa681d8f736de1e5b442120ab6cef6c717,1,0,286,0,1,,156,0.003732699900865555,0,0,1,0,2.6449745007557794,0.320365798426792,0.07391840079799294,0.010240700677968562,TASKS_COMPLETED,1,3.4431311999214813,1,5.300444700056687,617,47.8,239,8,0,1c6b1f4b307e3459af019f03a9759a3ed19720e457dea3538d7a4007c74d0ad8,abc3311d4be6371822a45f56a73f4b03bce6b0cedff5457110dc68b8a683b5e8,2.1184592008357868,4,crewmate
34e6c24dc92aa6bdca55337afef53cbba481656dbcfc95f484b147eb58052496,1,0,271,0,2,,176,0.0033666000235825777,0,0,2,0,2.3004198014969006,0.39994320122059435,0.06012850080151111,0.010196099989116192,TASKS_COMPLETED,1,4.679238999960944,2,5.915340000065044,618,66.4,332,8,0,874f771a018b274a6778611bc4b8bc5a5dab46eb188aaddfb87cbf6acb1488b9,77fb43870dbd980fdcbff547f078c8bb0fac3d0856e8df8b84d48bd98f3354d7,2.9871752999024466,7,crewmate
8fcdd97e1ae4e3d1871a95d3b0fe8d3814ecfd06fbf106d2873117d8ed817dce,1,0,305,0,0,,83,0.0019376002019271255,0,0,0,0,2.31402960116975,0.2979002984939143,0.07828240015078336,0.00987910118419677,TASKS_COMPLETED,1,3.1709207000676543,0,4.4286773999920115,619,36.4,182,8,0,0116e353f00137e83385664325d60e527570bc5659e6ced59a024d986d4f49b8,893fbbb96b884464e049ecafa1240d64536998af220c86e76a06f039877b63aa,1.6199585983995348,0,crewmate
c5d63b1286fb230dc7bc894849486425cc5313eae0d8db92bc20a70f69aa289e,1,0,260,0,0,,81,0.0017795002786442637,0,0,0,0,1.7792609996395186,0.2577353009255603,0.0665137997129932,0.008315499871969223,TASKS_COMPLETED,1,2.7007863000035286,0,3.578243299969472,620,31.0,155,8,0,be2825832b40a1b95948fcccee5d52f336713717d86f798b55d385c9681836ea,598d4c41b0e631b07aad54c4f785a5010b4beee22bfa24a424c3f265f5e76aef,1.3746771009173244,0,crewmate
b96adec8887f7773c7799ee592e678dd5d7c2137cf89c6d7e95be355d4a33e8d,1,0,291,0,1,,100,0.0024353002663701773,0,0,1,0,1.473052202607505,0.34570080100093037,0.06748070137109607,0.009869300527498126,TASKS_COMPLETED,1,3.613805999979377,1,4.185334000037983,621,52.0,260,8,0,952cf14465e85cb3401348667d411c0df3c2299e248d40c3dfa90e93e7d24d09,a63bedec3482a7741d8fb9e64ed2b98363be25934e6f079c2bfa587a61b89758,2.1588782995240763,4,crewmate
671d8805ae623b8a3391471d2e51fb43d7cde88728eaedae8a46b708e7ea49d0,1,0,242,0,1,,97,0.0018942009191960096,0,0,1,0,1.3708903000224382,0.2820796008454636,0.05142329854425043,0.00792899972293526,TASKS_COMPLETED,1,2.925506200059317,1,3.6222679000347853,622,45.4,227,8,0,9d6481929f2736e942d387c56bfff40e1cda78807993f457abff5a8a58adbf9b,2d1f4e08d71a303f35bb3f09f7fc3709b53522820943e5ee0860820604d23107,1.8028096995549276,4,crewmate
ceab12c7f12161ccde36cf1279456be65dabecda18ae2775f3abef2d9becaa1c,1,0,340,0,0,,127,0.002586700487881899,0,0,0,0,1.9488927975762635,0.31878519942983985,0.0830181990750134,0.010415199445560575,TASKS_COMPLETED,1,4.069268200080842,0,4.257834799936973,623,40.6,203,8,0,f183ad67efed8b0e4803ee3c17da5bd64d9fbdad4604f7e79067213ab09a6e93,db68f7e7edafca492d28d4abe1bf608e4cd0a2ae3f3b1fbd516fbc64fc1c551b,1.7938046999042854,0,crewmate
79bd29fc911e923e4cab73fde8aabbe471949f8b43cab1c50dd502c0f6d69d9a,1,0,276,0,2,,132,0.0024078000569716096,0,0,2,0,1.1031727999215946,0.38405140046961606,0.054588800529018044,0.008785599959082901,TASKS_COMPLETED,1,4.361661300063133,2,4.430504799936898,624,67.6,338,8,0,08c473e79921c200df5024d7e3f83722d904c92adfc057ad63f59648cb79756b,69bf04ee452cec89040c9357577a8e89fa3b29f8c3b7a3b199bcfd0832ad57c4,2.733309699804522,7,crewmate
0fa75ec0063266d579fc4c321502584aff5485f4e69ee5b218f22e2c4b7c035f,1,0,376,0,3,,196,0.0037043002666905522,0,0,2,0,3.5950881011085585,0.5323868988780305,0.08997490105684847,0.012878800742328167,PARITY,1,6.219363400014117,2,8.26148290000856,625,82.8,415,7,0,e661fcf5d5697eba1679bf15f7413ce12048f9c6180264f1cf24e27f472fc304,8513c283f1baa91c9c490a7ec3b309f4da5bb805018f7245cf426f41e7269847,3.8387056996580213,7,impostor
09f6b713d31842403a08c93996f384b8741349f164a10994e64a01f5907d3f18,1,0,249,0,1,,123,0.002320799743756652,0,0,1,0,1.4387279022485018,0.2709212991176173,0.05751349846832454,0.008310500998049974,TASKS_COMPLETED,1,3.1836070000426844,1,3.684329199953936,626,43.6,218,8,0,0b2276e39ca686309f710a286bf60f8d863ace8f064f2d8c82ff0e134e41e156,a0e46d93490acad9069f84e05cb4cfe902dcd7068e2a4b1bfc3679618d7d8ada,1.7973457996267825,4,crewmate
ff5abf58046c9208df9c5d172830313dd1f56d16d7aeabe888f40aae8f61cf12,1,0,335,0,3,,158,0.0030242011416703463,0,0,2,0,3.018185101565905,0.49999819905497134,0.08111619669944048,0.011538799735717475,PARITY,1,5.302162400097586,2,7.362431900110096,627,79.2,397,6,0,463a4090e2e1ad3e0d6d71304bc3e1b05a56137bc7b3cb0d319e22ae2b228c2f,311d4faea5f76cf4debf381aa65708c8b54a4555ec23891c10fad94c30d755d6,3.5647359996801242,7,impostor
a3a1bab6092664807475c5e9145affc9a7f479e25d4dcee28a2be2170e60b0ec,1,0,187,0,1,,94,0.0020371999125927687,0,0,1,0,1.880629401304759,0.2113441996043548,0.050301799550652504,0.006487200618721545,IMPOSTOR_EJECTED,1,2.6622910000151023,1,3.6606623000698164,628,36.0,180,4,0,cbfa661f9c526ab23e3154c0c9b41709e4ac7196227f0000fe39ae9af50248e4,ac3ce5656e9a45763c4e9b7677c893d7eff681f6d114038f09a6eea1a6896a63,1.419093499542214,4,crewmate
109853d38c3361e1ac7b50782009ef8033a7135db727cd24e810c600488e4b7b,1,0,290,0,0,,80,0.0016798999859020114,0,0,0,0,1.3764700993197039,0.28574829979334027,0.08244019944686443,0.009127798024564981,TASKS_COMPLETED,1,2.776759000029415,0,3.3342212999705225,629,34.6,173,8,0,f9c32fc138c78105e2cf65cdc1c14eed89d0972c2171b703ad1f6a465d794fef,f5a201576e9add4251f83a755312aee48805d5f4b812960cf892c229b0acea1f,1.4802153997588903,0,crewmate
db3b47f18506001543d662505d2a5d742db57afa067f18e844fcff674861b474,1,0,280,0,0,,110,0.0022945988457649946,0,0,0,0,1.2006862002890557,0.2802707015071064,0.06987849937286228,0.009273399016819894,TASKS_COMPLETED,1,3.1435326000209898,0,3.2015411999309435,630,33.4,167,8,0,ee6243144df6c59a87420edc6d64fc821d549ec1c2fa2e2599b45d573d10afdd,8168144d17e771e0be641dba9fddfd065af32f7fae943cc70e46111207ea0e3a,1.544912101351656,0,crewmate
aab788942c7a26d9628607c12abeeab805838702a6d0976eddc496a44255b9fb,1,0,281,0,1,,147,0.002904900466091931,0,0,1,0,2.3411823014030233,0.2969247014261782,0.07116379716899246,0.009242799249477684,TASKS_COMPLETED,1,3.1990775000303984,1,4.811473899986595,631,47.8,239,8,0,6168fb28e7067d0e999a1937f8a1a6ac72d9c522da3758dae40361f20f8c2480,69fe0dc872e6282403b0330c35ec93adcb72ba8446f0b48b8921b0cc1f4df78d,1.970783299417235,4,crewmate
e1fdb77dde39ed73b71202ff6ccfe1299f79a9b06860d5fc469b0fb2a6b88daf,1,0,270,0,1,,137,0.0028135994216427207,0,0,1,0,2.372613101149909,0.31523249961901456,0.06187040056101978,0.008839199901558459,TASKS_COMPLETED,1,3.629391999915242,1,4.9501852000830695,632,49.0,245,8,0,15a17db87d49a2c96a7c8ef5fd1179a3d3c5d468ff4a1b80908654b082bcded9,f844302994bec410dc5e9c5000bef353d9da9d2270f79c98d1ea3102f757bd39,2.077155699604191,4,crewmate
1243585a7e12a29855026db4736b5402fec3d7c7e4cd7e5d5b14b00e666732a5,1,0,347,0,1,,153,0.0032476003980264068,0,0,1,0,2.2825607997365296,0.35513859905768186,0.07904340256936848,0.01064029976259917,TASKS_COMPLETED,1,4.137977699982002,1,5.096252000075765,633,56.2,281,8,0,8b218a223681a77eba9f46b946570f29762c26a95ef4609715e733c7a124bd3f,3ec78dade6a7080117e911cec0b79c4c6964333e601a486649ae0fed55dde8fc,2.2403274005046114,4,crewmate
3ba5bd2b6b23512163247b96675efb60c8fb5676e9db5a0dfc7b896af9812218,1,0,254,0,1,,117,0.0049302998231723905,0,0,1,0,1.096633200184442,0.26798190048430115,0.049667799728922546,0.007618999807164073,TASKS_COMPLETED,1,2.629550600075163,1,3.282429999904707,634,45.4,227,8,0,5d5660a385fc1240ff0e9725ddbc33751033d53206aff892ef1d1063e236a537,36c7208bfac9ce34ab719c94456eba856c76646f850329468375a66d03008091,1.751823399332352,4,crewmate
5b2f1080bffa59a66c5cabd605c9871c4c9659beaae80899586be5c67455cd30,1,0,263,0,1,,107,0.0018148001981899142,0,0,1,0,1.7841368016088381,0.2880061004543677,0.052396299317479134,0.007931699859909713,TASKS_COMPLETED,1,2.884745000046678,1,4.043069200008176,635,47.8,239,8,0,747c949f437cce2ddd8812d187ce4911fda5515dc7d1b88f6a6dd59d6d20d3b6,fb9a1704922324814d89921b1314d3a7a7d2af4c92501cf38b06310fc4f2e803,1.7997393995756283,4,crewmate
19ea76d14b760e15a652fd45dad54a4439fb42b29a4a2a07948374c5a20f2f51,1,0,330,0,1,,117,0.002076299977488816,0,0,1,0,2.3051379980752245,0.35021710069850087,0.0745694994693622,0.010192899964749813,TASKS_COMPLETED,1,4.0404777999501675,1,5.098853999981657,636,57.4,287,8,0,abffe0ba31edb14c3bc6f7221e6515cd36ccfa21a0962c89151efc9879649461,2b326bb4ec9b0bd4db5b1d0db004e6942e6cf9aec2ba8de91c0369921e839c30,2.2344594987807795,4,crewmate
712328022f0a1584f373fce7685e8cc7f722fae3ee29e559160234b3f333cc82,1,0,350,0,0,,78,0.0015238993801176548,0,0,0,0,2.2699780968250707,0.30056120071094483,0.08192850078921765,0.009288599016144872,TASKS_COMPLETED,1,4.124679900007322,0,4.390499000088312,637,41.8,209,8,0,368aa2f629f996141e02618a364dca90f98ef64a936da529189b42a4210b3ef7,60a8dd292ef6235744fc0814bf106b0a1619b66370d69b738d39c7d1beda28b2,1.6371124999132007,0,crewmate
c3e9e311ad93db069e16e2f0d0c231df7eea9079a77288fc3997613d4fe94eee,1,0,348,0,1,,165,0.003075400018133223,0,0,1,0,2.376767202396877,0.3475807998329401,0.07490429887548089,0.010007800185121596,TASKS_COMPLETED,1,4.488100799964741,1,5.21013599995058,638,56.2,281,8,0,aba89d1a0373573030701bc16df95e44bbfb7d042d4950c44d2ee083f614c7bf,aec28436701b68f033412ff3e24707056a596050d7d85c3b631773018d03844a,2.2733194006141275,4,crewmate
2c21d49a7425f4b7aa6e179d3441e4a177ffea3cf6e672de5801730cfe415aed,1,0,276,0,1,,137,0.002548400196246803,0,0,1,0,2.1712536979466677,0.28742440009955317,0.05353520100470632,0.008335799793712795,TASKS_COMPLETED,1,3.3841654000570998,1,4.53591029997915,639,49.0,245,8,0,b2148b8429618d02d41895d06747d1143cd2f2b035b4e21c161b695096122e0c,89df0ba8e9ae28a9a94b3f1ed4412cf8113faddc8f6f19f7af365d6a84b1907c,1.9092052991036326,4,crewmate
2b0c7ae9880b2ade48145fce793738c4be2ade34b8af8e730f31ae26008cac29,1,0,340,0,2,,149,0.002643399522639811,0,0,2,0,1.5717109992401674,0.4287678024265915,0.06536240060813725,0.0103060994297266,TASKS_COMPLETED,1,4.751364200026728,2,5.230271599953994,640,74.8,374,8,0,7647c6649abc0593ef01256c47564c62facf85dd65c515d4708b7e7d0a01dbbc,9c0d4020a98a8e9664fa4faa2c749765d6b8d8b72bfc71503e1cc87a323cccc9,3.0027326000854373,7,crewmate
dc136048f550d8e7df8479a93c7c38acbe0cbecdebd9bad47816ae50d087bae3,1,0,309,0,1,,118,0.0020592003129422665,0,0,1,0,1.6554948999546468,0.3444958000909537,0.06577039987314492,0.008955300436355174,TASKS_COMPLETED,1,3.8738375999964774,1,4.412185600027442,641,55.6,278,8,0,22dcd856046a86200a24f581f1b82dd68cc1975fefc7111e2f592b83204ea7d3,5df6d367ba56522e91842a7855821a6474b3af9fcbb01feeda67661e66747a6a,2.2165438008960336,4,crewmate
775f749fc822d00bb48d474d8c542ac7847de88f555fe752be61c417e0fea7e2,1,0,275,0,0,,78,0.0014775005402043462,0,0,0,0,0.9395793010480702,0.24043150036595762,0.06123119918629527,0.007593600661493838,TASKS_COMPLETED,1,2.5544995999662206,0,2.6287216000491753,642,32.8,164,8,0,f2474b5fd32e6cae464520be7491c5197f328b447601a198a6e0fb582e2bff5d,2a2efb9c209474f294c555292a95805bcad9f64be7c83565641ba10b5e1414b1,1.3012687999289483,0,crewmate
c773ec6a329de0e6f26c3dd6fa3e6c0a381bd9a5cbec77b8af7a0fa7453a754b,1,0,358,0,2,,155,0.0027340000960975885,0,0,2,0,2.5338430969277397,0.4519468006910756,0.07151350111234933,0.010890998761169612,TASKS_COMPLETED,1,5.240799400024116,2,6.413005599984899,643,77.8,389,8,0,14ce23ed5b32b8db511c9a8cead64ff65789351b34acfbbc2d2514669b053a86,44ebba4ae61189b0bf038932cb4ecedc2e3af121cf70050aac0f24bb211e3fb1,3.1782039002282545,7,crewmate
05ba0d4cd23dc3fdcb6dacb785fd43f9c26a80a6223112d1ad12f800489906dd,1,0,240,0,2,,152,0.002672799862921238,0,0,2,0,2.1740629993146285,0.3328353991964832,0.05551809922326356,0.008412900264374912,IMPOSTOR_EJECTED,1,3.682048299931921,2,5.094879099982791,644,59.4,297,5,0,207afa8f48ccd47aa123a1f571109255a750815bb53a2283d8ac6e76419e8699,53240ec6537be6c8a6436cdc6f4a1d05b73a8aa759995935b858c780eb49c585,2.3931803986197338,7,crewmate
6a7dff56531531b9e72634013acd66d3821e4d55432d55a019fd6111c1bb6784,1,0,382,0,3,,175,0.003285599173977971,0,0,2,0,4.966425001737662,0.5042587011121213,0.08091359899844974,0.011763999704271555,PARITY,1,6.866462100064382,2,9.291497599915601,645,85.8,430,7,0,f7cb3e520fd81062129b38eb955d7ff76cf9991a20c22ac724486c2633f1fb93,4b78404bae161fe2718b762b649002cb9012e18e5e0bc388520c005d47999353,3.5584768994012848,7,impostor
5d8382dcd9f5f96877678a73e6e9fadb9512bca291fcf091bc79d8fa33b0fb4d,1,0,390,0,1,,121,0.0022633998887613416,0,0,1,0,2.60573679942172,0.4192957994528115,0.08890479942783713,0.011078699841164052,TASKS_COMPLETED,1,4.665841900045052,1,5.943696000031196,646,67.6,338,8,0,507e1fd7d1a328a1b7f63beff86bebdd1a3eb71ecb90eb90b7d1ac7b275b5ec1,f69de778ace6aa7bd3a79026e3a8a038e3b6f9fec2de1c84d71e6a860d393468,2.684638900216669,4,crewmate
48bb95bd2bc74a61d3100d297e6ad3181f37c4c179925c052c41bd61276aec10,1,0,287,0,2,,128,0.0024440991692245007,0,0,1,0,1.6413192976033315,0.31006599916145205,0.058497201185673475,0.008190498570911586,TASKS_COMPLETED,1,3.584351799916476,1,4.127530600060709,647,52.0,260,8,0,7f5ab3f203fac039182fb803dc4900a8be300e15de91e21366626bfb5535969f,2f5e0a10804c2bf0f50475fecd9e96384c0821d19883ce8a3b9f8075076f50d2,2.000317998463288,4,crewmate
774fcc81af9c3b3bab8335b1e33065431745e2322a71b5d0f99164816fb86d6e,1,0,404,0,2,,152,0.002783000352792442,0,0,2,0,2.1959408019902185,0.5039945987518877,0.08524810068774968,0.011652898625470698,TASKS_COMPLETED,1,6.019730300060473,2,6.403561300016008,648,88.6,443,8,0,9ddabe7422d148886b8c90f45791b6e94bb7dda1d0ec4507a5bb60898d766b35,e838118b1db122c9b1eff271fe9496301c99567afdbaf994da2b5779be327a55,3.4428718007402495,7,crewmate
5faba1e6788950f1bc6913cc1326378a741aa093ca204aaa991cb2c7c5fbb8af,1,0,315,0,0,,110,0.0022495005978271365,0,0,0,0,3.3599119981518015,0.2659033997915685,0.06682520057074726,0.008061699336394668,TASKS_COMPLETED,1,3.25773960002698,0,5.271677799988538,649,37.6,188,8,0,e31629f02c79f1344547bcb5b51465493439fb291f2202eb540243c64e0b6b3b,0eabcc10998fcfb838403849401a51a572dfb4db180fd7ff8609e7702ca5cd2f,1.4840210010297596,0,crewmate
1f0fb49d5918823bbd44ec0c5e75369baeb8f05737d5805373abfa06b65a0af1,1,0,117,0,1,,113,0.0015770003665238619,0,0,1,0,0.6587351977359504,0.13743400026578456,0.024210300762206316,0.0033939003478735685,IMPOSTOR_EJECTED,1,1.535751900053583,1,1.9387581999180838,650,27.6,138,1,0,d922f51755fd85345457b8c20d5aa3213c74d501983fe1872fc7c50823641878,0fdfcea96e4cad27a4c9f8ba4b5d5d0b564a90e90d0ba9106d65f37e63d12129,1.05737289856188,4,crewmate
d95fdfb9726a3e2c41ff78afdea911ab4b704369c79271d4748b5a3cb6006099,1,0,303,0,2,,143,0.0024707996053621173,0,0,2,0,2.1696445011766627,0.4013969993684441,0.054839498712681234,0.009200101136229932,TASKS_COMPLETED,1,4.3986252000322565,2,5.608716499991715,651,72.4,362,8,0,b0473df5dce2af7bc332e99d51eb80c7b2737953d6e79cddb3b91f95b28cf741,917ef3b6ac01bab753e70e5566156952031291c471813989260385cc203cdf3f,2.8295072002802044,7,crewmate
3495f285e3a569fa1f7ec6cd19c968f8859b26887753094fc6470685d33d85b1,1,0,255,0,1,,126,0.0021042993757873774,0,0,1,0,1.6723624983569607,0.26752030081115663,0.046111301984637976,0.0076098000863566995,TASKS_COMPLETED,1,3.046508700004779,1,3.814057099982165,652,45.4,227,8,0,e95e6b095dea25b739e0d4c535bd150618fd6dc4f94ce76ae4d1c7296f6b883b,be9965761be6bb02723bfc938b6b1a35542a5d94729b17376c948654c488e913,1.7159872988704592,4,crewmate
13efd8f8b964f3cb136a66d448c1575f79754aacef7ac4f6b5e7b4a72903b91d,1,0,275,0,0,,107,0.0019126010593026876,0,0,0,0,1.3178007007809356,0.2424826007336378,0.055795499007217586,0.007848698063753545,TASKS_COMPLETED,1,2.553421700024046,0,3.0614928000140935,653,32.8,164,8,0,fdb5fdca127e30b4e640659367b95a2e54af6018778c950c1264dc4f5c76f82a,ebf2862eb00f7edbe93e8829fa98ad52670f4a0d493c6d3166fb42d5372f23cf,1.355937598622404,0,crewmate
07be5b3845ef6ac10126abf64a40d863e0949fd8f7f522860272a08975281e11,1,0,220,0,0,,86,0.0015796000370755792,0,0,0,0,1.4896339010447264,0.2043088994687423,0.043750900658778846,0.006076399935409427,TASKS_COMPLETED,1,2.260086699970998,0,2.8910564000252634,654,26.2,131,8,0,044731f949c4f51e6dc95f5c008208d35fe2fca5208c18b7f2b2205922c81436,06b1111b0805e16bc4c43d41744cff522b6a67188dcaee99a44426186a326366,1.078798400121741,0,crewmate
bec0d881c5bfcfadd06035aca8d8f9fcaf6ce193415f22bc9450f523673438c8,1,0,428,0,2,,144,0.0025321997236460447,0,0,2,0,3.399826200096868,0.548563099000603,0.10416690050624311,0.013295401586219668,TASKS_COMPLETED,1,6.5916905999183655,2,7.968178500072099,655,91.0,455,8,0,717feea7b185cbb37e87299dbd12db28ae1518d835739cc0af61a490b0a09f44,4439e84fd4d8264da8c5786ca24e369cb4ee9a79f63aa51e43b4844d1ace4b28,3.7224791005719453,7,crewmate
f0b8b0973c45f5a2084a3c34b745978ed3dc2cc1f8a5bda1a7e915cc774b5d59,1,0,371,0,1,,136,0.0027918998384848237,0,0,1,0,2.888709599734284,0.37032930029090494,0.08882099995389581,0.011245699133723974,TASKS_COMPLETED,1,4.6051777000539005,1,5.837494799983688,656,59.8,299,8,0,e3a9765b984d4292653ae5398590213b6eb9357bddc841ced8e15afb82757c1e,df9de50e5f4c71e06702c0fd66dcdf04248ed718ddc741a65f67dbdce828199f,2.3417382994666696,4,crewmate
e12428eebf9fa1903bf9574f0e6f24d49c8a7fbdfc00f6eac104421ee8aea62b,1,0,323,0,1,,140,0.0026913995388895273,0,0,1,0,2.1568623011698946,0.3375342992367223,0.06681890017352998,0.009683402022346854,TASKS_COMPLETED,1,4.2311020999914035,1,4.867733599967323,657,55.0,275,8,0,2373a3b4a21b830ba29a5596f8e6d9c5865e6bd5c0993efd2569465ed88aaa7c,c9963604819ef2233ca1dff08424cc6d8345a7eb13604a5c6141d2cb28983050,2.1744021009653807,4,crewmate
9d0d819db44cc817593a1b50789c9f3ab10f656ed5a9ba574ce8f09df892cbf7,1,0,263,0,1,,123,0.002264300244860351,0,0,1,0,2.0120436009019613,0.29232949868310243,0.05318899953272194,0.00825260125566274,TASKS_COMPLETED,1,3.327103100018576,1,4.431406199932098,658,48.4,242,8,0,f3c95585abe049901d91a118a27832295b8bbbb8a7baed0d54abcca3a63831db,9e835fb03807f3d68d1b5825422e0fa22526d50601386f40c85373afe1ff328e,1.9551026999251917,4,crewmate
022245aea09ecce54957642164240f10debbf8d14cc4b33a313c5e87a2426263,1,0,275,0,0,,113,0.0024501995649188757,0,0,0,0,2.3401808998314664,0.2542751005385071,0.0592918002512306,0.008556600660085678,TASKS_COMPLETED,1,2.850618200027384,0,4.194640300003812,659,32.8,164,8,0,0cf5ef414da142af116d21fb99e848e9ed1cef05345413e1ebf90243b6276abe,261d1f80552d7f575c04daedf7177ee7090048198e971b1652e6fcb24b8fff5e,1.4457118019927293,0,crewmate
4fe0b1d7d7eb91fbeab04eb7bd81841d8d6f9685b4a2a6b2e0c2afa1e1634c14,1,0,304,0,3,,133,0.0023518999805673957,0,0,2,0,2.3853059984976426,0.4215421008411795,0.06969050131738186,0.009630701271817088,PARITY,1,5.074852299992926,2,5.901611899957061,660,72.6,364,6,0,61b47718215f243544ac6a2bc49b62f38267adf0c5b213c2adeb9c784fc1a168,203e806c24a7fda8a3219233b8837c03454f2b109e05af3949ff83e7ea9e0df4,2.8680115005699918,7,impostor
0f06c20928040296533a39a0c186bc94bdf4b67e98f177b59b23f4e016f19337,1,0,346,0,1,,132,0.0028018003795295954,0,0,1,0,2.3280045015271753,0.39144799881614745,0.07915220002178103,0.010949801071546972,TASKS_COMPLETED,1,4.656278599984944,1,5.526572200004011,661,61.6,308,8,0,ec461748b1cb648fef8487fc23c72030c0157b5936f1164cf3b07d37d0b147a2,73c90a8fefc362f608f10044c76af179f5a8c1b71612f84564049332f8c65221,2.584770301473327,4,crewmate
d76af33774ceb7b2c87d529037b39a1b920abb7a0fb4f4e20bb48853e02f1216,1,0,417,0,3,,162,0.002776801004074514,0,0,2,0,3.630740302032791,0.5192132007796317,0.09066149720456451,0.01306139980442822,PARITY,1,6.216453399974853,2,7.922314899973571,662,85.8,430,7,0,ada4f3c869345551307149386f4fc638ed1775b08f150ddcce3e62c34c46e315,8266de4d3c6216a7c89972e9857f054a061084272629420c88bb1b7e5689ed68,3.481388699845411,7,impostor
04334cef519f37e6149dc5b0015bc0a7f30790a6055b7f084a2ae7df39a30260,1,0,347,0,2,,180,0.0034191987942904234,0,0,2,0,2.650592199410312,0.4682673003990203,0.07119869941379875,0.01074489951133728,TASKS_COMPLETED,1,5.516494499985129,2,6.717530500027351,663,78.4,392,8,0,2feb59a1af58e3af2e7f9b2d989169574a92d776592329041c0ad26fd0cd7406,4a02bb40d0a47b88d127f0f71e4369daaea16fe9b3d073693f65735e6aa34d88,3.3547901996644214,7,crewmate
70105832e71247ca1dc2ec5201763b1f5da8fcdc55631905127d5771048d759e,1,0,255,0,0,,104,0.0019636001670733094,0,0,0,0,0.8255415989551693,0.23958419833797961,0.0587153002852574,0.008006301359273493,TASKS_COMPLETED,1,2.5022767999907956,0,2.5809710000175983,664,30.4,152,8,0,f09ab66def8f2bbeadaf2cecc8338133273870c1da3bb104fa02f992851fbd65,d7cead3ce59e3ca5b64853fc5c6a62bdaa5c271c0e5a9d205536d9156d08a8ec,1.3657958004623652,0,crewmate
00de665b7b098a07ccd90784c4656aacad92d8c0199631b5bdad2e74f08520a6,1,0,343,0,3,,140,0.002308798721060157,0,0,2,0,2.7509513990953565,0.44719520083162934,0.06681450118776411,0.010408099740743637,PARITY,1,5.944152100011706,2,6.56032549997326,665,78.0,391,7,0,71c43ad99608ce3907e55b31e98b2f78f06de601462b709df3081da6675e1065,c6072bac1d4bba40ff035c2e350b13ee3cfb9364ed85f5db34a92791df828fe5,3.122087498777546,7,impostor
f59d5582a0b8530057f9172147a275459bc616f4fefb236b6bb7cf77b7d7d8ce,1,0,311,0,2,,160,0.0030598000157624483,0,0,2,0,1.7708882989827543,0.40560960001312196,0.05453239963389933,0.010290400125086308,TASKS_COMPLETED,1,4.401071299915202,2,5.266462800092995,666,71.2,356,8,0,79d91d3de9faa296d528aa2d81fc1f1f25e16d7b1567ad60634efa0deb3d16dd,ea4599b36c8267d7e6c82b17c46e9f62a1c42832b6b04d4c24562a6105906053,2.869863498955965,7,crewmate
b89751adb43da5e4ef60854de018f1d756874d15a079d13f144fd674795dc646,1,0,250,0,0,,105,0.0022375999251380563,0,0,0,0,1.9616883023409173,0.23017940146382898,0.05710309895221144,0.007721600239165127,TASKS_COMPLETED,1,2.653070000000298,0,3.6200579999713227,667,29.8,149,8,0,114217adb3a7c56c100318d5c21710ba9f8062b1804ae07e0e8239f9191b9896,c25a8caa5c454a876769b3cdfd38d4af651c13630fda0f9dc6fa0f07c7213f51,1.2802954994840547,0,crewmate
79c47ec0e888cdc2b3aaf4cc0a652365044ca07478925001a94ba80a925abfd0,1,0,340,0,1,,140,0.0027442994760349393,0,0,1,0,2.447319601662457,0.34712700033560395,0.07895399851258844,0.010454999632202089,TASKS_COMPLETED,1,4.360244199982844,1,5.274546700064093,668,55.6,278,8,0,14a781720a0ff75afc9c689f1ab9fcbcd57b55993f5c43fc57d85ac6ed2c6c07,85228b5a4d3a6a71f68c317c8baaff2d1e30d331bc207e271f2c213b79abea37,2.264336299733259,4,crewmate
abfbc9de2e5e29bdca325815e27495beae7b837fd8de827590281e076a6f5b1d,1,0,342,0,2,,170,0.003099499735981226,0,0,2,0,2.4293265019077808,0.4738086990546435,0.07147629745304585,0.010914900805801153,TASKS_COMPLETED,1,5.07975430006627,2,6.443500299938023,669,78.4,392,8,0,e0dab80fdc874859c7abd190f2bfa4101baad6aadfdcd9ce781056b6d2be6a68,22fe16412710c3a5e806f151fa786c147d60dfa6466af8a643fa7c5cd74c4abb,3.295446999021806,7,crewmate
52204af066616fcd96198e842ac2db47ed64d36346b902cb88e2e42238b5ed86,1,0,122,0,1,,130,0.002580299973487854,0,0,1,0,0.7607241019140929,0.1539721004664898,0.028233997290953994,0.004073599586263299,IMPOSTOR_EJECTED,1,1.7843600999331102,1,2.177968400064856,670,28.2,141,2,0,5444cff4ce216a33a7d0004f186124626459c7c98af417941bffc6fb8375aa35,479259b98c4c1f9a7167da1e265ca53646979a4748972a1ba5787c031dd8d96e,1.163323399843648,4,crewmate
28683e41e749b09d5a36d390a6cd1885b4ed419009e6e1398fd66bc9283dff40,1,0,440,0,2,,169,0.003570599830709398,0,0,1,0,4.629188801976852,0.4659374993061647,0.10949040157720447,0.013608000823296607,TASKS_COMPLETED,1,6.631504400051199,1,8.443474099971354,671,76.6,383,8,0,751911abb610c54704547a0157f72a0471805a8fe07c834f7df6ee9dd24c71d8,fc0e19b3d2befe64d7ff95f04300278b060aa3fb0490295fe6f8da2c34ef698f,3.0492782982764766,3,crewmate
da924e0df5ec9e8b8f7bea8fe3250a51d3d26dd1e35051e28e3d943de429100c,1,0,249,0,1,,108,0.0018909000791609287,0,0,1,0,1.4064739000750706,0.26886539824772626,0.05083440081216395,0.00762519973795861,TASKS_COMPLETED,1,3.0051508999895304,1,3.6004767999984324,672,45.4,227,8,0,4105664a645c01fcd196f0ff347107a0b635fbf3038a65cb823adb6fb2c92b6e,8b4b2d273201fc392025e92d195cafb3f9cac28e65acf7c2106b1f53850dd844,1.7668195007136092,4,crewmate
b09f446d1c6bb0300f3d9691e206fd1616e3b9d028185937adec135d771e86f6,1,0,241,0,1,,102,0.00162690004799515,0,0,1,0,0.48654900141991675,0.25641829951200634,0.04090129944961518,0.006839799461886287,TASKS_COMPLETED,1,2.639445200096816,1,2.5955396000063047,673,45.4,227,8,0,d64506e0f310e74217dca5f66a2cca8f64580738d8ee94360554b3c19a405282,9cca468c3bfcb92b7bbfd5a700575c81bb3523c79092a493a827790211300085,1.7046699995407835,4,crewmate
b8a56fb3da7f6c62ddf6346b1a598a1d479825ad7228eefe00b8b7b1bdfd73dd,1,0,334,0,1,,140,0.00264559977222234,0,0,1,0,2.6970113973366097,0.3526987994555384,0.07690500118769705,0.010231598978862166,TASKS_COMPLETED,1,4.053874799981713,1,5.537709499942139,674,55.6,278,8,0,1e936f84da590f41b7ec898545c0ffed4d7248a77e41d988feef4050b0078702,c0f3ff0c798db0ecc30f7487e070f1ee891f7d0fb3bbb3be324f5c0ffc2e4307,2.274111999082379,4,crewmate
ab9ba9148aa2c0042f486e802dccfb5c50b830699b95ecad09696a558dfaf8f6,1,0,373,0,2,,183,0.0035643998999148607,0,0,2,0,3.284632898401469,0.505869498825632,0.08679640153422952,0.012242599856108427,TASKS_COMPLETED,1,6.227792199933901,2,7.643945700023323,675,82.0,410,8,0,645d298919793cd6e2e31029d09fea596c0935013b98bb49be55116e73cbc669,4aa9a2ad1fb1622e251f01c9cbeabdc7a62d0645644c233ec0d13ada413a050e,3.5749241983285174,7,crewmate
31ac753cdca98565327def548458b5f0680b28cdb5e26584f0b47fc523a5098a,1,0,345,0,2,,184,0.0034335004165768623,0,0,2,0,3.3584551982348785,0.4878469007089734,0.08019560214597732,0.011996100540272892,TASKS_COMPLETED,1,5.692444300046191,2,7.441188300028443,676,76.6,383,8,0,eb97acc9527490105246e6d3109f3812f8c338a988bbdb5817a833ac1f8dd4eb,f6f0edeae4d280b3dc4f965db97287e5fa5935cdb5be012432df669111a9947d,3.329444301663898,7,crewmate
903cf4ab03267c0189f9780f728457dcbd098b8ef6b25bedf3c34549f0e1bfb1,1,0,300,0,1,,130,0.002638600650243461,0,0,1,0,1.6873408004175872,0.3466360999736935,0.07267069898080081,0.010220800177194178,TASKS_COMPLETED,1,3.9927942999638617,1,4.545056200004183,677,54.4,272,8,0,8da1a50b0077bc8e788b244ed3655193f16df4f9e7f810d4faf03fd43cd1220e,b2ec94aecc0c3f823e9ba5a2dcfd1758d26c96f83d900b9d437c99396c269889,2.2960544001543894,4,crewmate
f6c3a59d53d9d4a66c27da9dcca3d05f85d930e658267f0c06c39ddcc386e670,1,0,324,0,1,,130,0.002692700712941587,0,0,1,0,2.217604202334769,0.3536017002770677,0.08004129840992391,0.010778199299238622,TASKS_COMPLETED,1,4.506454799906351,1,5.096858200035058,678,54.4,272,8,0,ea7b20473ee90967db98a4139b940d0497c5dcf8a62244e70bdd1934ac7f1395,63286a8cc12332874f0628354cb690de8f7ac147f2acd4688f809725bb3c1b3b,2.3054675010498613,4,crewmate
7fc05982a6c57b04e1c2f7ccf980cc98194f1f1aba6d939598ebed3b0366083e,1,0,304,0,1,,137,0.003012200817465782,0,0,1,0,3.854742498951964,0.3216334998141974,0.07159670244436711,0.010034001199528575,TASKS_COMPLETED,1,4.00611650000792,1,6.4830656000413,679,50.2,251,8,0,156dd1979d2416d580971c6cc9ff305d02870cde359d7fb6c65d7368b215f3de,e09c8dad67981aac4249689024ade04e0df5a9fac14e12f1b6590c2d428fd3c4,2.0901456016581506,4,crewmate
c4f0df8c501eae5e6173008aead15a867a38e5a5269131ed2a464e8ab91396a8,1,0,245,0,1,,129,0.0028079000767320395,0,0,1,0,1.9124124018708244,0.27399969892576337,0.04999209917150438,0.008026799885556102,TASKS_COMPLETED,1,3.137384800007567,1,4.218338200007565,680,44.2,221,8,0,6999a9ad901fb0fe0cf536a962c6c61ef8b0ea9931b07c0df835be1f7619a797,2193d80633a19fdbbb7402885062ee7f41e49d41c0c44ae106b58a2587d3665d,1.8618809999898076,4,crewmate
f236e934c594d2f19f86788d360af5f19272482c1d04dcaa88cc5aed164c4e72,1,0,269,0,1,,141,0.0025906992377713323,0,0,1,0,1.7945428997045383,0.308436700492166,0.061536099878139794,0.008483998943120241,TASKS_COMPLETED,1,3.6857051999541,1,4.297607099986635,681,47.8,239,8,0,153aa863c2e2aed6715158be260f1deddeb7ad2db42be7b5d1fd01b7fb37a818,a78b00dc7298ae58e5caaab083a2a60e002e44f03fc66c4739adccd6f75b1598,2.0081328010419384,4,crewmate
72ea7074f77028a112784f97c03844e4bed805b4ede15ee97b314465c7ce61df,1,0,117,0,1,,109,0.001877499744296074,0,0,1,0,1.01877849875018,0.15570740087423474,0.025810800958424807,0.0038413999136537313,IMPOSTOR_EJECTED,1,1.745042399968952,1,2.416056100046262,682,27.6,138,1,0,36de156fe12764256e6dda5caba5cb0d73bffa681ce0a3bbdae0159f5eede6be,76c461b2026b76305bad1813aecb122f4f5a721973e27d6714bb6541929db631,1.1454725010553375,4,crewmate
195e95f6972ae8fce61d696079e03bb476a751e3747519d301edc1521c7074d1,1,0,386,0,2,,161,0.0035512002650648355,0,0,2,0,4.936334899859503,0.507005401654169,0.08903630042914301,0.012825899757444859,TASKS_COMPLETED,1,6.9151533000404015,2,9.26025509997271,683,79.0,395,8,0,0eea02294c43a8e031d97b3c65a04114a506f1235acd2f7b32cc47c4976883e2,d98a54c505834869a20df1a8f75d5be7033fbf2bf94c354bf0e0275c1bf0a63b,3.5211006010649726,7,crewmate
352bb996c533a1061e51df341fb1ddf00eb800eb43535763b7408ac871b72c65,1,0,202,0,1,,107,0.001909899991005659,0,0,1,0,1.0275788981234655,0.22234610165469348,0.04304270015563816,0.00615449994802475,IMPOSTOR_EJECTED,1,2.7015827998984605,1,2.8301575999939814,684,37.8,189,4,0,53ec5f729c15390b7214c7113f1bda767443f16ce74a118ada19873bf492c6d7,fd90bd4e6a84eea351b6c3ec419595db471ec119f965cc9bdf12f017ca61f479,1.4402448998298496,4,crewmate
3b5b454af465e89833725d59fdd9ead342cce0aa331e2c6fe11a3d49d536dc19,1,0,340,0,3,,189,0.003428699681535363,0,0,2,0,4.887149001355283,0.5251220993231982,0.0951028997078538,0.012584200594574213,PARITY,1,6.840166600071825,2,9.502962699974887,685,78.6,394,7,0,b517f31a94b2102f02e10502ab8c6818024bd06ab61c151d83f8e64ae13cd864,a24366e475e1cdd92a6eee08ac8dbacc53a6e71c4eb4b6e711329ce5a89526d3,3.7836203002370894,7,impostor
c205a552d82993459a566df6e4613dd94ff922f840d94725989ace1f199e21d3,1,0,286,0,3,,186,0.003734300611540675,0,0,2,0,2.378661000635475,0.44146449980325997,0.05752909823786467,0.010896298685111105,PARITY,1,5.216541500063613,2,6.26064240001142,686,68.4,343,7,0,786d4c7aee9b6cb701a528495a06860a6c4715bb772fde69af5650d45f144f50,e4c6ddb5a7bf914172886d3c7904e3d51bbccb52bee2cba207d4ca6839fe51ec,3.1984025010606274,7,impostor
b45381082fa1bc757a5a9b895767042a367585c09b2407225838e67b98504b1d,1,0,299,0,1,,127,0.002582500339485705,0,0,1,0,2.1586007981095463,0.35096590034663677,0.0748699993127957,0.010066400398500264,TASKS_COMPLETED,1,4.801660700002685,1,4.998517600004561,687,53.2,266,8,0,1c1d4863e7f287e777d82d898ec3eebb5479d8af04ff9b0a465d52875cb30dfe,39af349ab9f87f6a5997e1fcfcae246efebe83d834c5dd4e152fcefabe90a6b7,2.2775320009095594,4,crewmate
e610c858a1c9ca9ebcef8827c745d513fb2bb64304a38898ca77d9a5ec1b436e,1,0,337,0,1,,122,0.002311899675987661,0,0,1,0,2.429299799958244,0.3938714994583279,0.09549479943234473,0.011948700528591871,TASKS_COMPLETED,1,4.987301399931312,1,5.646609400049783,688,56.2,281,8,0,c443dd30254bf5d8264878eaeae463a53853945c846a23d7e670536e9f9597a3,cde0786ddad80905e2c60b8b679c66e801c2c0fc1e39004ca24e93656c44195d,2.562639699317515,4,crewmate
4dbda3ca43428f4fb9c3bb2edab8b1a25c0ead921c7f140b0aef6d6a7745a7f6,1,0,441,0,3,,173,0.004167299484834075,0,0,2,0,5.858980202465318,0.6552982998546213,0.13209160033147782,0.0167050005402416,PARITY,1,8.585623399936594,2,11.374508899985813,689,92.4,463,7,0,a9a08002c833a03922a28bb19591e730b6b4c57aaa10323214c73840880a7cf9,387b3fb992038b0c8172217fff7240262b5b574234b790a16d816319c31a9b4e,4.467699700500816,7,impostor
558f5e3cd7d641eec08c4dbb5a80d26595efa8362414386d82f7da89776310c0,1,0,351,0,1,,124,0.0028547000838443637,0,0,1,0,2.505804500542581,0.43675400025676936,0.10011429840233177,0.01219629985280335,TASKS_COMPLETED,1,5.398458799929358,1,5.994457900058478,690,59.8,299,8,0,0b06a47f4aea55fc193df43e512625b2108c3ac6d63df50c914e7daa60092f94,f50ba73d2b992ba804a8e43d16ac8b1b5950fb17b5508eb4a71946403fe617e1,2.779426700202748,4,crewmate
9e67ff21f76a37193b3f39aab1f22ab9e07e2e6d542a7e0c7802e5e1323668c2,1,0,258,0,1,,134,0.002450400381349027,0,0,1,0,1.4268488982925192,0.3332749994006008,0.0676039996324107,0.010505899437703192,TASKS_COMPLETED,1,3.7107365999836475,1,4.147271700087003,691,46.6,233,8,0,a9da762c55ed23fa960a993dc56c5ac185cd9d4763145bb259149b038481755f,16fac1a0c0df9351c581f438428e12dbc91f8537114cd500d7aca04d0ce7625e,2.1702111990889534,4,crewmate
c00a23c0e1568b4fc50dc33d02a3ed5615e6e0d427096f6591b18267727571be,1,0,230,0,0,,95,0.0020315988222137094,0,0,0,0,1.0943523986497894,0.24583210062701255,0.05890869989525527,0.00855209946166724,TASKS_COMPLETED,1,2.516128499992192,0,2.846360299969092,692,27.4,137,8,0,198d5fda576324d842b407d129545a707e31b09034c0a9624dcadb6fbcc315f2,14e37825bf0aa40a6838d6e793f97cfac4f427682cd0f4161884a394b1f27f24,1.3458168992074206,0,crewmate
4e2b11a0b0718a45baaed0106b58a4119d499651aead407c872a90663a5d41b3,1,0,264,0,1,,123,0.0026567999739199877,0,0,1,0,1.2383107023779303,0.31355460127815604,0.07109989935997874,0.009385700337588787,TASKS_COMPLETED,1,3.4748741999501362,1,3.829925600090064,693,46.0,230,8,0,2dcd4563a7ce50dde41da972684d00dc56b28f5dd097266754ffec84eb2d351d,905b0118004b4aec387726a0c4a9c2e824f4b7c038ac66d64d0b260045bcf98d,2.067836798960343,4,crewmate
8487b60bbb5967d0ebad05a4af65d28d2523f2895b384be073ac3aa101e29ff9,1,0,457,0,3,,154,0.003191299387253821,0,0,2,0,3.1232694996288046,0.6652973012533039,0.13056829944252968,0.018011500942520797,PARITY,1,7.878058100002818,2,8.632149299955927,694,93.6,469,7,0,799691a933fb4b0bd0134028f580c8f04e97d805971284c7ef6d7692c9f3eb6c,54e0ad80561c980ef6ca6897dcf9e637e435b90da4a81dde869315069bda8d6f,4.46226890059188,7,impostor
c726b6735f4ef82e6dcf184fb97b619de0fb0826a263f616a50131cd08f098a2,1,0,364,0,1,,150,0.0032499002991244197,0,0,1,0,4.133381501189433,0.43965269974432886,0.10661170084495097,0.01265990047249943,TASKS_COMPLETED,1,5.49224689998664,1,7.653354199952446,695,59.8,299,8,0,bdefd6426a212b27a2e35ff3c1a807ecd5f00dfa49c416ae775b02141f8805b9,51d18568fe2d1364ad0ca62b964b6de99651b8c6f9d365043a4ac303d1151f51,2.8007152010686696,4,crewmate
679f94e146373f242cbe64eb58b0569c041a88f96027be2f0cbb57704db5611a,1,0,280,0,1,,109,0.00232439988758415,0,0,1,0,1.9860416990704834,0.34456340118777007,0.07091379910707474,0.009923699428327382,TASKS_COMPLETED,1,4.1152208999264985,1,4.729364000027999,696,49.6,248,8,0,9e473055db292898c3d479f2a9bf0d8c5298527be7d660f2c47fcf0da92b49ec,65280836dab7db5e1215b8f1efd43dd401c8ce2972ca33990b34a43bdb0e79ff,2.1846446017734706,4,crewmate
40d1fac1aa971e5fcdf192d6ef6806a5930a30b8cc0ee3099ad980e5a2939cc9,1,0,295,0,0,,102,0.0024953995598480105,0,0,0,0,3.7925322987139225,0.3091083012986928,0.08553930080961436,0.01022979780100286,TASKS_COMPLETED,1,3.5378660999704152,0,6.008027600008063,697,35.2,176,8,0,fd8736d8773e895e4a72cda7b4eaf50c02db0198ffec14d1f7b565a486eb49ce,316e84c120be9c476ad318b73a43c3b80ecead237cf73f5b1d9c32823255c177,1.7003673017024994,0,crewmate
12c407f2756484057a045ab96e37ce30be6d19f45bf8d1872808a2f0513b9a08,1,0,325,0,0,,133,0.0029999999096617103,0,0,0,0,3.630914199980907,0.33557040069717914,0.09584420174360275,0.011730899102985859,TASKS_COMPLETED,1,4.051278300001286,0,6.077406399999745,698,38.8,194,8,0,b2efc2984c42dddc54926d22c483cb3a01d82d5b3d2d4d5ce1fd2a9fd856a531,813d40ad4885628b27e9ee8a06ef6d23b693c3018c18c81aadb2645596cf5db3,1.8893095013918355,0,crewmate
100a936f3b068e42eeacb83985fe8e6e879fba3f8074a9cc15dff9de6fc8dc85,1,0,265,0,1,,123,0.002612499170936644,0,0,1,0,3.8608542984584346,0.31300420104525983,0.06872579955961555,0.010327800875529647,TASKS_COMPLETED,1,4.271525499993004,1,6.448427899973467,699,45.4,227,8,0,d65260a6360d7b7ad90145637613fc4a73d0f612bf84324679eb6b4a2cf6783e,55bb1f54e948380737a7959b897368624721ae55bc6a5fd5f230616ccbc8b346,2.064534000121057,4,crewmate
780e178b0c86085f0a880c29dbe77b3425f067aae9065d2d178f7db80d12c65f,1,0,421,0,2,,149,0.003099500318057835,0,0,2,0,3.858640099177137,0.6298499996773899,0.11415029841009527,0.016220697667449713,TASKS_COMPLETED,1,7.681723999907263,2,9.19771259999834,700,91.6,458,8,0,350c9f45b93fb9fa0ddb357504fb39372246bc9267bf4a32d803da47f8e7a176,4452fef53fb3d13fdb6c185c208226b18e35617c4cf26947671ea0c1e117a78c,4.357823299593292,7,crewmate
ec93896cc3060392b1860851ef17ea06cfddb7243426dc375ac464c8e66cb490,1,0,340,0,0,,120,0.0028298007091507316,0,0,0,0,3.65874569688458,0.3631964004598558,0.09406380157452077,0.011968998238444328,TASKS_COMPLETED,1,4.306061799987219,0,6.226175700081512,701,40.6,203,8,0,cca884bb292ab1abe39a652fdb45cd57b35fcbe789badc4e8734772aca606c3b,179a0047a46ee90c3a0ab8e714433560e178664f2d4093be7c807e17919e1709,1.978421100997366,0,crewmate
2f30e1adfdc57d30f8954a86d6df612ac9fbb03f640be6d295247e8961275ea4,1,0,279,0,1,,113,0.002496099565178156,0,0,1,0,1.6503321035997942,0.3550654989667237,0.07273629773408175,0.009942800272256136,TASKS_COMPLETED,1,4.106952699949034,1,4.488760599982925,702,50.2,251,8,0,fda73c82698597a23abb3762823cc376dafddceb57e944e9e146d9564b9d5384,12191ef16ee3ca34defc4b4bf80c8f00bd8670b45e297023fec8b0d9bdfd8e1d,2.2682383994106203,4,crewmate
76d7ca1b72c00797bd82cd09106716fe43e24911e8fe298ee84951fba1a4e077,1,0,357,0,2,,133,0.002648299327120185,0,0,2,0,4.103171099792235,0.5407459997804835,0.09780920087359846,0.013291100738570094,TASKS_COMPLETED,1,6.678315300028771,2,8.71016839996446,703,80.8,404,8,0,431022d52802d0df9524d2433d015645534dbb6fb0de415b05440b5101789840,caf31cb8a59f433ef97e509eb4385f52155c8b1026a956125de77afd58f36bbc,3.7648452010471374,7,crewmate
9b90f260012daeba966ea96b8f6bd5f731a78dc61c6ff629c63e708f2787429a,1,0,310,0,1,,112,0.0021624998189508915,0,0,1,0,2.774517198675312,0.39506960043217987,0.07625630090478808,0.011096901493147016,TASKS_COMPLETED,1,4.263670300017111,1,5.943080900004134,704,55.0,275,8,0,5b251b7ad62e06af32534530dfda5b55de68d20342e624fdcd3d94c5e6ec5c3b,0fba808f59cfa247c74d69ddb823efc199442f49103b89d96e263d30a5d1f196,2.5367336004273966,4,crewmate
5401233edd3f95deb322b4e5af4adf2a972247e23136c1045c299f569bbff348,1,0,395,0,3,,159,0.0034284009598195553,0,0,2,0,2.769802803406492,0.6130341002717614,0.10466339939739555,0.014143700362183154,PARITY,1,7.660893499967642,2,7.932164700003341,705,88.8,445,7,0,1edd9daafc8bad3343a70a8a311ba316100d2af8061f6bd6a0175ced9b76b478,7c8ec15b1e93f225101ba5632c436aa562292942ad5257f8098aa673b795c1f3,4.21902989805676,7,impostor
a01a11e8e898e95ac069a531621f307cb99ca21ddf48dcc11d455aca6b157192,1,0,250,0,0,,85,0.0018816007068380713,0,0,0,0,1.696089798817411,0.26107860065530986,0.06744810019154102,0.00857029901817441,TASKS_COMPLETED,1,2.4680155999958515,0,3.545734200044535,706,29.8,149,8,0,38f541581f9c432d7b793ce938c275537f2a7d98e782007440e2c981413ae053,600322c70ea367db5ef2a5965b53221f4183ab43220d9e22deaca0420f9447f6,1.4144551997305825,0,crewmate
9ccaa5413e785f75007ac090927aed98432c3bb4618953bdc0903ffdfba86c6f,1,0,289,0,1,,146,0.003331900225020945,0,0,1,0,1.9037899996619672,0.3446172004332766,0.07394379912875593,0.01026020071003586,TASKS_COMPLETED,1,4.192055399995297,1,4.774095500004478,707,50.2,251,8,0,79b2c72fd2520370ba1611d4c3dc943ea0e6be0fd8477273d7157b5f65e6e403,d1e6e147ad7e62b694f9d457623e4a42649d16c53accea6c1a8689825dc9cc93,2.3065151987830177,4,crewmate
645e312d3acebf0a60ed607e05c3747d0f254ee311500f16e019fdc0a6bb6645,1,0,333,0,1,,136,0.0030796003993600607,0,0,1,0,2.805724499048665,0.39427359984256327,0.0830780022079125,0.011427499237470329,TASKS_COMPLETED,1,5.425143700093031,1,6.116635799990036,708,58.0,290,8,0,377e67bf97de9ebc755ce10b83949805adb838dee559ae5aaaca5d843276773d,2ab28bf9feb0bff1904cd2075aa2d6e669125fdfcfb97d3771cba7f6777dc2d0,2.6534596007550135,4,crewmate
b6206522d2b8f20191f6f96c0d0004a4b6e6862ff683883b700584848c41d0a6,1,0,291,0,1,,123,0.0023594003869220614,0,0,1,0,2.0447561033070087,0.3666814004536718,0.08231349906418473,0.010714899050071836,TASKS_COMPLETED,1,4.054127399926074,1,5.053125099977478,709,52.0,260,8,0,5dd8b5a1b555bdc4a472a123f598446c102a6e631202ba611f82a4c9d4dce879,2ce079ae6651b9c0581903764159d53be03eebf4fe11f0be42bb9ff7325c9ce6,2.406211199820973,4,crewmate
8fc431c597a6d2b226fd8340db44cb0bf332562f0c11a6063668af996563b5a7,1,0,255,0,0,,87,0.0019712999928742647,0,0,0,0,2.2913464037701488,0.2645666999742389,0.07398889830801636,0.008720599464140832,TASKS_COMPLETED,1,2.8917811999563128,0,4.202467800001614,710,30.4,152,8,0,4ac3085002b127e3f3f8b9f831f44944c3b84797b36f5c1b141b42d2b37ca5e3,32853c69e807eab12b0b4f475d87b09bb8aecd14f37fc42bc05ac9926b32a148,1.4666945000644773,0,crewmate
bfd9ff60fceca99fd996704946c95256b3e8e17e222ee314acb0f99245c92c2d,1,0,275,0,0,,105,0.0027590006357058883,0,0,0,0,2.4920019013807178,0.3058782988227904,0.09619320160709321,0.010930600459687412,TASKS_COMPLETED,1,3.534633999923244,0,4.757821600069292,711,32.8,164,8,0,5d68455f69fba5efcbbf9198f7eda6fc69b0a6fd0b8b07f0410c1b023e7ccd58,2734de28f60691bdc1ddbe99fd6058c4a005995dab97b204b8af4beb7a4d7d7f,1.7315763995284215,0,crewmate
f1813232dd8a222649833a805694dab171d5ded81079732ba56fc858f2e7aaf2,1,0,416,0,3,,174,0.0037106991512700915,0,0,2,0,4.229584800312296,0.5896462987875566,0.11556500045116991,0.0166281012352556,PARITY,1,6.039105599978939,2,9.168333900044672,712,85.2,427,7,0,fa707b3d92407c5e945e28d46a7dd1c13d3cb0ea89a1f136dc8d70e26ec25e18,d1551be90a24042d801bb5ec03cafffac44bf1758afc6b88bd1462c489bff0d3,3.990447898511775,7,impostor
24accf1b1160a91f532574d1c4766268935408ca43a8e13cab3f616957c8ef7e,1,0,348,0,1,,151,0.003084200550802052,0,0,1,0,1.8647791979601607,0.4680677994620055,0.09645440080203116,0.013661699602380395,TASKS_COMPLETED,1,4.526172899990343,1,5.6743346999865025,713,61.0,305,8,0,3cddb83cf7b6d10d7833b0de05cc13fe40fca063906443e88e2abd996a168bd0,09b88c7a4ebff791453a3debde60c1c065c08b73727c718e7c0d6bc4128e475d,3.0572974012466148,4,crewmate
5a292958f461a52e4d4b12cfe66a8a9dbb16940b61efcaffa7ddc65884799a6e,1,0,313,0,1,,144,0.0030991998501122,0,0,1,0,2.9699088981142268,0.3933421002002433,0.09934100252576172,0.013046200154349208,TASKS_COMPLETED,1,4.00444950000383,1,6.169186300016008,714,53.2,266,8,0,1b7d16df6b89a575beb36be00e7ae42571fc4ed2366e55ba39cb10249050ccee,ab713604bda8097362668121aed7b938c65a87a318221450272d1fcc8aeead2a,2.5418703996110708,4,crewmate
ff06291c72ba3dec6d37a836d8d5f6817f2af5fcf030e028687c39f704fca19b,1,0,364,0,2,,168,0.003640300943516195,0,0,2,0,3.2447466020239517,0.5165078005520627,0.09817969880532473,0.014444199856370687,TASKS_COMPLETED,1,5.841063900035806,2,7.696269599953666,715,79.0,395,8,0,3617ccfd8be304cd672996dadb8a6a92fbb02c2a2c4e7a8b11a80a6c471ea2bf,379939ef52a37b6d99849f7226f8a4da721f88d574bee38f23daf2e4779112b1,3.628046299563721,7,crewmate
13566a1cfb03401b364088ba7e7fb4a5892571e6c0af3038a0cdc0c03ccc8a46,1,0,337,0,1,,128,0.002800100250169635,0,0,1,0,2.8913766007171944,0.4106675002258271,0.08941340108867735,0.011492998688481748,TASKS_COMPLETED,1,4.76902909995988,1,6.222354199970141,716,58.6,293,8,0,64e3d14cfb5e1332cb7b047ab1af7a14262a0760214773e839941c910bc6579e,ee4614c2ce0d32369cdecddc3acbf5f5c001ad79c09c87ede5d782b9483bf13b,2.6730555014219135,4,crewmate
5ef1c1692547161d0f7a376f08ac07a08b0ed930a8df9c977d413a8ab2dba8f1,1,0,314,0,1,,156,0.003528699860908091,0,0,1,0,1.4358486013952643,0.40298069978598505,0.07693119929172099,0.011457500164397061,TASKS_COMPLETED,1,4.282482299953699,1,4.802285199984908,717,56.8,284,8,0,9c499391b89e151318b3301a76de4e80d25e8d10fa056c66d257efdf7e7ce9f3,f87c825d8a86713c3666df638b0589e5e9fc1cb38e92beb5190c9c9995f1154f,2.726051998557523,4,crewmate
7eda28e650f44a3b9c0830b81b34a8a20ecccde4b4abb4cac4cf606c1cfe38db,1,0,298,0,1,,136,0.002802100032567978,0,0,1,0,2.0555211007595062,0.3393096001818776,0.06704340071883053,0.009496700367890298,TASKS_COMPLETED,1,3.8670729000587016,1,4.807878299965523,718,52.0,260,8,0,789044f620e7e04fd27910834086937257f222dab4c4a20de08f4e7700d3232b,daa18e17d4c4e9c9415b850b5be35299e05fd45a1d7fb644730f283e5e03bff7,2.209595699328929,4,crewmate
445cc2e5dd454bafa85afd188636cf15f45b2a15121a0caf105231e8e800d66d,1,0,205,0,0,,82,0.0016204993007704616,0,0,0,0,1.6621236993232742,0.1983736000256613,0.04399080132134259,0.006300000590272248,TASKS_COMPLETED,1,1.9315779999596998,0,3.074611800024286,719,24.4,122,8,0,fd67a5dcefc40cf19cd39053822ce2d38977f34dc90f42fc59809bf1211ba61f,3177081ffc6362336bf90ef5e30b8ac05886d781666c1c0dd6587c66c08e96fa,1.0924202998867258,0,crewmate
d5bc8776f346097fbbb4fc0f99cfdc5fc8f5831dfeed629ff8fa215c9dcc888b,1,0,325,0,1,,141,0.0028074004221707582,0,0,1,0,2.0625309016322717,0.34760720073245466,0.07899560255464166,0.0108201993862167,TASKS_COMPLETED,1,3.9779488999629393,1,4.833224600064568,720,53.2,266,8,0,1363837f36805a59d1fa1e4ef8ba49dec41a8a724e3c137872a118f15fe78a5c,828e74bd42e207c538a1e2691197912d8b6b5936fd24311453b8261387b79260,2.20698209956754,4,crewmate
fbca34f295f4120b65e31530ed2a8f055cd358f4ad221a9fa32284bbb8bed4c9,1,0,330,0,1,,179,0.0033400009851902723,0,0,1,0,2.001060502137989,0.4012004997348413,0.08212930092122406,0.01212219859007746,TASKS_COMPLETED,1,4.265953300055116,1,5.357396800071001,721,59.2,296,8,0,ce8f115ba59ae7451f8d21ef96bc718114ca314118e45fc62c99856ab1e1cbb5,506b6f5a3162c3104abcd16cf8ec8faa51384fcef6bbf4dc9fbf215cf619660d,2.7183589013293386,4,crewmate
289b48ebc5a49e77f12c774a84363452d5d50e8475854e5c6db208b710d42b1b,1,0,309,0,2,,151,0.0027900992427021265,0,0,2,0,2.5308198982384056,0.40806980011984706,0.06688979943282902,0.010000701528042555,TASKS_COMPLETED,1,4.952151699922979,2,6.055252299993299,722,70.0,350,8,0,d471c37787ac92ae23c6abb8f242c0938e8efe340aa4dd2e4a356f35dea1991b,9331e49f17bff4a5f444a542a0118b8334438067b84b106cb740cad96636e6dc,2.8851231994340196,7,crewmate
82416227e46abbf5ae06861d389cdac12a088268c6e6edcbc1987e35a04d2aa2,1,0,386,0,1,,121,0.0025411995593458414,0,0,1,0,1.926865596557036,0.4278006987879053,0.09007790184114128,0.012518899980932474,TASKS_COMPLETED,1,4.856150200008415,1,5.255242399987765,723,64.6,323,8,0,80f97fa10881025cd86396512b1e0093bdc00869af8588abc1cdd20adb8bf0c5,f26362395cc693bcc9a48b9ec41148726492f22db28e179fb56e463a034a34d1,2.654497599694878,4,crewmate
219d60bc1f379eefb87b2f7ed98f4d4b49d334c8f0741a42afe9c9b984544dae,1,0,314,0,2,,137,0.0024954999098554254,0,0,2,0,2.3942170991795138,0.41544429876375943,0.07104769896250218,0.010221799369901419,TASKS_COMPLETED,1,4.863387799938209,2,5.909517000080086,724,70.0,350,8,0,60a3b5853b4e82391cf0b295515767b7162512dfdf68c160f68adf59cbeef972,b876cc202cabd564bd6e5e964450d863c766be0e306cf58c7920dfd6a8575c21,2.869485800503753,7,crewmate
f40912193f702a62922f46ad8459e056251a347ac8c16a1199b3b5451802c809,1,0,330,0,0,,117,0.0023895992198958993,0,0,0,0,2.38730850093998,0.3103305018739775,0.08099530066829175,0.009362899814732373,TASKS_COMPLETED,1,4.288493599975482,0,4.6439868999877945,725,39.4,197,8,0,1167afeaa3c0d9d1bc377d3fde2babe9cf58ed674b845d367a67d10dbbb41be7,289cf060318e227c94bd6902ce719df3bc7def3183c826f6013869d692348e12,1.7565630996832624,0,crewmate
41fc987390dd65698cc564683def2f08fcfc952336ff3d23956e6408551d9859,1,0,401,0,2,,170,0.003441300825215876,0,0,2,0,3.2810391010716558,0.49318660085555166,0.08799969975370914,0.012866700417362154,TASKS_COMPLETED,1,6.276574300020002,2,7.510210299980827,726,81.4,407,8,0,97a0d0d07ea46a73989fbc5130a01c1b1312add7a9710459446d6234df2e50f9,e89c5ab597a2c83432fde6044d8f6715df4a26f1ab6e0a379389ea2416ffa974,3.454938801121898,7,crewmate
393f290f9ab87a52ffe4a0f8830e0a403ed1d59cd45ca47dbf6b38085e8972ff,1,0,346,0,2,,131,0.0026199001586064696,0,0,2,0,2.716374000767246,0.44026650162413716,0.08245150092989206,0.01112469844520092,TASKS_COMPLETED,1,5.990218400023878,2,6.45951099996455,727,74.2,371,8,0,0aef5b2a1aea6afddd45508ed91354a280751199f5551cc2f260af1317b5e504,d6e91f8be29da0afe697fd60e42b813364a0a54ca06fd10e94ad1eded29cfb86,3.0501746020745486,7,crewmate
de29caf4f263ecae5242f18a9afafc1ffbcaeb976d68c89c1b5012fcc79ffb69,1,0,355,0,1,,126,0.0026705008931457996,0,0,1,0,2.3464447954902425,0.3881356994388625,0.0849464024649933,0.01141950162127614,TASKS_COMPLETED,1,5.130572600057349,1,5.460903799976222,728,58.6,293,8,0,857c5193c36af6cb63195e617e6052358432494c83ce317dd644243679aad7d0,4e968a2324373e6a1fa5b2369ff7cd80852da18013f479e8d0790052e72b48be,2.4924389005172998,4,crewmate
865b3cd1dbda04094bbc1ccb53cc6b49c4cf4a11fbe538b4d72f213e8657f66d,1,0,345,0,3,,194,0.00354939850512892,0,0,2,0,2.342863001045771,0.5248802012065426,0.08354249980766326,0.012856299406848848,PARITY,1,5.713955200044438,2,6.934272299986333,729,76.8,385,7,0,841962b7e0bdf8e72b74d7ae961d0a5a89063139a4e9b8d854e79b7f1c220e5f,2be6c78049493553f6289340939f886c325ac5c3830008e5e28f17429fa58c2c,3.764962899382226,7,impostor
9cc72adbcc974265d5f8e5f1b0eb83cddbc969b4b09f85af27ecde7bed999e3d,1,0,482,0,3,,188,0.004335899255238473,0,0,2,0,5.294839998940006,0.6878836998948827,0.1383227005135268,0.019596499507315457,PARITY,1,7.816966400016099,2,11.092702599940822,730,99.0,496,7,0,8f50f442508587a8fbb116dd35c921a21d65c80db1be58d00cc073bbfc1950ed,e58bc51723dac22033514f05ed5c6e6f765f3329fd4d03da80c3de455485e239,4.702033099718392,7,impostor
882c993460c11653d8acd9a75e912d9a07b363a9c0b631dd86e9ede2cba76126,1,0,449,0,3,,176,0.003680200083181262,0,0,2,0,4.243474199436605,0.6176868993788958,0.1366404991131276,0.016237200587056577,PARITY,1,7.615551199996844,2,9.480856299982406,731,91.8,460,7,0,bce25ea9fefe8a5a1c29f50d018ddd34a2f689c3a6e3328d15bea8322aa3bedc,c02fd4f7ff32b87f170a8fccd3d6fca5717bdf113b8e4818585428815e0d12dc,4.235424599261023,7,impostor
1abb6fa74166333fdb8024af87b44bb00348d46153099de8f48f3d8de80c9d31,1,0,348,0,1,,125,0.002925699925981462,0,0,1,0,2.0832445999840274,0.39397370209917426,0.11186799837742001,0.012427999638020992,TASKS_COMPLETED,1,4.258972599986009,1,5.317191499983892,732,56.8,284,8,0,976940a10e6b847e73b70278bd4507830c45350a7056dcf6daf8ee8c416fb0fe,2e9c0f914f46248b282e421951eeac7855eccefad23714ab1f8516c5cf0566e3,2.541046900092624,4,crewmate
b6e6b28fc5971be542c09a3616ab0440261ba2b5682a7c79195ebe12eaeba2ee,1,0,250,0,0,,109,0.0025918001774698496,0,0,0,0,2.768084902316332,0.259429999277927,0.07068539911415428,0.009313799790106714,TASKS_COMPLETED,1,2.6553091999376193,0,4.732948200078681,733,29.8,149,8,0,723f88db9ef4637fc606d5a226b9bb7399bb9e4d92391e01d9af35581eef4bdc,fc2b0541458dfcab90d94548b61c3f90a411056f0a7e8ed92a067009ab2aba10,1.5184658997459337,0,crewmate
407f359302a891650a295bd5653c1cb5bd76f7959f5578ab8666873fa4d6166c,1,0,279,0,2,,144,0.0029295998392626643,0,0,2,0,1.758697299635969,0.3837941992096603,0.061071898555383086,0.010544499615207314,TASKS_COMPLETED,1,4.430954499985091,2,5.089514299994335,734,64.6,323,8,0,66ccb005c98d962f51a8aa7843d7ac64ca9cc8ae83497b0267e02ec3dc1e5234,63beabb8e7f4791347a6a5d530d13053a66b4a86f27e6a023231bf2ed6c91dce,2.712748698773794,7,crewmate
19febe84d83467d24a068bc87b37c84385f23659f9f7977a1fc34d1e40a5fbf4,1,0,254,0,1,,114,0.0023411998990923166,0,0,1,0,1.9569831017870456,0.2938986999215558,0.07142520020715892,0.008933900389820337,TASKS_COMPLETED,1,3.3744410999352112,1,4.449194799992256,735,46.0,230,8,0,a53a03c6891edba1febe6c6063e478e1c07a32504f68bcb5153b0b5183a2b22f,cfd0eaf264b074d668132e3e6d9baf6d21ba7891c365b35972d366c5209fa765,1.9923548996448517,4,crewmate
0aaf6ee3b37072635e31789eacdbaafe970e318651ced901eb27af728e69db8d,1,0,152,0,1,,89,0.0017651991220191121,0,0,1,0,1.545004599611275,0.19248620001599193,0.034738700836896896,0.005737299914471805,IMPOSTOR_EJECTED,1,1.996129999984987,1,3.1709871999919415,736,31.8,159,3,0,8399c13749f2c720010a3bfd025e6e56d9e407bcc2cb14a5ab7489f20f5546cc,a7d9668a26b4a58c016b4d067096e4bb9dd60d15dee3a78e9874ef34da8bde1e,1.3088548002997413,4,crewmate
223af96ef41c2f79c9502c7049388ef41da38fdf259c94665127149b62c37f4e,1,0,391,0,1,,117,0.002629798837006092,0,0,1,0,3.2594691006233916,0.43315919884480536,0.10045780020300299,0.012909901910461485,TASKS_COMPLETED,1,5.113917400012724,1,6.659627100103535,737,64.6,323,8,0,429b36d6efa845d6b1169e480ad217a3bf3ef9edb95fa3dd9f1a05fcb62ce489,f3d764b730c2ed7b0fe06ed8037a769239fa7a7988331698590ca4f96d1fd2b7,2.702612100285478,4,crewmate
7d808f0fa4c98f260ac051f9db3cc1438658704f7031e54d64b3054888a3c882,1,0,245,0,1,,110,0.002176500391215086,0,0,1,0,1.0783679013838992,0.2840283999685198,0.06712319806683809,0.008624899433925748,TASKS_COMPLETED,1,2.9575904000084847,1,3.4153563999570906,738,44.8,224,8,0,8b96a6926475f7798354420adcccf858307b230eb060e0f2f53986e5e9eb2a51,071cf30970ac952d0adf3a65428041ab3c874c4709c38fd381db69584b8c35b4,1.8624205007217824,4,crewmate
f23855018fe679fe72a9f4334ad035f6398f12a8a7a71ccb0950c13ba066e398,1,0,329,0,2,,137,0.0025737002724781632,0,0,2,0,3.2483761986950412,0.4689658988500014,0.08431070088408887,0.011292501236312091,TASKS_COMPLETED,1,5.495814900030382,2,7.259117199922912,739,76.6,383,8,0,b657f591aa85c1175d51bcb89a416c1fe6729542d5266d7be8d8326b882d2e65,a1f2430a7befcb3b848f129444d05402fb28f0f53baf8ced53271a1c64acbf68,3.271077302051708,7,crewmate
caab1b760bf1cfffe437560c73d2e4e7f5665b55ccb9c944696fa1444ffbbeb6,1,0,260,0,0,,78,0.0015695001929998398,0,0,0,0,2.028545201290399,0.25520770042203367,0.07111699972301722,0.00875509949401021,TASKS_COMPLETED,1,2.864191700005904,0,3.881270300014876,740,31.0,155,8,0,544822d210d1e5824e29b11923f68fe442b185f3a77c2fef6dbc8cad8922236e,2ac485ab9670d839700469d469eb1d7a2b3b9384a2f09787c9bed3099ca60f15,1.4328930997289717,0,crewmate
36cce410983273acb9f3553c37ec1a9c840c5d2d617ab714f9433a3abf2c269d,1,0,267,0,1,,125,0.0025150994770228863,0,0,1,0,4.485163999721408,0.3247235006419942,0.06312140100635588,0.009073099703527987,TASKS_COMPLETED,1,4.392747699981555,1,7.159953699912876,741,49.6,248,8,0,e34a6559cf8348a73c45660e3ad28bd227cace290f42c405764b9cf7906cf25a,e6d9546ad84ea62813754ad3421f6e28be21b1178d6fe0fc792eff2410a8b0b0,2.1565375005593523,4,crewmate
2e58f5a0231857de09cdee912e0ee5e1e024518b42ea063465d149d7a5f278a5,1,0,353,0,2,,194,0.004009499563835561,0,0,1,0,4.742195000872016,0.39013679954223335,0.08240100054536015,0.011696999543346465,TASKS_COMPLETED,1,4.774945000070147,1,7.996562000014819,742,59.2,296,8,0,c62fa4d70e1c4a8ec6848b695ca8049d3d4981f5b51e06adfc1633d72fbe266d,2849c1658c20ac380f782364ce11665a0a7be6a3cf6474105eff42a53fdc3bdd,2.614349899115041,4,crewmate
69d10a859449f39feda3a1e676e808e7acb55a54eb9374e527b5ea9eeec5725b,1,0,317,0,1,,123,0.0025419994490221143,0,0,1,0,2.453812602092512,0.37537880102172494,0.08215939963702112,0.011000199941918254,TASKS_COMPLETED,1,4.331193499965593,1,5.4448202000930905,743,56.8,284,8,0,bdd0a736e5924c43edeeddcbd5eed7310369ffccf05fa04bf356a1fed994f744,23ccd820497553ec6df53c4bf764675a0894a1a8f4622235885db7740d323f5d,2.3852830001851544,4,crewmate
3ce20b5ca5a44a74986246ab2d37497d1fe4436824ba1011149b47f8e1af3abd,1,0,374,0,2,,152,0.003079199348576367,0,0,2,0,2.3970827023731545,0.5079286985564977,0.0877201003022492,0.012507199309766293,TASKS_COMPLETED,1,5.761223100009374,2,6.731418199953623,744,80.8,404,8,0,97a65085a7289cb3790181bfbccb4438db507ff03ff4cc36d1f1766dfd23263d,088d315de26d68a3b34b1d2615fff5b5eb71aeb7b5a33b4ee048b1e90158f515,3.5422764014219865,7,crewmate
5f82dc484c1a6f1e776254bf5ca3edfe2009d197f08ce35da59fbbc22901bc70,1,0,289,0,1,,162,0.003024799982085824,0,0,1,0,1.8887565981131047,0.3504594984697178,0.07230200001504272,0.009591200738213956,TASKS_COMPLETED,1,3.8798962000291795,1,4.864365299930796,745,53.2,266,8,0,af824dbc272aac9bfc8023e209739bb4712965a156326e8e6d9b4bd6a59df90f,f345bca813cc29ebc61a1ad0924b9d43864a0e8cf29c41fe8a919941201daac9,2.4148558012675494,4,crewmate
a996b6ed57d4b4f4109b146de98481e1337310bb987730845a2322b4975c2975,1,0,211,0,1,,97,0.0018163002096116543,0,0,1,0,1.632549699395895,0.22677349869627506,0.04578589810989797,0.007166900672018528,TASKS_COMPLETED,1,2.8669188000494614,1,3.4914219999918714,746,38.8,194,8,0,215e32ade2d46bb2e28aee1ce92716647254380560a1af4c000d1443985288ad,4e5ee42a776fcc2e376d66b95b46a119560d0ab709c6c21bb399b01880145cf0,1.4817320010624826,4,crewmate
cffbb3947258ad270fbe3f64bbf1c9c0c3e02b32682aca44a195c01f78fb4ec1,1,0,250,0,2,,164,0.002980599761940539,0,0,2,0,2.7556521993828937,0.3368699006969109,0.061849301448091865,0.008293099817819893,IMPOSTOR_EJECTED,1,4.105814700014889,2,5.854197499924339,747,60.6,303,5,0,5897a6832367ed9370352ebf56b82de5aaf4d9e0b24e29a13686df388aa75297,b894fc279de0576e0a39550c11708ebfe041bb795d340a5dafb683f1c6c7f1ed,2.5488063003867865,7,crewmate
53a9e530142eba6e853f6fbff1fcbf5ab96bea5dfd38ab6f7398d902fa714fbd,1,0,258,0,1,,123,0.0021520000882446766,0,0,1,0,1.234523702180013,0.29982429975643754,0.05932739796116948,0.008718800148926675,TASKS_COMPLETED,1,2.8562807000707835,1,3.6099292000290006,748,46.6,233,8,0,13e61bd392181cd4e1fb958f4b0172d6c290856c53173b27a3d760387964af50,4063a86a9a7435e629bd6f309cc6aba802018d702c2e2ec61e27c1e0329edac7,1.8879457003204152,4,crewmate
4f97718d5bf71c4867784d3e9f11b97a51772533337cd6207e34e0b7b6eb7633,1,0,351,0,2,,152,0.0027346997521817684,0,0,2,0,2.5690614010673016,0.4838517992757261,0.07682319986633956,0.011315798619762063,TASKS_COMPLETED,1,5.739656199933961,2,6.696333999978378,749,81.4,407,8,0,f40fa8f2715b06718adcf9112b85579cf2e50696a6eaeeaf69feb50828d2bc69,a8a852a80973f78be3efc7027543369db06c39d7c30625a973c2032612cdcc39,3.3903127019293606,7,crewmate
c13d86a209983b242c3355a823482a52289346a2e000dc382024933d2625feb1,1,0,327,0,2,,149,0.0027165994979441166,0,0,2,0,1.2457377009559423,0.45541850104928017,0.06546999979764223,0.01099640061147511,TASKS_COMPLETED,1,5.083813700010069,2,5.151252299896441,750,77.8,389,8,0,636058a6f9293d6a554a1d267477191c65d44af6c695e783d9c6dfa9e5d6c097,aeb587f1cf65b502f01717b57335f8161a961f0b63dee58bc41d4b54848b85c7,3.213414900470525,7,crewmate
0ee94232e287d939180a164542ddb4b36a3e63f16905fc160f906514049200db,1,0,361,0,1,,132,0.002427999395877123,0,0,1,0,1.8342982026515529,0.3716336996294558,0.07577859924640507,0.01056270010303706,TASKS_COMPLETED,1,4.207823199918494,1,4.776858700090088,751,59.8,299,8,0,2e32b9b6a113a3e62b0708146b0d915eac4ed3fbc89d2ed603070dd735be844c,4922475c5243fccc10881e6a57ad6fc519077b0ab514bd94d98716726bc33164,2.3530299987178296,4,crewmate
4c76f83405e6b619c56f0a9b0728609082e87bdd739d44c6db808630138232df,1,0,332,0,1,,131,0.002513399813324213,0,0,1,0,1.6694430009229109,0.36812680086586624,0.07322230038698763,0.01021399802993983,TASKS_COMPLETED,1,3.9222507999511436,1,4.588003600016236,752,57.4,287,8,0,027bb1c13923c198a7fe25a0ba2bac23b2454ad0d194887c4a3b22497e8bbf7f,ed1e3a4ae7bbc49996b02872b55cc5d87efe7720246a26bab2ec64e12ef4fe15,2.333867298788391,4,crewmate
4ffe4088147e757f294cc54d8c8f5242ec6a0effafc6958632491183f52830bd,1,0,325,0,1,,120,0.002237500622868538,0,0,1,0,1.9570466025033966,0.36209470371250063,0.07138619874604046,0.010279099107719958,TASKS_COMPLETED,1,4.138086299994029,1,4.812736500054598,753,56.8,284,8,0,aef9518014a347d8b7fc5472f7ef49725307415209e163c46fbecac40d450b0f,8c9d242d1d88dd2e270dbcd579112bd549b3c615de671caf506c81007d2b84ff,2.2819619989022613,4,crewmate
2e8e97aab45174ff4bd92b3bf51d3a93a6f114e3c82d7f8162f8a3244c907d3b,1,0,338,0,3,,158,0.003021399606950581,0,0,2,0,2.8992640983778983,0.4472480012336746,0.0819225013256073,0.011400898918509483,PARITY,1,5.346451899968088,2,6.781329500023276,754,76.2,382,7,0,d88c81f68cb4122eeb7bfcde12776d15604a375bbeff0c4368ac680b20ffbcde,64e6e7e69c2b148d8713bf26c562932c715ae3022fbd36aa1f2cfa1541e0ac1f,3.173184400773607,7,impostor
b5cbe1e5722622c6d7e3c4baff1c1041f2afbccb9d6fa8611a24ad8187a49164,1,0,317,0,2,,136,0.0023729008389636874,0,0,2,0,2.3974783999146894,0.4347326996503398,0.06495670170988888,0.010527800652198493,TASKS_COMPLETED,1,4.757428099983372,2,6.141806700034067,755,75.4,377,8,0,f29962f17dbe296981f96d31c4be660bcf018a295f5ea8cad7da43d7f5ac1074,32208f4614d60e144eff04f07cb635eb683dd683c69f27e87e4e841d54f600f6,3.0754632995231077,7,crewmate
47dc220ad52a3456081fd3ac830b69674b73aae091e6087d39c2ef32498cd117,1,0,329,0,1,,123,0.0022472002310678363,0,0,1,0,2.7090624016709626,0.33115699980407953,0.0755175999365747,0.00983070011716336,TASKS_COMPLETED,1,3.9488506000488997,1,5.282636599964462,756,53.2,266,8,0,60927b7ff9a3013ebf324a6cb9b909691b92d1b74acdc4a3aee56618559d35b2,59aa32bc260ba71bc46f17b404b6171c545c56e4a37c30e26fe69d69027f866d,2.0276494993595406,4,crewmate
81415a7b15096e7befc9116dca1ffad2c00521e052610fdacfffbae310e31727,1,0,330,0,1,,129,0.002662599552422762,0,0,1,0,2.8248572007287294,0.358340602950193,0.07832979853264987,0.011236398946493864,TASKS_COMPLETED,1,4.67599010001868,1,5.6473211999982595,757,56.2,281,8,0,a8dede70cf6f5ffa1d76e8631ac80357801e6a058bc3918c3f5de03b171cec8d,5152b1eeb69b40c687b974c34154d1a59f7d7bc4b4bcae904482344aa67b0c9f,2.2419177007395774,4,crewmate
66f13dd1ae0f2c56c55a49f9be79fd462f50946572d24edb579b0807dff39e43,1,0,332,0,1,,138,0.0025599998189136386,0,0,1,0,2.540176100214012,0.3385748016880825,0.08475909847766161,0.010342297842726111,TASKS_COMPLETED,1,4.102242300054058,1,5.314318799995817,758,55.0,275,8,0,f122703e47701e4c08be7eee81f61e348905de54c24d59e21b40cf6d354a7271,d662b61ccb79eb7190110cc841cd82ea6e72d9c97e739f34ced0c47647736dfb,2.211924900417216,4,crewmate
b1a7551b81f8a849f0afbec136976165f750d43d474bf3a83437f84f14bb78b8,1,0,494,0,2,,251,0.004952399991452694,0,0,2,0,3.2812941996380687,0.5754492996493354,0.11826569959521294,0.015541800064966083,TASKS_COMPLETED,1,6.938699799939059,2,8.159720700001344,759,93.4,467,8,0,f9fbc22d1e5cc7d2561e9b8a8f4456fea620a8326e63ae6afa9ec6bbd05876b9,67c379768ea1d3532c0dfc2cefe4121212272b6a31112107569a5b218f9482c2,3.9628662997856736,7,crewmate
d277b30bf182bb961572c8a1ab36c79974c27f58f5cd8d19953e9a89b6da0b58,1,0,200,0,0,,67,0.0012564003700390458,0,0,0,0,1.0041614004876465,0.19109330174978822,0.04344969964586198,0.005752400611527264,TASKS_COMPLETED,1,2.077031600056216,0,2.3291113999439403,760,23.8,119,8,0,f8a82fe1b838d1c9d190a4baecd3ec6e5bf1a19265b4c74f1c6e46779be18c74,bbe77bfa4f54c2936d581796ba2d1faf4330d4c41078f3f3a793ab91e07af434,1.015736800036393,0,crewmate
2e44a3ea2fed5f896c5b0fd95a67aeb310e40d8efabcd71892522ee40ecd0a56,1,0,400,0,2,,155,0.002952799783088267,0,0,2,0,3.2145330976927653,0.4969108985969797,0.09168790117837489,0.012758099939674139,TASKS_COMPLETED,1,5.80697220005095,2,7.336806799983606,761,83.2,416,8,0,d7ef7b79d70a032c6c490f7c528e3de12d6cfcecb7f03616fe39ba6956c8f492,a499c3260640c3e79af49ead4cb4255c7718b9bc6bc666558ce63ccf75ab24b0,3.3448103988775983,7,crewmate
7f335b80ef1acc251eba52abccdac7128a437ee1e0ce72dde8dfec4895219bc2,1,0,355,0,2,,165,0.00311360030900687,0,0,2,0,3.465925596654415,0.42446010024286807,0.08504010096658021,0.01137859805021435,IMPOSTOR_EJECTED,1,5.4412487000226974,2,7.110685399966314,762,74.4,372,7,0,8c0fb3f4f6ebee44519cb398a1b78cf939eb7e3785fd88efe42960bf5a20be60,99538ce41bba176ef27aadb8e393f1194fc51a0d4eecdcf8314e0f8bf1d0f7a3,2.965540499892086,7,crewmate
338713b362af2ed98ec57266cb952b2d88e9a35201cb7159326e7733096f2de1,1,0,391,0,2,,202,0.00382979994174093,0,0,2,0,2.363706397707574,0.4775813991436735,0.08706590044312179,0.012587701436132193,TASKS_COMPLETED,1,5.8030569000402465,2,6.532687800005078,763,80.8,404,8,0,a6803f51b49a86b7961621d0878c025f5a354df0345a17d30cecc206eb5915de,0a3460bdb94f7301e6a7acbfd1b73feeba6be3c20d5ec65c8bb30ef580dc9b05,3.413125900668092,7,crewmate
e9500f57734c3d30ca6b1c3b1129988d290f973e71d91549e5e893ac9e6581a8,1,0,297,0,1,,123,0.002243099850602448,0,0,1,0,1.7475910981884226,0.32047300052363425,0.06799319921992719,0.008920199703425169,TASKS_COMPLETED,1,3.54578429996036,1,4.336969499941915,764,52.0,260,8,0,b2188186a172e823e19ed98b2bf255a3adad203550276b1ed6a16dd8dbda7719,f1c0ca8326b98d073bc2789db3bcf30aa6fe88dddeeac5468b1a1ecd8d33a213,2.0776262995786965,4,crewmate
3290aae0aa1e952273ce71618f3db2dcc6857b2002d8012ac46934a09a17d965,1,0,273,0,2,,173,0.003038700670003891,0,0,2,0,1.673764499486424,0.36355179944075644,0.05410950037185103,0.009018299984745681,IMPOSTOR_EJECTED,1,4.138732200022787,2,4.905201100045815,765,64.8,324,6,0,d5643168a45f3604260da9a545dc21d37ee1cab0c5cabf486d9be8fb6ebf7a26,2ef2356daf7d221c278039e2e4ce5f0a560a4350e237519f6519033d662b4207,2.6657479997957125,7,crewmate
8172ee812b435320599b3c06f20a151e83642357c2d92424c09a4c2b266ae9dc,1,0,309,0,3,,166,0.0030653009889647365,0,0,2,0,2.7545263011706993,0.4402820010436699,0.05857509805355221,0.01354319928213954,PARITY,1,5.390565000008792,2,6.53404049994424,766,73.2,367,6,0,04638871433067b5f68a18a20dc620732ce166daca68ef4a195b5685324736bf,cfd853ff472d49efab97bea236e93dee29fb5bd843660860c83492915a6c98ac,3.101481600664556,7,impostor
ed0defd9664ed0abeccbfdccb17fcbaab5896c7a913f67d67c35d83c5158a9b6,1,0,307,0,2,,141,0.002648199792020023,0,0,2,0,2.7994362011086196,0.4049817993072793,0.06658750039059669,0.010311099933460355,TASKS_COMPLETED,1,4.978453000076115,2,6.278137699933723,767,71.2,356,8,0,e3ff0920594d8298215f30edbf881b947a02b0ab87141259dc46f72b6c1588d8,c58b278abcf6c3295628a3378ae3dae3e4ad5f454b7a2c5b75577e9f5f753d28,2.847460101475008,7,crewmate
f4b2cd483340e64b5985a517353d5c765a08d2a65132339af580269d38af5295,1,0,357,0,3,,166,0.003002999466843903,0,0,2,0,1.7087939988123253,0.5073344002012163,0.081511199939996,0.011636599199846387,PARITY,1,5.833457999979146,2,5.998807800002396,768,83.4,418,7,0,24e33304df8e63e644031726a6e78d96ae7d7ced82b342d2a693556f1a33b1f0,83bbf87b4fa9c5e7ff8445de99ae5545b66730d59e47b83c3303d5cf3a35f9ac,3.5113170003751293,7,impostor
483222a5d4119bbed153be7ef0961792c065bbb41f358334cee396899738ab92,1,0,326,0,2,,168,0.0032431005965918303,0,0,2,0,2.861025099642575,0.44366160046774894,0.06439939991105348,0.011550500174053013,TASKS_COMPLETED,1,5.292706999927759,2,6.715037500020117,769,75.4,377,8,0,6b422d8bccfd2e464d5b7121f7ac62cd4d1c5c1a20c3fb2211f5ee18c4b03bae,c39b5f005aaa07ab577a1cec745d6a71a50cfc2f6a9808bed23fb26f2c95e72c,3.1672550005605444,7,crewmate
b102d92330e9c3fdfbba8545f2cdb377248f6017c340f8f1f34d64360f58b310,1,0,201,0,1,,122,0.0021895007230341434,0,0,1,0,2.0085532004013658,0.22122919943649322,0.048389497213065624,0.0066783003276214,IMPOSTOR_EJECTED,1,2.8169013999868184,1,3.8579337999690324,770,37.8,189,4,0,96bda7aaf83cc66b50c13b9830aa58cbb498ad7211645ce438302443ea25ac48,7d033efba684a86dc30a6e076002156828c221b6e6f2cff775bd3dc389544d2c,1.4835006995126605,4,crewmate
4836f57ed453dd32c988b4ba7feb880132a6680bfa10e51ad98fa3ec5ba20893,1,0,293,0,1,,136,0.0025761001743376255,0,0,1,0,2.630486198933795,0.30557849956676364,0.06969589786604047,0.009103100630454719,TASKS_COMPLETED,1,3.9084724999265745,1,5.072370799956843,771,49.0,245,8,0,78e933b3f5e0f9f5b0114b5def38da7ddcbfbcdf355d9fc6984b4afbd344fc4b,5aca4bf2eb561987904b2628f3d673d084c23c95c4d068dfd09b8a345b66bdb3,1.940155701013282,4,crewmate
e56e0503b8edb364f8048093ab10650291e9ab19e5e4824e5ecddd5d20dd8cbf,1,0,299,0,2,,145,0.0028511006385087967,0,0,2,0,2.2675313011277467,0.4309934013290331,0.06532589870039374,0.010601100977510214,TASKS_COMPLETED,1,4.987895900034346,2,5.962225099909119,772,71.8,359,8,0,150528e8f6ca1ef7ed30e55324bd996e55afa580ec22a7d8a4ecdac47e72ef56,5c18ad64c534d0c0d858ea4a332831b52b419fd4208028d1a9acbbe25b3ff02e,3.0299340003402904,7,crewmate
31f6ed228d7c2b684bad6b8a67e1c78c88bdbe4e5be87707e67f90145dc8ab1c,1,0,317,0,3,,147,0.0026471992023289204,0,0,2,0,3.212085598963313,0.4445495007093996,0.07303829910233617,0.010997098637744784,PARITY,1,5.715462599997409,2,7.106375699979253,773,73.8,370,7,0,de8ffa26eafba1b39d190940f5e82f581a82673ab61b58325eda5095968e477d,134265d7b2bb0651912fa9b454ffbc0dbcb58b90ac8510f83f2bc628fce42af4,3.1932186976773664,7,impostor
e10cd9c044731d056bfe50ee92c818c318495af6987fd4aa523f960aff33ec1f,1,0,302,0,1,,112,0.0021168995881453156,0,0,1,0,1.7428627014160156,0.33767629915382713,0.07819719973485917,0.009928799932822585,TASKS_COMPLETED,1,4.001345099997707,1,4.425571899977513,774,52.0,260,8,0,5def5c6e071767b873b8d31795fbf67a9125012d9491c9aac4de76cfea06154e,eddccaf9a0384ad01cf8d56c1397f2e119ab05a0383a10483fa7054c9369df98,2.1232958011096343,4,crewmate
07ce06c094c453c718719c54ff29b9d8777db6e37f724524d89e1ed465425efe,1,0,374,0,2,,169,0.003433600184507668,0,0,2,0,2.9867410991573706,0.513778701191768,0.10214669967535883,0.013627300155349076,TASKS_COMPLETED,1,6.615104500087909,2,7.400143199949525,775,80.2,401,8,0,289aa231227d24f7134acc1d1eef7b052b31573b3e596225c8a342e1b040e4ac,2dbc02596a1fa393f75c26103c5433425435c769b24c8303a178000c5136baed,3.5897284023230895,7,crewmate
1b2550309ddbda6f8a9769cd44e1761cf518630ef92fb63acdafa40a715ddc47,1,0,287,0,1,,142,0.002836700761690736,0,0,1,0,2.792580597801134,0.3290512007661164,0.07216020009946078,0.009959499817341566,TASKS_COMPLETED,1,4.3771050000796095,1,5.556406599935144,776,50.2,251,8,0,673710a0fa147b913649d1490135f806c1fc7186a4060a51a93326a7c3177091,9e6f9a36a77985779a884acc81360cf643f3ac3bdf6d432a025b514a2e34b4ab,2.216744700795971,4,crewmate
9af1053b501630eec40d3894f82e68e5af61f3a51cb9e446ceb7d1093c5f5ec5,1,0,388,0,2,,180,0.003546900232322514,0,0,2,0,2.4985762003343552,0.5926446005469188,0.092881899792701,0.014378598774783313,TASKS_COMPLETED,1,7.090954200015403,2,7.569420299958438,777,89.8,449,8,0,572690859d65e99efba14342d93a03eab7564b6483d971378b90a3198c9cdae9,63b6656f6d31d86715ea473cdd5e51a52951011a84e9b7619052d7821a9865b9,4.166473900317214,7,crewmate
5b452ff440e1e7c83e124b9708f5fbb5126037ce4593700a9e657fcc92d7a320,1,0,309,0,1,,163,0.0032153002684935927,0,0,1,0,3.132328299456276,0.3896931994240731,0.08202760003041476,0.011636799667030573,TASKS_COMPLETED,1,4.360217600013129,1,6.385407300083898,778,56.2,281,8,0,5726d378cf05feeca56fd8a3ffa550a50e13349af7bd3580382d0a6f193e6d9f,7d1e20c3207f41e727ca3c50b05f5dbd4531719ca0af5785a803c10215dec2c2,2.624526001396589,4,crewmate
66db933aeee6efc1fb247d4baae3cb358e912739e4b3a53745f3dab1dd297202,1,0,266,0,3,,158,0.00284209952224046,0,0,2,0,1.1232495025033131,0.40070719947107136,0.05235479865223169,0.009220801410265267,PARITY,1,4.277444400009699,2,4.690446799970232,779,66.0,331,6,0,63f2d941f417ec8292cc2f94e72df158bf236d13069de219d997a9baf0d2a2e3,b01c9d3beb6fda3b4148703ec78ea12b05c0e3f4bf5b08e6cd84848d53261734,2.944701799424365,7,impostor
17225cdb1ef85733083edc91332457339d539ffc7581d273ab395063023f9258,1,0,222,0,1,,128,0.0028200001688674092,0,0,1,0,1.21376199927181,0.25432840024586767,0.05893630057107657,0.007430700003169477,IMPOSTOR_EJECTED,1,2.6507981999311596,1,3.354605700005777,780,40.2,201,5,0,eb963db4bc12688d9f70d69fc433421b8239a12371af349fdf816e317149b5e1,8144f681fe2f0670e2330ca1e2a4a5a6ea4ba31d1bf9d2142753c638dd2d253b,1.7123900005826727,4,crewmate
805dd48fca6c9476fc15045641bf8402a6b80ec9a799a7a01b718dc2850f5fe0,1,0,320,0,0,,119,0.0025115004973486066,0,0,0,0,1.4992268012138084,0.2998195003019646,0.0786004998954013,0.009958597831428051,TASKS_COMPLETED,1,3.563785000005737,0,3.6681381999514997,781,38.2,191,8,0,7521b9f11fe245c4b27af8b642ee0f9aba5f39cc0c072bde068f6225ceb57bc2,60ae5759d443ffac0fdcc42b303c07d8ee84caf737f08a95b3f40a9151de4bca,1.6793531995499507,0,crewmate
dfc7d5c00999360fc100da80ac19cbb627590a8b31960ea1d96669d7a9d9776f,1,0,350,0,2,,147,0.0027723006205633283,0,0,2,0,2.7966275045182556,0.5209876000881195,0.09785629925318062,0.012406798778101802,TASKS_COMPLETED,1,6.7326860999455675,2,7.2168721000198275,782,78.4,392,8,0,b74f49c0aa0ec40558053c0c133200065761b1335654318289405ac0164e1bba,ee986926263179647c37ac54f2b265df288a87876ef3e219d6074fd01f85aa8c,3.594333100365475,7,crewmate
1bf51bbcb8b5312a65be6dd105bccf3b0f4a3c8b3c81918e30d3753b986f509e,1,0,321,0,1,,125,0.002348500187508762,0,0,1,0,2.3493809992214665,0.3938664001179859,0.0938689992763102,0.011552899377420545,TASKS_COMPLETED,1,4.800172599963844,1,5.541022000019439,783,56.2,281,8,0,69eeca762cdc9c0919d4c380c58e706943b1c271ca59c9e99f25845cb56bb55d,a2e5ea3fb736e018b451727fbcc78293f17c79aff9aa31b8274eb5f9975088dd,2.5395602002972737,4,crewmate
6422ecd9b1bd3e977131cfa40ac5b6c5e4a4196b3098b7612e9e6bca2da732df,1,0,327,0,2,,127,0.0024836993543431163,0,0,2,0,2.915526400320232,0.5171141008613631,0.10171879979316145,0.013410700601525605,TASKS_COMPLETED,1,5.600623499951325,2,7.48232380009722,784,77.8,389,8,0,7100fd6cab20a53d6b71507112fef892b6f095e4af86ced2bbd4d1dc7f843a92,c2973fd4235ec58f98a2a7bb2de3337504a774dd64a2d0ff0ac98987214546ea,3.7308559998637065,7,crewmate
8a58d0b5d30dd2d04ed16ebbda0e6388f78cbd34f6826ac0c5cfc2ac602d789a,1,0,302,0,1,,123,0.0029147991444915533,0,0,1,0,2.8899137979606166,0.4096492992248386,0.09181200037710369,0.0142066003754735,TASKS_COMPLETED,1,4.444895400083624,1,6.239853799925186,785,54.4,272,8,0,d3b35fb8fecba4d8bbbc350a8a973fe17d8c9c4aeb6f66e69554866e7b894487,69beaffe40085f404221fa5a792247b67e06aff2814e34127847d4277343fd79,2.6639605016680434,4,crewmate
0dc63c2d1774a1ff47aa2297a2d7774bb52ddf76d6276794e97aaf9c0afe37da,1,0,323,0,2,,153,0.00332090025767684,0,0,2,0,2.547117900685407,0.4993568001082167,0.09292089939117432,0.013351300964131951,TASKS_COMPLETED,1,4.83258729998488,2,6.953735899995081,786,72.4,362,8,0,080a119332b939b01240533f62b7f6b19d09bece1a536538d1f2bc0098de07be,7c837f6c58bfe6d6c800c186ba7685de0985a455f8622d3b0f1c442cb50128a8,3.6035392988706008,7,crewmate
5de1fa2df0db09c8e83577f519be56ffc7f7c8640e4010672282b040022a83ac,1,0,205,0,0,,83,0.0021609996911138296,0,0,0,0,1.7484716002363712,0.24955829954706132,0.06986269995104522,0.009646600810810924,TASKS_COMPLETED,1,2.3122881999006495,0,3.548989500035532,787,24.4,122,8,0,83872cf66f7b99f567cf1dbba597eb5117fe5d48213227aaffbd2c340e9e021a,87d4f840f33005b1f0aee11fd2dabe34f4b593bb3cd28a9745a5967ffe425c7b,1.370090399752371,0,crewmate
0468a836a1415ce5faed6b1d13a18c55122bc73d4531ba1303a6ff0fe56909bb,1,0,210,0,0,,78,0.001768899499438703,0,0,0,0,1.6670186998089775,0.2462187010096386,0.06998630100861192,0.008424899890087545,TASKS_COMPLETED,1,2.334729399997741,0,3.4239929999457672,788,25.0,125,8,0,b7f1a8b895fec4b7907eec0daf577ab7e2e2f216102cbf04b44da4577cac38a6,89f84986e7e12677591cba9bbd31c669bb27293f60c6d4e6a1530b2a09e07840,1.3345559015870094,0,crewmate
4cf2a26f87f4adebb839edf7d2ae58105c58a61756c685afe7161baf76c7fb2e,1,0,265,0,1,,113,0.002472099964506924,0,0,1,0,1.7803281005471945,0.3044693998526782,0.07159800012595952,0.009399399510584772,TASKS_COMPLETED,1,3.3931073000421748,1,4.298792399931699,789,46.0,230,8,0,5c851e5f3450bd20ae44f8a38d01064b01ff5cca0bd526dd25e21b87d712c77a,35eab9049e31b77bc21ad4c2b8ec3f8f925d3f65f43fb7b76e898572f668f339,2.0042605989146978,4,crewmate
9fc1e855f133f84851479bf5c7df04715aa2115461ac42de853d053acd19003f,1,0,305,0,0,,115,0.0028733001090586185,0,0,0,0,4.580282301991247,0.29840210045222193,0.07754559942986816,0.009707600227557123,TASKS_COMPLETED,1,3.237860900000669,0,6.754991699941456,790,36.4,182,8,0,2e3b408a7b0d6553af04c5df8400bd67690fd69ffc5294ba2d2f3652fe0b4d33,9a50d49c92ed634275743d6c982b8384ee16727daeaeb7b12235da19ea8250c2,1.6814660999225453,0,crewmate
09c51a2929cac8433e8de56c14e0391c45dc3cdf0d62fe28627ca0692adcdc0a,1,0,358,0,2,,163,0.003255300223827362,0,0,2,0,3.47178649995476,0.4886199978645891,0.08668120217043906,0.012851499719545245,TASKS_COMPLETED,1,5.767006300040521,2,7.591229899902828,791,79.0,395,8,0,24c91c44cfa8e07833e608bcc640b2cc773c3f91b3ba14fbc99f9b10ca230e2e,1c7c85e7e7168c9b609dc9f751b3aafff250649bc345c7c529058106b10dd94e,3.3564383008051664,7,crewmate
feadf5ed4b52fdc587af79fb1df77bd001721136a63353d3c7ffb5f041cc1089,1,0,260,0,1,,106,0.0021165988873690367,0,0,1,0,1.4187275004805997,0.3072461996925995,0.05930620129220188,0.008702201186679304,TASKS_COMPLETED,1,3.322837400017306,1,3.858196899993345,792,47.2,236,8,0,4832a898e67e5fa1cef30fd4b0df1e2a6ce8291feebfef58a62de2ba1435d038,a3451662e33337a24b628a8bd364457820137073f60a66e22b42fa881a0ceeb0,1.943583000684157,4,crewmate
edd93b4c714a0c15d01ae2d3cb7c36159d835edc7d35b94de3a244efa5475ef9,1,0,350,0,1,,147,0.0028608989669010043,0,0,1,0,1.908803898957558,0.3567402003100142,0.07548480271361768,0.010076099657453597,TASKS_COMPLETED,1,4.473845900036395,1,4.817935800063424,793,58.6,293,8,0,c3c2119fefe8b3c2d145ec558dee026a65c61462f05ee7c904f7797c9155728c,88c95381f42e859c224718957f8aa004af783c464608ae45a370c4b8916f55f5,2.3402825999073684,4,crewmate
7519cc3da7db47ca21b1c4fc5cbcd1cb174dd506989407ca4971b17e97f2a644,1,0,310,0,1,,125,0.0023793993750587106,0,0,1,0,3.4257096020737663,0.312286299536936,0.06658139789942652,0.009378099930472672,TASKS_COMPLETED,1,4.4329060999443755,1,5.916768299997784,794,51.4,257,8,0,9aee801b23fee14db77c5a2879de277239c4789b96fe5050266e3826f7cfbfdf,06afc98225a3c3f55270d460d9ed3da93b4887a55cdb3c384c13e01f9de92a66,1.9871643010992557,4,crewmate
f2c1fae0e790c07712911113c735ac0d3a803a7fb058ae969a8c29cc0c5bb862,1,0,343,0,1,,137,0.0027972996467724442,0,0,1,0,2.6102927976753563,0.3642073995433748,0.07751110044773668,0.01014569925609976,TASKS_COMPLETED,1,4.7644067000364885,1,5.590800500009209,795,58.6,293,8,0,687f19cd0397295601559ab9d128b67ca2eabef5b86b8b2439a787b72c0cf886,469c005fdb2e3d77bba2d2d33fca7ba202ad8bf5e03951a181b68a2fe349ae00,2.3958439984126016,4,crewmate
f726122bbfed3f2899ed4111993d2fe2967ed8e87f3bc39636b95687a818371e,1,0,220,0,0,,65,0.0011976001551374793,0,0,0,0,1.1990401014918461,0.18868019967339933,0.045927099767141044,0.005911100306548178,TASKS_COMPLETED,1,2.3037587999133393,0,2.5321970999939367,796,26.2,131,8,0,5ec4a52a797295d5f0a3c254f8b8d41a798661fd79fbd9310721c695dab01189,66f8aad3483e8c58b9c4bb76b689ef2e449dc9dbe82166259195d7e6fc1dad12,1.0261298997793347,0,crewmate
56cadcb5e44cbdb9720388f3c90e79e77de2712b8911e6d891a7355d52eb6eca,1,0,300,0,1,,143,0.0026983984280377626,0,0,1,0,2.0876255995826796,0.335737400338985,0.05983719904907048,0.009277999517507851,TASKS_COMPLETED,1,4.2589227999560535,1,4.87153030000627,797,53.8,269,8,0,3e81122142b5a20982d6c8e3ff01936238cc4c3132fc75bd536f2c94cbd9b35f,a5874a93325db2cf8a1edb5fa8d0f7926549a301b12f4484ca2e087fdec299a9,2.2552137003513053,4,crewmate
20a973373ccc27a1f1964910e04041772e20a0b4846552857402edc0c80ddbb9,1,0,351,0,2,,158,0.003245799569413066,0,0,1,0,2.535802500322461,0.42985320021398365,0.09832739946432412,0.01268130075186491,TASKS_COMPLETED,1,5.163839899934828,1,5.971010299981572,798,62.2,311,8,0,0bc6c2c7fdeb54e26efab5f97aa9078c768617bb849067002df521b97d6c5247,5199c6ea203dc64e70923f6b92377cf7a37e723d4ece0683b77a3009a3c77e6c,2.7391218000557274,4,crewmate
79b70ea65451fca633c06d1d179b25df8f145cc7e24723a0a0567f64d9d13239,1,0,373,0,1,,110,0.002115600509569049,0,0,1,0,2.4951977997552603,0.41985560138709843,0.10790119995363057,0.012438098900020123,TASKS_COMPLETED,1,6.0332814999856055,1,5.800796199939214,799,62.8,314,8,0,8cf4eaec1c63f82b48c7fc71771e3c10775edce25836b8f8a38765ff9ff4cb6b,1e002735219fa70773d138573e0d56e0bf1b334794b11eef27942263f27067c8,2.6159637006931007,4,crewmate
63ca94c54fc649c07ec81fbb43f24db761599932ea2c0b9290f5b27c1bf8cf68,1,0,273,0,1,,172,0.0034756999230012298,0,0,1,0,3.4664235996315256,0.31587139959447086,0.06298810092266649,0.009656199486926198,TASKS_COMPLETED,1,4.0643595000728965,1,6.249668199918233,800,48.4,242,8,0,570a0206d3bfbffa881660741aa80f36a25c7eaf57bba079ba64985e974c6364,809fd1931b9e142c8101a9d2e8b3fc65c448b2eb976bda306bdc5976dcea9908,2.262524899910204,4,crewmate
8c5b39717fddf1e670e822ae6ca34f08a6dd73a5388543a5b6613120d9df78fd,1,0,404,0,1,,179,0.004076200188137591,0,0,1,0,3.3301996015943587,0.4349517016671598,0.10925849934574217,0.013838299666531384,TASKS_COMPLETED,1,5.725227399962023,1,6.9167849000077695,801,64.0,320,8,0,b1b62790bc5e80f7cf879a21b572648d84e41d64db44138e8e8710c2b2e7a675,e420a3cd09af6a79a1e8dd46ca8853c5ff9759df2330753f5285ac2019339f37,2.8569529009982944,4,crewmate
f5b82d0eb4d5bdeade5cf6369ff2cbdbc10ed35cd7eaa69c4f6228dc0f9f3aef,1,0,283,0,1,,144,0.002889900468289852,0,0,1,0,2.0848183003254235,0.34898420074023306,0.06710549956187606,0.012052499572746456,TASKS_COMPLETED,1,4.364376500016078,1,5.03284200001508,802,50.2,251,8,0,9470c4625821aa2038a95ffbd6ee659b7e9a2ff84f77788b6389d5955aaf2e17,64e56277064c6f8ef617769b61fc7ad1a24f8473ca7045695e77aeaf992c8cd3,2.3724484998965636,4,crewmate
9ab5967bfb9ba00ec14dd6fa911c44c9137c3e79354d1fdd64e334ba6cc6fb67,1,0,220,0,0,,88,0.001775200478732586,0,0,0,0,0.8765078999567777,0.22966619883663952,0.058112400001846254,0.007886100793257356,TASKS_COMPLETED,1,2.529310700017959,0,2.510313199949451,803,26.2,131,8,0,23c04f82f3db4e43174c4a754c989f67382f2f4abf71c806d5b77d482efb98e5,9cb12c8b3df3d8ab030d3edd218826cd11933582f226d1c4063694bd10c36f16,1.2468728000530973,0,crewmate
f5820c844746f414c03420f7e677b012e90ede0c71b5fe034b30df7d6aae2f5a,1,0,300,0,3,,142,0.0030496000545099378,0,0,2,0,3.045919895870611,0.4615512993186712,0.08610330207739025,0.012391699943691492,PARITY,1,5.393863299977966,2,7.020901300013065,804,70.8,355,7,0,c20394dd50b20e2bb6bbb19cd51d770852e8edba3183554917a63a5e446b4b28,189d3645d4b534e8ef0bf871ee4a5a94e8605433c15e1686cfd9327c64c3942f,3.22906070004683,7,impostor
e1d28d098efdf65f01fb2e051072a4a873f3106267a8b121d961bd06fc7e4bb5,1,0,352,0,1,,178,0.004184999619610608,0,0,1,0,2.2627588991308585,0.4258851989870891,0.09802270156797022,0.013251600204966962,TASKS_COMPLETED,1,4.894795200088993,1,5.800349100027233,805,58.6,293,8,0,949211fa1550dd0a5b382137aad0bcde7747b3500ed9b256e95d1564b78b4173,fb512df224373b6bb8b53a19749699c389e44c341f6639b0d07cd45e44307da2,2.8307149002794176,4,crewmate
29ef46055e3e977bcf6564c39ef993ff8484b5f757dd7b0fcb74465f8c867758,1,0,276,0,1,,119,0.0025967000983655453,0,0,1,0,2.7833176031708717,0.35921989963389933,0.07599239994306117,0.011536199366673827,TASKS_COMPLETED,1,3.6799142999807373,1,5.760521400021389,806,50.2,251,8,0,734dcf8d0a8cde2aca4b27ee726d131d320ab3bcb0ffb4d5de937678231674e4,c56f918f5cbcc8c1073074e79ab0c668f122b4df8941a11b5302ed3cda359432,2.3811861996073276,4,crewmate
629856c52f10d2ad2fdca747e9594b67519f0953500849847e5b598096b2838f,1,0,294,0,3,,150,0.0028863996267318726,0,0,2,0,1.5440738977631554,0.47913029976189137,0.06903349899221212,0.013526199269108474,PARITY,1,4.97698570007924,2,5.679555799928494,807,71.4,358,6,0,cae233c4cdd556793d6d2ae10b2cded336e019f41839916528a4185a587efab4,bb7d27eeea85406bccad7bed13d09b22727737d99d1933c1974e492292905a88,3.382828001282178,7,impostor
8c36adebf4f187a651cf5af54e6159c56cbc2e95b05bb060e054b9f79909d6c6,1,0,281,0,1,,128,0.003085399861447513,0,0,1,0,2.2704038989031687,0.3525531009072438,0.0762632000260055,0.011116100242361426,TASKS_COMPLETED,1,3.6971333000110462,1,5.1412209999980405,808,49.6,248,8,0,74261f3aa536c8cc6016be3940cdef3f32afef03fcb4fac30aa7036fb37f10ec,9541b4c0f594cf34f3617f83223614d8e32919fb77981eae483eb46ab43aa514,2.285083300783299,4,crewmate
18ff881a1936b56f5b88544cfd4998e3f24882d582f36aa97ff45b7307c826f7,1,0,303,0,1,,116,0.002599398954771459,0,0,1,0,3.0692918009590358,0.37736109842080623,0.08838429814204574,0.010441899416036904,TASKS_COMPLETED,1,4.567055999999866,1,6.011783699970692,809,53.2,266,8,0,5a16d3170033164630c8334fd5f7c4ead3a7f1e1b03334bf0219452a7a04a71e,b9f8323d7feaca7abf426c49d4de6801a81f6b3106d9904587b1cfe8857c9ab5,2.325705100898631,4,crewmate
2632839285b4a212001a0a6556f38e82b34daf271f7a0659cf22b19b77db9648,1,0,338,0,1,,114,0.002903300686739385,0,0,1,0,2.260897599044256,0.3789627000223845,0.08948989887721837,0.011980600655078888,TASKS_COMPLETED,1,5.134455200051889,1,5.329431199934334,810,56.8,284,8,0,036606bcd606639e91e7c2a6f9f84a1df1c032c7512426817233a7a7fca2ac50,b44d745057dced644295b5b6652149e1668cef4204ac59a62dd7b1df283edf16,2.4387137974845245,4,crewmate
cfcf6c95229138de18bdc58df7bc136ecf3419a9f2b4f0451e986a719b1e42f8,1,0,294,0,1,,115,0.0024397994857281446,0,0,1,0,2.1343150994507596,0.32406780088786036,0.0770007015671581,0.009839299716986716,TASKS_COMPLETED,1,4.02709790004883,1,4.687456400017254,811,49.6,248,8,0,6b17fd84cf641b06575aaa86d3b06f369a4046e9a953e50c05988b1e2cd2c394,7b8aaf446ab884fdace626f443511077b0716c4b4d7ba280daaf4d74064a5847,2.010932098608464,4,crewmate
a578b7191cddbe5f7ecdd47fd272245b99831c22f5aeef866187a1f860da1407,1,0,283,0,1,,115,0.0021765001583844423,0,0,1,0,1.1623495982494205,0.31929730030242354,0.06707240163814276,0.009565099142491817,TASKS_COMPLETED,1,4.1147767000366,1,3.7543739998945966,812,50.2,251,8,0,23532487b9637497c908706380a0064e1f0b1af2853627e985fac7205c33b42e,e2a8684e13615c2db8762f350587ca2be5642ceb7737db511c6ef134f227cfcc,2.065684399800375,4,crewmate
667b76128eaa40fbabd009f8f2d3cfb3a8383b76dd5beebd27229a9d348ed62e,1,0,315,0,1,,116,0.0023617008700966835,0,0,1,0,1.7576117990538478,0.39717499900143594,0.0798238004790619,0.011611000285483897,TASKS_COMPLETED,1,4.508635099977255,1,4.906326099997386,813,54.4,272,8,0,0a2adf6d936ec6dc44e314650cce3ab075849c8ca8514c2a19523b9a9e02ede1,186d4aaac261740e64f32366952329177fc2aa398448e4a2cbfc8aeb387ecb25,2.5084484001854435,4,crewmate
5063055c52787a24d2472c60af05c15febf3873669921975c63ef04517629660,1,0,251,0,1,,116,0.0024184000212699175,0,0,1,0,1.605460999533534,0.3058424984337762,0.060517200152389705,0.00906440056860447,TASKS_COMPLETED,1,3.2454203999368474,1,4.17934370005969,814,44.8,224,8,0,648eb5b3081180542fa45f366baccf47fb8db3cde219da844a7ca4d91485bf25,056ba0184e2c12775d1d67f5572350a056fae2aa3bad51d5907cdda451d3ef93,2.0652086009504274,4,crewmate
b187bfb9cfdb3c3018d7b7b5494bcf97b8854b899147d61ca6fdc2c230b37a8b,1,0,319,0,2,,161,0.004001599969342351,0,0,2,0,4.01499480206985,0.4800646008225158,0.08762999984901398,0.013518700143322349,TASKS_COMPLETED,1,5.216274500009604,2,8.107824900071137,815,72.4,362,8,0,e71c24bc191dca40f6c2c32bb7af9f6196e9884ad761cd0ec9e0791edad9b08c,2af630deef4921200773615617cd0dcee7e94ea827eb8fadb289a138a24bdf6f,3.324469502316788,7,crewmate
e543d8a94b0129d7c335a5511a948f4320c1882c7d002d6fe04d7c258491da3a,1,0,185,0,0,,146,0.003639300586655736,0,0,0,0,0.8247351018944755,0.23651829932350665,0.052802500082179904,0.009609901113435626,TASKS_COMPLETED,1,2.164486499968916,0,2.6957878000102937,816,22.0,110,8,0,857793aca1e9600aa4a61cdfcf9d7fdd62fec28dfd39bd364b0f40d21b9724a2,ce6755b75a80a0ee9def52824e96cc4e701a62a71f2139135a855165bade4db6,1.4807318004313856,0,crewmate
dcdbb6e7eb3181c4ce99296893f6b0aec203740b6e452da8d17c5d13f2775a34,1,0,325,0,1,,134,0.002814201288856566,0,0,1,0,2.5254725974518806,0.36210060014855117,0.08731350093148649,0.011562698637135327,TASKS_COMPLETED,1,4.4387453000526875,1,5.31694259995129,817,53.8,269,8,0,689c1c6fc440b8a5a9e7e8b93fc289d9a63f6648fe762fda605251c66983650b,a5d6b6cc3d97ef464f19d81c46834090875358e71766898c0ab62619bd00a1f8,2.191281902254559,4,crewmate
5f3812242da2ea239e62bd8a15e32cd84bf60f2b8791e46d0d4097101abe4855,1,0,310,0,2,,125,0.0028390003135427833,0,0,1,0,2.1540911986958236,0.37489530129823834,0.0870201998623088,0.011401599389500916,TASKS_COMPLETED,1,4.069546299986541,1,5.15756009996403,818,54.4,272,8,0,9246d24ef520ae04067bd8ff4b5cb59707321c9be47a21a69a4eb91860e94fe2,306be358ad7054435a2699d095b41374a0fc8143a687436a156b1f905a52a1e0,2.3799973991699517,4,crewmate
fdec19321feddfed4a58292637d27a57b5420a255c4027fa14707b031f827024,1,0,334,0,2,,133,0.0028387008933350444,0,0,2,0,3.053953899187036,0.45025000034365803,0.0935301025165245,0.012585300602950156,TASKS_COMPLETED,1,5.30307789996732,2,6.875579499988817,819,74.2,371,8,0,fc70b7cf4dd8b14782ce6d32a0bcb03be160bae8f257e2a103b9c156299c22be,ef66c33b24d6ae8dfc7e3a658d795fb9e1936b51dc9419b987fad3274a32f49e,3.092506500775926,7,crewmate
56fcbed73bcf7fe8d484230dbe0defc92c8e78b6b89390847da9d6d75042a5c4,1,0,260,0,1,,113,0.0025908000534400344,0,0,1,0,1.1455437007825822,0.2782149004051462,0.06459959910716861,0.008887499338015914,TASKS_COMPLETED,1,3.195678499992937,1,3.4220076999627054,820,44.8,224,8,0,6e798ab7e13e5f231a6b1fd84fea53570f83f79c2e4cce655439d4bbda411c42,e677e08776028c0db78fffc61d7507c960e7fc5472037a9c63508eb9da3b330b,1.8098942007636651,4,crewmate
df9633cb952c930687cc3b823d4c5d170ed09b6dc6674825f21606258fecfc3e,1,0,310,0,1,,118,0.010832499247044325,0,0,1,0,2.237770902342163,0.3439102997072041,0.08823299966752529,0.010794799076393247,TASKS_COMPLETED,1,4.393404499976896,1,5.136361000011675,821,53.8,269,8,0,da26151e2aa304b8bf6ee0c563ada54c057dee705c35647903c3307b6436b345,aea9285766b4bb136cb832edb6e2c1e81e7aa1f6a13425af6c9c8cbf1e7b1692,2.2904365992872044,4,crewmate
dc4cd28daef0e92ae4e5c9defdb2dc0eb99d166741866f55a3d3e75506185d78,1,0,367,0,2,,152,0.0029896990163251758,0,0,2,0,2.858220595284365,0.5089462005998939,0.09097330283839256,0.012801998876966536,TASKS_COMPLETED,1,5.79947759991046,2,7.174501400091685,822,82.6,413,8,0,8765eb2f77e318fe0f16f592da1f3ba785541746dd0d0df636622ea4747e9c05,c50e39e8304fd12a8347ed3b90031e36720a6153f7c1bb13e69928317e087b51,3.5230140993371606,7,crewmate
bb6e75fa9ab2bd1e32f58e3cc4a81d7ed5cf921c1c0fb83b51feb00f7d536eab,1,0,387,0,2,,153,0.0029603004222735763,0,0,2,0,3.050433001597412,0.5452788972761482,0.11021709907799959,0.014095799648202956,TASKS_COMPLETED,1,5.623278000042774,2,7.814622899983078,823,87.4,437,8,0,1d27c8424fd8f03bdf65df839ccc231eaf16bdb004dc7c297d92040e427577c8,e296d8a94ffce8bcf6a3d44d4394b93ff5b6c147e7881e50856ab6f5e6f8967b,3.891713001066819,7,crewmate
cd0fdf910c00821fa5e248486ac3434f75975140c9bcae37cdcd1386d1149834,1,0,260,0,2,,141,0.0029880015645176172,0,0,2,0,1.3629566018935293,0.37470189970918,0.0474001991096884,0.010048700380139053,TASKS_COMPLETED,1,3.644035800010897,2,4.731797399930656,824,64.0,320,8,0,c4413d132c5beb44cf7ff36faa80ae1bb1b0790cbb89368a5872dd38e0f9ba90,16967c15f126ce7ec1b8b3093130425f4315df1ad937536c8e0ec2b1433e5782,2.774820402264595,7,crewmate
eed9212debc479f29ca57e0e8c811d05b6bea4d263a4de19200750ad933d4400,1,0,397,0,1,,170,0.004069898976013064,0,0,1,0,2.9886743986280635,0.40788970119319856,0.09798399941064417,0.012391100637614727,TASKS_COMPLETED,1,4.132360400049947,1,6.31807130004745,825,65.2,326,8,0,0004d6c2c7a12ba06af55bfc3969c97ec2da8b3e0275d049aed1e7d660c5af48,d9fb5a4c83958ad28e3a148d09ca88de38caeecd00b00f8093e59577fc3f4c90,2.6492593000875786,4,crewmate
007df64bf0545635d084f23256f11fa4d3de2c0b4343a048bb61c43d05346a7e,1,0,289,0,1,,145,0.0031514993170276284,0,0,1,0,1.4408399004023522,0.33764379913918674,0.06512889999430627,0.011215399368666112,TASKS_COMPLETED,1,3.3438321000430733,1,4.243088599992916,826,50.8,254,8,0,fce388550f64918ce7e614f3aa422e85a47fb95a5d1b2e00e023abcc58c7831e,cc550eb530a6da152ca2cf484dcca4e390ea5c4bdb5da683b6e180046ff71691,2.245774198905565,4,crewmate
f767841fe84551cc2318a94d3327064aec0cedae4a3cae3cf70e8763da6e7955,1,0,307,0,2,,154,0.002833399921655655,0,0,2,0,1.7878907008562237,0.44404369860421866,0.05857459921389818,0.011401600553654134,TASKS_COMPLETED,1,3.897384300013073,2,5.525680399965495,827,73.0,365,8,0,b9db06a37780ef5747f4d69c5d4661a4ee1a6144c75a771214e246f598a6c542,f3afe9a348117676780e56c9b16d82c445972869a65ae1f6c08a18a42175a2f9,3.0569102003937587,7,crewmate
5060af0964c506ad7adfd8890772a23f66030ae0945c7c674749cc47aaf5707e,1,0,299,0,2,,123,0.00242310157045722,0,0,1,0,1.5489471026230603,0.29590980045031756,0.0698943983297795,0.009019101271405816,TASKS_COMPLETED,1,2.919941700063646,1,4.067741099977866,828,52.0,260,8,0,fdf4a8ea0add84be95ed43c7741eefcba080790014775d032639f50923c669c8,61f78c6b9b60ab05029e5bc5870900283a22544bea04409f7a3efdf7ce7a8fa3,2.0197670999914408,4,crewmate
7a37c3f61870179e029705474a27e165a68a159f2c71baffbeaf6759d49267cd,1,0,344,0,2,,180,0.0031048008240759373,0,0,2,0,3.214275600388646,0.4039756018901244,0.07457420090213418,0.010369999334216118,TASKS_COMPLETED,1,4.985070499940775,2,6.750010999967344,829,76.0,380,8,0,702136a9d49c595f5e2f0a02bddebcd26c8262297f138de155ae4011df7d6f5b,3c58e786391c65df36e141d0d6b7167f102fc116c0242e035cae6c7c08302f34,2.9000207976205274,7,crewmate
6b977b7c582aaaa59d0b9d193f16f7b25689418929ed6a7eadc615a002d25767,1,0,305,0,1,,125,0.002095700125209987,0,0,1,0,1.4715972992125899,0.31457900058012456,0.06188919965643436,0.009070399682968855,TASKS_COMPLETED,1,3.813982199993916,1,3.9581030999543145,830,53.8,269,8,0,dd09b30ea6749539eec0d9b5ae755ac0c394f24c4bc1640be1f420b3c2acb59c,f99b8036b6001b02aa6491948ad2fb473fcdcc97c1900a5384a1a6f5a9d646fe,1.9845663009909913,4,crewmate
eb0eb8e46691ec6ef16a1998a1796febd2cec990085246f4b0108732a18a0a0c,1,0,327,0,2,,165,0.002993699978105724,0,0,2,0,1.2149391021812335,0.4163998004514724,0.06644729897379875,0.010086799622513354,TASKS_COMPLETED,1,4.429958899971098,2,4.7287574000656605,831,75.4,377,8,0,13c4e67cdb5d1f1a22fa950e9f0e4d422df2d4fcf8b1cc98365de1eb9cdc2a88,c094c93a92eaefd9b6160026abad6856d2d14371403b5cb52681b689c7036a1d,2.870826498954557,7,crewmate
9d41ae2f003adca5f0efc50f28d588c8431bf0ede57a7ed0bc6d803445a18093,1,0,263,0,1,,112,0.0018213001312687993,0,0,1,0,1.4907141011208296,0.2592767996247858,0.04551019938662648,0.007683599949814379,TASKS_COMPLETED,1,2.893451900104992,1,3.6431586000835523,832,47.2,236,8,0,fb5a4a73b08069333fc1e24e153f020f8ed8823a68d0766234bad1820bd8fe21,5ecdae76a0e79ab669e53fce21698258237952b6f85ffe807f4242a134acc09d,1.7340422000270337,4,crewmate
75ee438d6b28123cfd3f96447b4e52974d4b8165790fb9756e99c6d44a3c1beb,1,0,409,0,1,,136,0.002559199812822044,0,0,1,0,2.4555086981272325,0.41027460247278214,0.09169289981946349,0.012332598445937037,TASKS_COMPLETED,1,4.478765000007115,1,5.7649089999031276,833,70.0,350,8,0,e7c9d5707e470ab5f764eb9f9ecae3df0e49cc04173524fd550721ba3fa9bf2e,1ed4e76a37d66694420f631cf0c7647f832c60d4edead71e3839ad1342b3b5b0,2.646351700066589,4,crewmate
9c33ac537afebee3d449147a22b0866d973efd7b0360c2790d502dbb638ca41a,1,0,302,0,2,,163,0.0029633002122864127,0,0,2,0,1.9335770006291568,0.38154210115317255,0.05695370014291257,0.009634500020183623,TASKS_COMPLETED,1,3.781613799976185,2,5.314549100003205,834,71.2,356,8,0,412d23fb7dd7eec971cf47c1d40c3849d28b5dad27c53c5161b7acb43134d5c4,e3bd150d2c785cdae5770617a579bb6b74c0d2206a8e72d78eeaf3359e264084,2.7828591015422717,7,crewmate
207bcbacb1aebf3e284a4f1591c3c50b49403833a8193698b40613b5646ba4f5,1,0,278,0,1,,115,0.001887600519694388,0,0,1,0,2.0579994006548077,0.27776470012031496,0.06257149972952902,0.008688500383868814,TASKS_COMPLETED,1,3.1840566999744624,1,4.40634049999062,835,50.2,251,8,0,d34ce17e31f743624d549b915996932bcf981cf7d743883c6cb52040c263c86c,307f3b58349890bcf812e0e7603072078df9911642a8a078d9cd231b5d456e0d,1.8854327994631603,4,crewmate
534a967fbef1770b10ce37c6032e0baf37df3dd9434033c7800ed0d92e8023ee,1,0,308,0,1,,114,0.0022729996126145124,0,0,1,0,1.95288869808428,0.31681710248813033,0.06704349990468472,0.009705499513074756,TASKS_COMPLETED,1,3.269571799901314,1,4.484421800007112,836,53.2,266,8,0,b7b936a9194162e5d5f8b4b95c8a748d4cf096a95924c39328e1f86d78335d8c,9eb6fd8e14dadcc99aaeb7e4c1df56af6b6ad4c8f701b12f25810ed9383ee698,2.017090499983169,4,crewmate
f3ded7c764d07b7093373a98dcceefcb1039ce40ac012fc9f632cfbd47fc7691,1,0,329,0,1,,123,0.0020798997720703483,0,0,1,0,2.114944596774876,0.2995532989734784,0.06394189922139049,0.008554899715818465,TASKS_COMPLETED,1,3.8039446000475436,1,4.424663300043903,837,55.6,278,8,0,31c61393ab419257173d6ebadf62c8877a0a3cd0515cec17bcc2f215908f3307,ebc55dc9c5edea8ad47a0bb5d5bb5cdb9d51d9f1c70300fdb7f59182d53c9347,1.827677101129666,4,crewmate
70d0de20c2fdbcc07ca4af1a800ba53e3bb8523e233366874149c2f52f3b3bf2,1,0,410,0,2,,166,0.003149398253299296,0,0,2,0,2.4732176039833575,0.45108039979822934,0.08027919859159738,0.01156669994816184,TASKS_COMPLETED,1,4.97052580001764,2,6.36919510003645,838,85.6,428,8,0,46414ced6393be0e71fdd63602e39cbb4b36b66282e29db3daec622976b66f27,62936c55e51957e11e2df94d8c01f45659cf51ff0997df6497cc6060cbbbe1e0,3.186336500919424,7,crewmate
adb904375c46f1ceab1720c338692dc844c435bb113a8ccbda5a1880ac739318,1,0,275,0,0,,84,0.0013699003029614687,0,0,0,0,1.5807895004982129,0.20091390050947666,0.05195689923129976,0.006518299458548427,TASKS_COMPLETED,1,3.066937700030394,0,3.042795200017281,839,32.8,164,8,0,f68b761d86939efe1e2d27f7734840b451212c851cc044f4c5398ee87284bd3f,63b11088c99ca6ac92ad1de34137323ce33f88d98caf5120e79b5917595227b0,1.130921198404394,0,crewmate
42763c5232d1fedca822c97c5dcf4b9cfd33ad5a97f60013d82585657071f639,1,0,333,0,1,,161,0.0027685994282364845,0,0,1,0,1.4982496002921835,0.298988098744303,0.0685444010887295,0.009310800698585808,TASKS_COMPLETED,1,3.44373950001318,1,3.9013613000279292,840,54.4,272,8,0,900a8236e371c0084c79a47199adc6f1db5894c225c68bb05650bb6f21c05387,521fa656fb76e966f96816f1e4322f2e25d623c634692dd19cd1102572315c1d,1.9108182990457863,4,crewmate
ffe943996ff17313aa8c2be81a7a35caf6d3c0295ba52bd7f720d1a77be4bf3b,1,0,369,0,1,,138,0.002736599650233984,0,0,1,0,3.6064355017151684,0.3320426986319944,0.08956199767999351,0.010122498730197549,TASKS_COMPLETED,1,3.979209400014952,1,6.241870200028643,841,58.6,293,8,0,078ab85d66bc4eb445f51692e1af28e1037877fd8709e6c37854a07279bdb0a4,ca2fe637d1a92b4c0444928ccd69a04087fad1020926da638f5d0129454065b9,2.0793765011476353,4,crewmate
39137c79d930fc1ffc63393e60e98c1d4026e8073bb6511d17ec8ac1aa673480,1,0,277,0,1,,155,0.002584999310784042,0,0,1,0,1.8891292030457407,0.2893666991731152,0.06126709736417979,0.008915000595152378,TASKS_COMPLETED,1,2.8789209000533447,1,4.359529200010002,842,49.0,245,8,0,381420caa8bcbd9ebfb7f5d6ee86eb7c3b87fcd27d2c2a44ec0b43f620b538fd,31c9139a066ba1a8c3bd8b072933ab935879ec1998acb82b76b04d04d1ceb289,1.9943483008537441,4,crewmate
c73c49915bb2001106efef5b7e5f50f5b4750524da8736ec4413d4635843c962,1,0,359,0,1,,143,0.0029603017028421164,0,0,1,0,2.406697397935204,0.34877709951251745,0.08716050151269883,0.015689100371673703,TASKS_COMPLETED,1,4.001419099979103,1,5.320180100039579,843,61.0,305,8,0,54341efe76d77b9151043453015a549f0e202d95b66aa6f792c18696ade62f91,90225f1446cd6c40c010f116754c49fe2b243ed7a01e36781ffcf9a943f6d53d,2.3292439009528607,4,crewmate
1bc8667a6efc49d5c0603d4c7378a8ec980c5cde0788fd40591b4f5223d04494,1,0,309,0,1,,138,0.0026920997770503163,0,0,1,0,1.6161637041950598,0.3272341007832438,0.07622709823772311,0.010712799499742687,TASKS_COMPLETED,1,3.0381109999725595,1,4.238503100001253,844,52.6,263,8,0,6eb0d25e35d273b4a131acd0d3f84170f86ae3734f933e6b4021efa11ea4e5b6,698438b4a51b62539a76dc64fe0268d002f2aae133b5d79e06c2b245262c9c05,2.080860801273957,4,crewmate
ca0e79544f9151b798b5bf1718eb8ffadde87682751c1f701325eb12be97ecd1,1,0,344,0,2,,150,0.0028727002209052444,0,0,1,0,2.737239897134714,0.3050249997759238,0.06900570134166628,0.008867600467056036,TASKS_COMPLETED,1,3.6058758000144735,1,5.272315499954857,845,58.6,293,8,0,e4e394afb11c2de5c511ad0a94380e01d556fe94666b58a861a3a88ab9304b91,d55506a5cf9e1584256b6499d03807ca3328e16f694fa77bde81e41653e2f5f7,2.0307834005216137,4,crewmate
0774c68ec2cea5cd3c0cfb892f94433daa1a60eff5a67e558b50784d8435f4ab,1,0,386,0,3,,158,0.0027195996372029185,0,0,2,0,2.149079699884169,0.40233569988049567,0.07510530122090131,0.01015970017760992,PARITY,1,4.913895700010471,2,5.637357600033283,846,82.8,415,7,0,24c86fb9a08825cf102c5a6ebe0e4131847d05b6c7a0ba066ab2b8b32a4ff0b8,ebfa96939f21f85039df37035e5d8ad9a06db28c2f708e0b2931eadf84460021,2.849982300424017,7,impostor
d5a638e71b93c1f817b663c6fd2ab442a09a5f9638dc5a3831963f32b047ecee,1,0,389,0,2,,176,0.0028350009815767407,0,0,2,0,2.484258400509134,0.4105832016794011,0.07319339911919087,0.013113398803398013,TASKS_COMPLETED,1,4.699809400015511,2,6.0005423000548035,847,83.8,419,8,0,326c367c9693f7fc2498e616e0d18763ac65290caf4d1c0aac98b6666268ede4,8f3f1909ee87005e973dc934eb895f45afb510183d14849b095fcc69cb40baa8,2.8636603999184445,7,crewmate
f5af85a0fc0464e3e9f6283444f198c96c755d1b8226e40fbcfa97847d1a67f4,1,0,312,0,1,,111,0.0020094000501558185,0,0,1,0,2.1081708987476304,0.26941209996584803,0.05485310044605285,0.007654399145394564,TASKS_COMPLETED,1,3.221691000042483,1,4.303585799993016,848,55.0,275,8,0,759bd320dc6a0d50848c71b2cdfa595cb33f74dc0c00a8510a7f121632156a76,f707688d6c0187729e99b850a03a310fdd2b1c920623037862153eb78af5d9d7,1.7644832987571135,4,crewmate
f6d9f67e801243949e82f5beeb456b54cb4599cee8ecba2c14a46c9a911e6e5e,1,0,312,0,1,,156,0.002791399252600968,0,0,1,0,2.2840366984019056,0.2640988001367077,0.0626518017379567,0.00836020044516772,TASKS_COMPLETED,1,2.978275700006634,1,4.453436400042847,849,52.6,263,8,0,6004e5601c3253c633b58fe11960d953cd49b6f5cf15d1968bc9808263ce25d3,85868c406829599dcc52bc9da7f13e44390accca6a4d64ade4d4b8ca78612463,1.7247273996472359,4,crewmate
4db10baa9aa3455e15de18c1701ea47ca6f7db066727b08d1077de1dfb7dfd5b,1,0,288,0,1,,151,0.0025545996613800526,0,0,1,0,2.0745661017717794,0.2469994993880391,0.047554900171235204,0.00715750060044229,TASKS_COMPLETED,1,3.0959100000327453,1,4.131090699927881,850,50.8,254,8,0,d840c5254118e272801195fa7c0ebbea9a1cdab9b34ae3e929d021324e606719,8cd59b61fc588aff86927dc5b4fea436274e0cc34125ef9c05aea86618bb6458,1.657689998159185,4,crewmate
f3643693ee9a3268470dcc98f4e1dcdb5ade924184a9361d07d197e5ae61dd6c,1,0,407,0,2,,158,0.0022567000705748796,0,0,2,0,2.1051599016645923,0.3951225015334785,0.07397930102888495,0.010365400114096701,TASKS_COMPLETED,1,4.226804599980824,2,5.531350500066765,851,83.8,419,8,0,ad824026a3eb6eb484bacc66469ee58facd5137411244c726c42cd721370f854,a0291ffa973ce00ea0ada9e9e4d153c5dc52d79fe708fabf56088eb27695949a,2.7996365022845566,7,crewmate
5cc78b78a582fd96784c67da5c10175299c3025b0ae7026f4feba6b5f16b5d73,1,0,328,0,3,,154,0.002379599492996931,0,0,2,0,1.4733255981700495,0.36658220225945115,0.05748970014974475,0.008757801027968526,PARITY,1,3.835565699962899,2,4.671402400010265,852,77.4,388,7,0,6f51afedd53492bee35324b89ec6505b9f0d0489f01890f36db62dcec1692a24,79fc87b709f3cfd440128e6d8ef544af14d7b510c4e660fcc6e0e0d63c763d83,2.6272719010012224,7,impostor
9ace39ff20c438c7ca49dfe4abe2d27f0aa8442f8328e0dca31d6cdaa141ad39,1,0,329,0,1,,112,0.0016628005541861057,0,0,1,0,2.095307000214234,0.2921563016716391,0.05748209962621331,0.008318799547851086,TASKS_COMPLETED,1,3.137759800069034,1,4.422322999918833,853,58.0,290,8,0,9a465ba9515f82cbc563a360f159a0b187cd96cbce484146da30b259062956b8,9cf416d441716ee7b940f2207d68754b8dad8cb51cc0130e5b323cf1587a08a3,1.866546999430284,4,crewmate
e4d2aba520ad109e1ef80678c609a3aec4de2d6dbb712f8815461e326304b942,1,0,300,0,0,,93,0.001814799034036696,0,0,0,0,1.3094078978756443,0.20507389889098704,0.05639969860203564,0.0068647004663944244,TASKS_COMPLETED,1,2.2594635999994352,0,2.87489220011048,854,35.8,179,8,0,47027b97b037af527ae9b1767d0265d5938fd2cdd14baad09bee11fa71b6631b,8bbf703d030ab25672c68daeffbcf10aa9de1fd780d6a3d0301ceade15729cf7,1.2253837008029222,0,crewmate
0a7d83c2df1c8c4146319f9c959cec7d374a50135a9dee683bfdda54910fdab4,1,0,275,0,2,,142,0.0020362004870548844,0,0,2,0,1.6868965990142897,0.25584839924704283,0.04228080192115158,0.006241702125407755,TASKS_COMPLETED,1,2.9355606000171974,2,3.989748799940571,855,65.2,326,8,0,04b85162b3fb2b4061b2760b98590a263eca486fff3fc666106badf9517ee6fa,578f61167de47bb23df8a5adcedf091824c4385fd986a13120fd9846a6ae285c,1.893497499753721,7,crewmate
55495104f31bc1f8d7953ad6e48acb69b561ebaef477b8fdd1bc60ef93dac40a,1,0,329,0,1,,116,0.0018529007211327553,0,0,1,0,1.7742695983033627,0.2613269010325894,0.05772210250142962,0.007564501138404012,TASKS_COMPLETED,1,3.1141754999989644,1,3.9455822999589145,856,59.2,296,8,0,9ed119977521fe0a985006d9396daa94add955cf187b24b1b2e9dad4260ba9ec,9ff6e508eefd608748030eb020411add6a83928e5914020adc844e2508f5bc4c,1.7439478982705623,4,crewmate
fc1267d08d6180589366ed6dc1715553a03fff6d22c4e459a887986044e09199,1,0,371,0,2,,176,0.002859100350178778,0,0,2,0,3.913134897360578,0.34167890006210655,0.06628340191673487,0.009175000013783574,TASKS_COMPLETED,1,4.592471400042996,2,6.794292300008237,857,77.2,386,8,0,cf32dbed3d32f4145658450a71f128ee8cc9b8b1ffa7a27fc66a310a2fc0f379,74e87ffbd8387350bded78c5dcb1f830815a8bc81e3f5c6886a02d1b3b1a4090,2.3375471002655104,7,crewmate
12dddfa10ecba376b4c675f418b9ad94fb4115b0d505c2fd185ea1b7e5da7119,1,0,377,0,1,,132,0.0021277994383126497,0,0,1,0,1.7479201984824613,0.2856915988959372,0.06705959991086274,0.008354599587619305,TASKS_COMPLETED,1,3.7991752999369055,1,4.101919100037776,858,62.8,314,8,0,80ca5c2598263831c03fd1d1a0a2d1e75aaf521e4f093548e422d5e7eb56638c,f5bc9c33da6c3d7c94a77b0c841a80728b1c7de5e25015f74edb6f1ef3c366a0,1.8859473980264738,4,crewmate
ebc8e68cc9b5827688d53fd34b18a44d8e41d3607ab5589c4723ba06ad4ff3e9,1,0,427,0,3,,214,0.003337998758070171,0,0,2,0,2.8301569044124335,0.4636698010144755,0.08592700015287846,0.012622998328879476,PARITY,1,4.9463226000079885,2,6.707607600023039,859,90.6,454,7,0,bc0809829c11f90f96622bb713f39e7f76eead18068328fb81cae39d4863790f,4795282aba0423a03a3472ee92a8611e8eaef749c2a4694d6d5879a4d221a576,3.1524610017659143,7,impostor
f03184fb506cd4236a95d9889018fde31888a8539e22ff8b8f2e0d2280224a3a,1,0,350,0,0,,117,0.0020295007852837443,0,0,0,0,1.9044216990005225,0.21157230040989816,0.06019489886239171,0.007255399250425398,TASKS_COMPLETED,1,3.2589855999685824,0,3.5042320999782532,860,41.8,209,8,0,de5401c8115205e0898f53ef1b65c98eea159d67a43622f03210e60fe1511294,aead8c2288670a7c468fa53a949edd589c8ef046b35c16e11ff896015d4a408a,1.245404999353923,0,crewmate
e0666ff91501dadf1d4784aa204d2df251093a4e7cdbaed33347dabb1b0506d7,1,0,414,0,2,,178,0.0025540997739881277,0,0,2,0,3.136848498485051,0.41585189930628985,0.08769580058287829,0.011177800013683736,TASKS_COMPLETED,1,4.972005900111981,2,6.691276300000027,861,86.8,434,8,0,2a2b80961f8cf00bd56f377babfbeeb405a177bbd076d176bf33e09ff771cff2,9072801fa2100c43dfcee0a23b70a13805bb950741d936cf0c68fbbe00548e10,2.889446001732722,7,crewmate
8cab13fdd74131d06637da1e2117aa83226a7ca3178a0f32f3d5c8ebbeb77b99,1,0,326,0,2,,145,0.002224799944087863,0,0,2,0,1.8182203986216336,0.36174730001948774,0.0712317016441375,0.009022900252602994,TASKS_COMPLETED,1,4.070555200101808,2,4.947977399919182,862,76.0,380,8,0,8642876aada66c786a3c71636ef43ae4ba36fd03928b8704471f5def0db5b370,09d415aee36ec2be659fc2ef2c84774f0adf410ea50e50be442756a691d71969,2.5577810992253944,7,crewmate
3fad29cf147ec5b0206c021f13089217bc4bb9cb2e736effae4263807797f4a6,1,0,265,0,1,,123,0.001990400138311088,0,0,1,0,1.43657009920571,0.22319889860227704,0.05155669979285449,0.006897100480273366,TASKS_COMPLETED,1,2.391380099928938,1,3.224344599992037,863,46.0,230,8,0,c9ad4890836ef20d46b5934b802c72967e9869a36d2ec5b3c6ee9ca91e340696,9f84121310f69c0ce33587e524c5135b10d534d67b4f15795f2009b0f1f3845b,1.414517399854958,4,crewmate
f150b2906474d86b6809ea8fcffad678e3dc9489e42d3a714900c9361194e348,1,0,290,0,2,,142,0.002270199009217322,0,0,2,0,1.8525262996554375,0.28763510088901967,0.05371950101107359,0.006966101936995983,IMPOSTOR_EJECTED,1,3.2728649000637233,2,4.386686999932863,864,65.4,327,6,0,639b8c60014cdc96dcdd1aa951c047aaa47ff7278e5de98c0e1e53cb90da9ea8,c70db2edba3896002e1bdcdb93eef352015c576e8af5b6eee44c1f80e8812052,2.0683742971159518,7,crewmate
7b1c03d125d85cd09159740d5b41bb84b069e6a09e9554660cda841cb4719fad,1,0,202,0,1,,117,0.00211349967867136,0,0,1,0,0.8692962987115607,0.18472240085247904,0.033369599492289126,0.005556399119086564,TASKS_COMPLETED,1,1.9027250000508502,1,2.4393407000461593,865,38.2,191,8,0,05a4f2f32c6485de0c7db944755f18efcb331ed5d7bf3f84886f77ff78f3338b,cf8083ea55493e95506e3ce4508301769116b136a704950e525507b2c3be9ef6,1.26320699963253,4,crewmate
f07dd435126ddf953efbbd1ef2ff8f6bd2fcd1abf69930f972af5905ea4ec896,1,0,344,0,2,,141,0.0022558997152373195,0,0,2,0,2.5345612978562713,0.33766779920551926,0.059328603208996356,0.008864802890457213,TASKS_COMPLETED,1,3.325310999993235,2,5.352373300003819,866,74.8,374,8,0,73d3c6d60219e24c96a0fae64127f5fa7cbc4e3d02e495ae2d422a7fcee1cac9,b50c9dc97cf9dfd7d1e6e88e9b8e3d2c139195e474992d1975b9c65d72226bb1,2.2832217981340364,7,crewmate
9d6f4b37fd23fa9d7b2675d3dde6f4bc3cb9e3a64b01df02141125deca7965be,1,0,329,0,1,,109,0.0019832010148093104,0,0,1,0,1.733465800061822,0.27896179899107665,0.05378040100913495,0.008322100504301488,TASKS_COMPLETED,1,2.8799420000286773,1,3.9458150999853387,867,58.0,290,8,0,0c9aa3568c39885c818135fe3e31dc233df58eeea16634976f5990e2bfe914d5,3e62fc38c65c3abf56d49cf9b5e7c5a17eb3f5f099ca9d47c25de6a82bfe6e70,1.7669394006952643,4,crewmate
e6ac6f57b6c715fa1a2d75c03e636890366f06e9b2472ba4a3b78c296d07293e,1,0,290,0,1,,105,0.0017971993656829,0,0,0,0,1.9932582024484873,0.18941210070624948,0.050293900072574615,0.006331100361421704,TASKS_COMPLETED,1,2.301923400023952,0,3.3790007999632508,868,34.6,173,8,0,0b935d27597c4b38b348c922c038c7395712049980a6c42f7c2159395920e3a4,a0f0237665bea7e820ab25ed1d9a918ffd265f2358ccdfb51a1ba6f99ec8afeb,1.0680711996974424,0,crewmate
26e6c74d66575a20199f5fa95534ec8dac18f47d2f021233a3e21de903d94a5a,1,0,175,0,0,,97,0.0013890997506678104,0,0,0,0,0.5985019985819235,0.11951800074893981,0.02307470072992146,0.004002399160526693,TASKS_COMPLETED,1,1.3080366000067443,0,1.529586699907668,869,20.8,104,8,0,e345d9395af90a9bfd797ed9369e334ae1cdfb105e41560fa553eaf0e06ff26f,ef75abafbb9fb89200d30f022acec1848c455de5db125a93c13a311971e801da,0.7375287000322714,0,crewmate
8a0c06114397c5d4278346477d403f6bcdb193f98a5b71321df2e05fd83b271c,1,0,379,0,1,,133,0.0022400994785130024,0,0,1,0,2.100184496259317,0.26495449629146606,0.06202980189118534,0.007802300970070064,TASKS_COMPLETED,1,3.665797600056976,1,4.2079091999912634,870,61.6,308,8,0,5a225045c86047e1f48d432ee9730415f9b619ac21483bb33c93f9ffd51517d7,c0a52bbc4690ed9b455e78641675e4a29cb7908bf475143b019e1687dc19b672,1.6721190987154841,4,crewmate
a16f99673c0033f7b6784e223b04e3496fe5057fb223bf804439d9844c292041,1,0,408,0,1,,137,0.002126799547113478,0,0,1,0,2.3597277018707246,0.3120160005055368,0.06431079970207065,0.008650199510157108,TASKS_COMPLETED,1,4.39255490002688,1,4.94757059996482,871,69.4,347,8,0,7335133f56c6e2daba3512c960d522e7470b780c74fe6153446cfc304e63efc1,3498ce8a927ca563e62d644898626ed89cd2963aa3c80a15192b0d3555b3f196,2.091701999423094,4,crewmate
356d7116e03754ea491a1b09395ba1320572e1a68772a9d95e62bc9f8fb74917,1,0,368,0,1,,118,0.0019521001959219575,0,0,1,0,1.7622665978269652,0.28333669959101826,0.05990490177646279,0.008214001078158617,TASKS_COMPLETED,1,3.5865468999836594,1,4.130954300053418,872,64.6,323,8,0,bd40b4bdad0a31acb7a68b9373be6a3f91109be9c5e75aad4f2ddcbf47fadd46,34b5696b8a8f62c25239331a38bcd76d2645b38f690cdb97a2dca0ec4fa6bf06,1.9170575004536659,4,crewmate
51c66ca3634d2bc989a4287c297952bbe43b75b1e2299254be3a41f6a699b98b,1,0,346,0,1,,129,0.0018941002199426293,0,0,1,0,1.0717996994499117,0.25058929866645485,0.05484119849279523,0.00742000003810972,TASKS_COMPLETED,1,3.053828899981454,1,3.187517000013031,873,58.0,290,8,0,cfc2511c5580a4110b0078e120fd1d949d9e0bca43fb330dc4c82bbc4f3366ae,8dcdb31ae64169dd2a4d79331585e4e7a152435ca0ea6b02411d05c5a6a5572c,1.7091384996892884,4,crewmate
c93d2286dad5e173f090cd2ac47afa6704307d0d7069fa738b9e23f701db4f6b,1,0,432,0,2,,190,0.0028446995420381427,0,0,2,0,2.341585101210512,0.42289229936432093,0.07762349874246866,0.011163699440658092,TASKS_COMPLETED,1,5.248868099995889,2,5.812190000084229,874,90.4,452,8,0,20f2a7255be2d48431a7ba4ff5f7b708d075e4a617cc7d36f1f374f8fb8f7f1b,4acad7685f88ccb34a3fbd843882fd883f5d01d324365c89b7e7c35a399a78e8,2.810681799193844,7,crewmate
bf324b356d7a1f02ebb28b0ac71e1e9c109d19e4e4162c0999a6da43c08144ad,1,0,355,0,2,,188,0.0027875996893271804,0,0,2,0,2.376481198007241,0.34330669906921685,0.05776449933182448,0.009253899799659848,TASKS_COMPLETED,1,4.826016600010917,2,5.356855700025335,875,77.8,389,8,0,3052669e55570149f49e734318e25e53657b836379853b2e40000fbff1283d4e,d7ec3cc5d75b66f1724d4c6e94edf12cfa310c041ce1a1eb9e467c9ce318365f,2.4377780985087156,7,crewmate
1373d2a2b6877b3a622060645d217bb2983a5e9efcdc80e69cf86d8ac0ae7f8b,1,0,363,0,1,,128,0.0019788998179137707,0,0,1,0,1.7705639988416806,0.3033147001406178,0.06320960051380098,0.009174100123345852,TASKS_COMPLETED,1,3.5650093000149354,1,4.185812099953182,876,64.0,320,8,0,d2f57938a4d5fefb221849afded0cf82cd7c267c71aad9814d4b011c9eb8414b,aac7f9143a2ca7b2480d3b93e6314dae31797084869cdc2caff1a1b45f381d11,1.9352109997998923,4,crewmate
10f261f22a7e6526c02e2316567287bb37868196961eeab273c501f92db0a021,1,0,321,0,1,,164,0.0027059995336458087,0,0,1,0,2.519324799068272,0.26194650039542466,0.05478989868424833,0.008131999871693552,TASKS_COMPLETED,1,3.6649113999446854,1,4.680434599984437,877,55.0,275,8,0,9c3ada8a38a25c9de4a6337837811693862835d38089d2e6ded327ee74800c60,1f8e07788b10fbc38259ca03a904e73b7ac0a059576212088f000793967dba01,1.7401895992225036,4,crewmate
984710191b6a8469e5c688dd0269da94fee85ff3e8a3266f2584ce75f8ef06ac,1,0,225,0,0,,77,0.0012267997954040766,0,0,0,0,0.5219230010407045,0.15336850052699447,0.03422609902918339,0.004820999456569552,TASKS_COMPLETED,1,1.702426000032574,0,1.6040662999730557,878,26.8,134,8,0,4b1017576ad203680e134cf789dcee27c3cfc9231c741f4f3ff6300550d1b126,dca75d218d890eb79724744052e09a41ebeeb762f27b6f2b5c2aafc94a1e3b41,0.8356663993326947,0,crewmate
5528ebcbfcaea4d830aae953fcf002a126b39ac0af83c06190b7efdb60b25897,1,0,403,0,3,,183,0.0029422995867207646,0,0,2,0,2.233150697196834,0.43688549927901477,0.07543840073049068,0.010697198333218694,PARITY,1,5.292087300098501,2,5.941342700039968,879,88.2,442,7,0,79fe649df02146c228f02f61dfa41250af78b92e4f371d21bec3e0930828fc1f,01e73dd60480bcffc68448b1267e97ec8c996dd4ba725b6fcfb720f29fbfed6a,3.0262889999430627,7,impostor
88b0506d52ea9b7674158b2c61543c5f48f99904277ca257288d8f86f1829a07,1,0,381,0,2,,159,0.00254949985537678,0,0,2,0,2.725463098147884,0.4077401007525623,0.07475719985086471,0.010553499800153077,TASKS_COMPLETED,1,4.812003599945456,2,6.168325199978426,880,84.4,422,8,0,4c7ba2bf83b0c0feb9961c2ef9cba58f3941b62ef53e85b2cced0798c9f5e98e,5ada8cca6057a94b7079a0f1fdb79a7e02b0c41ad2894a1d251d68fcd5b0b285,2.796945699607022,7,crewmate
cca2b1161a5b3e575832d7947c432079d3a6eaeb3a2552dea3458a4038038446,1,0,290,0,1,,118,0.00199190026614815,0,0,1,0,0.9677414000034332,0.262267999118194,0.0532777002081275,0.007840399513952434,TASKS_COMPLETED,1,3.213784800027497,1,3.1133332999888808,881,51.4,257,8,0,772fe66c554dd721b309f06d42e536832c5bed0ba70d5c1aa8e045ec1c4b8207,f9c8ab48f5c2b11debb3eeb384bfbc2364a0c244210fe270cc92243b45544202,1.7234304000157863,4,crewmate
ed700606e6d2b52e128ad4b8d6cd520646a56202ab3b34dbe4a94f6fb88a5235,1,0,268,0,2,,122,0.0020134003134444356,0,0,1,0,1.5917489007115364,0.26487929932773113,0.04766019887756556,0.008023799979127944,TASKS_COMPLETED,1,3.2665979000739753,1,3.7020524999825284,882,48.4,242,8,0,7d143b1b5ee2e0e4077de0c290e840d920f26bc6f780186de724a623849e6b40,fb9484afe8b0d4c4e264300eeaee39b346ac589fb7229fd2f96a5405a0ef59f8,1.6841378009412438,4,crewmate
4317acb8dfed794edca0fa300a91c650b5428ba1c725d4022149d848d5cd3f8d,1,0,294,0,1,,112,0.0022607999853789806,0,0,1,0,1.8869148993398994,0.29993910051416606,0.05867770023178309,0.008382500265724957,TASKS_COMPLETED,1,2.9800308999838307,1,4.297380200005136,883,53.8,269,8,0,79465a5f0dfb8636ef578e96bc9f7cf8a2bd52a16a9ad17d20b6480ed0c60b31,d50bf6584c028d546a334a60beb37eb91f8b796e9ad67c490b579c06147f9821,1.9309902013046667,4,crewmate
2e37d709190fdc9b393b353b50ab47001eb150d55d6585ae3456e822b9c055f5,1,0,321,0,3,,133,0.00222619972191751,0,0,2,0,1.882871899404563,0.3719697011401877,0.061567998956888914,0.008951599593274295,PARITY,1,4.718555899919011,2,5.2599336000857875,884,75.6,379,7,0,2e94d58d89ddca27608175e1bf6e6077b5cf51544919378f2629af02dfc545c7,dd7bb0c753da24de2a3556fdcee2280b753c7838c7318cfa53fbdea4263a477b,2.7888881001854315,7,impostor
bdc4030f0a7c4cc66b8caed01d7934ba992f2017e6e64623f5a449272289d900,1,0,231,0,2,,149,0.002747099846601486,0,0,2,0,1.3431322013493627,0.2736095996806398,0.044586699339561164,0.006650600815191865,IMPOSTOR_EJECTED,1,3.5885183999780566,2,3.752903599990532,885,57.6,288,4,0,1ea85ec3a0365d71427f78ad991b9f6e3af58a6ea78d762033757cbeb6565a45,135a8e7c22284d093f6577e12c516d434ead405f462a464c1519f785e3b4f9ed,1.9713691991055384,7,crewmate
b4ba22b5c7bfeba9bbe9729f2b9b9b8dd1ed3d63f8b57b808d53e070cebd35fe,1,0,303,0,3,,198,0.0031971995485946536,0,0,2,0,2.134927899693139,0.37406050134450197,0.05996219953522086,0.009347799699753523,PARITY,1,5.19070780009497,2,5.393446100060828,886,72.0,361,6,0,2d00ba72b802340ea3ac7f72135db1c2218517a7936788b056fcd186a3f04ede,ac8d8210a484e444b1817b55b1e0324576569f2f1af05233c3ac5cb07b6a8cba,2.661547099822201,7,impostor
a2f96e769f12a334e8fc131e8f08845a7a189e88ee5b11caa1b206c489cff51c,1,0,367,0,2,,144,0.0023686998756602407,0,0,2,0,1.9035122061613947,0.45170459954533726,0.07361089903861284,0.011140500195324421,TASKS_COMPLETED,1,6.8430473000044,2,5.731757100089453,887,82.6,413,8,0,0a7b735f461c2374d0abddbff7f8c9490349226f34f41f8bf78471213c9a21f2,7bf46436e0f6d1f2adcfe479f7e7ad7f580aeeae99466e3daa8d8117b400426f,3.132301698788069,7,crewmate
53fe690a9031699ae10cb5f96f09ca6aa2023771bca6f3c0a8cd7838a2f73fe2,1,0,304,0,1,,112,0.001961699454113841,0,0,1,0,1.673907897202298,0.2696079001761973,0.059117800439707935,0.008168399799615145,TASKS_COMPLETED,1,4.40798260003794,1,3.824832700076513,888,50.2,251,8,0,d485b57a24cea713adc937fd66b04939128660cd60879a31e99a49079c698301,25b4febce22b221a5b785a22963daf5572c3820a7210422bc780a2a22c71ad3c,1.7069216010859236,4,crewmate
005555b3e8402403dec64d303ad77487e1184e53315a7adb5130a4dfcafda543,1,0,317,0,1,,144,0.0029850989812985063,0,0,1,0,2.2567891975631937,0.37611660070251673,0.10021520138252527,0.011669498984701931,TASKS_COMPLETED,1,6.236581600038335,1,5.435464099980891,889,56.8,284,8,0,c40592db81789158596d889e662bfaa3e3722487ff929436517ec70b44235734,b0443ffb24c09558918b36843940ad2f1bc503b1120f1c9d9d6dac4974e03ad0,2.531053100596182,4,crewmate
4647843dcaf60f37e3fc38790236fda09e49a3f0507ee5fb44b38751f1aa9547,1,0,403,0,1,,157,0.011463700095191598,0,0,1,0,3.042757699266076,0.4193079004762694,0.11322529858443886,0.014120199019089341,TASKS_COMPLETED,1,7.174074099981226,1,6.697701899916865,890,64.0,320,8,0,f3a0e46fd19f60758ab6f583856382440df4f6f177ea31a56e72b07df60c2ed9,29a9bdc97c45dda37073e2f448a478098aedd8422d60a3dca5a876e96e24cf6e,2.92928950174246,4,crewmate
7c9252362a951bd3c09a433d139a782990e2d13574453aa1c491dee48452772a,1,0,308,0,1,,123,0.0023048995062708855,0,0,1,0,2.5784509961958975,0.3266575983725488,0.0777619011932984,0.009621300618164241,TASKS_COMPLETED,1,5.8320201999740675,1,5.2558943999465555,891,53.8,269,8,0,2f145b37b116a7e4a25987c2c3f9ce008785dba0252cf2c3814574f159e33be5,748d2a46d3ef924eec941441c93db2008b6f4462287da2708c6add2f393f720b,2.1378658015746623,4,crewmate
68668b7590d7ee357249a34c71c6a82632834c03e2964d1a32547f2439845645,1,0,345,0,0,,116,0.0024098993744701147,0,0,0,0,3.557655902346596,0.35167719842866063,0.11383979942183942,0.012169900932349265,TASKS_COMPLETED,1,6.119824199937284,0,6.196574400062673,892,41.2,206,8,0,aa30d9a2891d8de7d72562253bdb7fc9b1d55b889a7fc441117ec084d3b49469,3bf1879fec240e2cec203f111ec3a298d73496af277d2132aec6a9099e5a996c,2.035396098974161,0,crewmate
b83f8b87fffa0938a066077667d3cce02492cb50e1cfe1133f234ee21e2c56f3,1,0,362,0,1,,179,0.004641599836759269,0,0,1,0,3.8826568971853703,0.5974997021257877,0.13223120186012238,0.016710898955352604,TASKS_COMPLETED,1,5.611093000043184,1,8.556291499990039,893,63.4,317,8,0,f066d69ebb742d9f7d48a38cad10f12a595f237ac2c94159750555b093582124,c6552a55a3179405a80d50fd6f7cb8d1d9b9166915090d87de14e59c67fb3607,3.7263319017365575,4,crewmate
3172971aa471c891479dcfe8b2884f60ecc2fe190eb99379254c4bff7b0f154a,1,0,307,0,1,,153,0.003527100197970867,0,0,1,0,6.187735898653045,0.44316789833828807,0.1142474003136158,0.014242600533179939,TASKS_COMPLETED,1,4.467236700002104,1,9.710057800053619,894,52.0,260,8,0,7a465b6b1ee7d9fb451b9041d08236e62a543a5322af4118bda2bbd58d083f16,f899643b9927e31f28bd6bbbecc02b6d53b00566445f906448c783cb3b1ce26d,2.780080598196946,4,crewmate
3b0b4b18eb10290e1023a6c1bff56424debb8193ef753eeb0fb08171e256d544,1,0,364,0,2,,153,0.003957100328989327,0,0,2,0,4.13666730246041,0.7191577997291461,0.12297849997412413,0.01864539983216673,TASKS_COMPLETED,1,5.93607139994856,2,10.312909499974921,895,82.0,410,8,0,7cc46f1896c8d3e071ebf83011b8d6500a43bfda2744afd5758860b20df0bad5,8f77f77c8a88de5f6fa4a1ac77dc2a8578dde4eacd60c1a9b2042a420a5b7014,4.999549599830061,7,crewmate
321a5b26856929feeb59dc916f2eab6e2a31155286e5db352c06fdfd754d7c4e,1,0,390,0,2,,171,0.004762900294736028,0,0,2,0,3.3090349037665874,0.6383452004520223,0.13657569733913988,0.019082199316471815,TASKS_COMPLETED,1,5.2523586000315845,2,8.534519999986514,896,80.8,404,8,0,ca1ad185234c9614763bca05fa711f8bfc45af00277be2c881f9c983621ad45a,23e659a5d18b1b596964c19efebf52bb74495f34acabeaa342c49b4d3f0ac9e6,4.195732100866735,7,crewmate
0b8161c12bea529fa2a061ed6eecede0e06c3cea926765b19be817dab177f1fb,1,0,360,0,2,,153,0.0033875994849950075,0,0,2,0,3.6959297977155074,0.5560137992724776,0.11281529848929495,0.013934099697507918,TASKS_COMPLETED,1,6.0224493999267,2,8.556557600037195,897,79.6,398,8,0,7493ef02ad20a48989f33869a61a30ebb9f71a2311171ba642d5714945cf3653,5c990dc4a435fa94fd6a21822773bdb8c95ff461521e9f4ee554c72169ddcc8f,3.946624801144935,7,crewmate
71e21f6e35888c5578fbc62d5a913d609604814671c8b9d4d5e9bf5bc0c105b5,1,0,366,0,2,,205,0.004848199896514416,0,0,2,0,3.97115260141436,0.5852388021303341,0.10436579724773765,0.015599898644722998,TASKS_COMPLETED,1,6.599836400011554,2,8.871598200057633,898,80.2,401,8,0,4a82c81b712534132003d16219d552fd9ae711a21c129317f8096741c97bb516,939074bfc8e534b37d3da6006d65131543293dc535b95316e377781f9d7e33f8,3.957995600765571,7,crewmate
8bf0ac5e13811cfadd33f1f13fd025d87b65775c7f1122f0e844675b8723f479,1,0,361,0,2,,156,0.003983098664321005,0,0,2,0,2.2403189989272505,0.5347484992817044,0.12066150037571788,0.020137400133535266,TASKS_COMPLETED,1,5.663127599982545,2,6.723467200063169,899,79.6,398,8,0,95e83cc2d4f43275d0f276a7bad13cd10b08842c108bac1d7524e6ad3c3f459e,25a286bc588d80080861a77f1ea70a08df62368d16eda1c7565cbb739290ab83,3.602526798727922,7,crewmate
6cada48b227209aecfbb178c8d556c2074263c3c9513417fbcf0fc6f1514f2e1,1,0,177,0,1,,84,0.0016731990035623312,0,0,1,0,1.671709701186046,0.2255853993119672,0.05973419942893088,0.007257100427523255,IMPOSTOR_EJECTED,1,2.0102786999195814,1,3.560594500042498,900,34.8,174,4,0,0abe414ac8122f1a37ca527890adf9ac918c135d9f2e7b63613a225886a222c6,0833ee8314660143717409efcd2156ca6f3870a7521ffd32d19a7af263572609,1.4917467993218452,4,crewmate
fea191bdcd6f4ab9560b8970c483636b8a840c39a695447d9cc404efcb07161f,1,0,247,0,2,,152,0.0025934992590919137,0,0,2,0,1.0255530994618312,0.3465872996021062,0.03982830047607422,0.008053499273955822,TASKS_COMPLETED,1,4.041030300082639,2,4.090647499891929,901,62.2,311,8,0,a933a28e49dd701e0e27769bd7209ace9e1aed0026f74bfa0d501328b0b4611c,f4acb259dc60f6fea0de71b363289a052c75d0bac2cff4c79d2cd86f7fcb3c07,2.5319305007578805,7,crewmate
6ed8f5692362f827d938a80897da688e61a1c4172d3097830f0a94f27b7824f6,1,0,314,0,1,,134,0.003286200459115207,0,0,1,0,2.356370499590412,0.35909619939047843,0.08281269914004952,0.010560000431723893,TASKS_COMPLETED,1,4.930342299980111,1,5.220270699937828,902,54.4,272,8,0,c0f0727a4e194393426aa6691581d86966be6040d76026b32b31807952af024e,03c9f67cb57209a268736e22e216227712b39b6e965a90dec62e80fc6ed5a8b0,2.2740126005373895,4,crewmate
ee92fb174736c8cd1ce7a2694b9b438687aa9410623d5c464915196baeedf1f1,1,0,402,0,2,,157,0.00326520053204149,0,0,2,0,4.963531594607048,0.5785849990788847,0.12441660347394645,0.014556199894286692,TASKS_COMPLETED,1,6.299956200062297,2,9.788814899977297,903,86.2,431,8,0,e1ca0d570bacabee1c5ef0d9e03372d52dd2e7717da3bc09b70960eaaef19f4c,57f8b0096a758b6da5cd6a1bce5a3baa08c05d1ef6a27d36c2645299a1dac09d,3.8852580011589453,7,crewmate
25c6bc9af46df3dae2bf22684e2d80761c5af8ec4696b9513d86d33e5fa5b6a0,1,0,387,0,2,,146,0.0031986008398234844,0,0,2,0,2.441589797846973,0.6344270007684827,0.1234994992846623,0.015883700223639607,TASKS_COMPLETED,1,6.203250500024296,2,7.785497499979101,904,87.4,437,8,0,1b671cb40cedd0509fa46bd49264f68bd7f5d23f56987a820cfad6ba61e957da,6c664692a1fc3fa7d6d56884378fd92b1870b15c8a990cab260fc2c779fcf1ed,4.333740600035526,7,crewmate
545d68f1557c89f718b9ff23d02e184f96ce8b407805d22b4d16d4c9dfc184a1,1,0,364,0,2,,171,0.003903100034222007,0,0,2,0,4.128860701457597,0.6146542996866629,0.09856379998382181,0.015544499270617962,TASKS_COMPLETED,1,6.320588100003079,2,9.231555600068532,905,83.2,416,8,0,1c21ab88dabd471874056b7e83fd4cf1fd28609e29cef1d29bedccf087b31e49,397a8800a58c71999322aedaf7e82b234c5bdcfd5b0243c8638b0685416ed42a,4.124749798327684,7,crewmate
960c6a47b9a246d675de7f76e727a25e3a559c2d18f3c6564f83ab3a04c89c6b,1,0,302,0,1,,109,0.0030835019424557686,0,0,1,0,3.3458750006975606,0.4024591000052169,0.1618678002851084,0.01303939986974001,TASKS_COMPLETED,1,3.9615496000042185,1,6.585552200092934,906,51.4,257,8,0,fc6ef55bc8c599b0af7c7a77edcee2aa687a6bb696e0ca83530005323f76b87c,14abd5e5306b24735d56cf968200a49eda71a2b643335c1b38cc9a956e68313b,2.501838297583163,4,crewmate
302e1e1d632b993bc77b18f34dd938084939ddd8a2cf9193ffe10e5cb8e34daf,1,0,373,0,2,,149,0.003451899392530322,0,0,2,0,4.1050358968786895,0.5038908018032089,0.11519690079148859,0.014528499683365226,TASKS_COMPLETED,1,5.403481000103056,2,8.410507699940354,907,77.8,389,8,0,54e85035eb276ad6685377942e9fe703104c6f3afb511c6c9350ecadd0e7bb9d,a1b98b8387b55225186aec6c0be6694c3b2212f0118acc70af41c08af00fe251,3.461228199652396,7,crewmate
6e4595a4f8b3a2ba15448e50702ca66a712758e0e34f6393442a9949195100d7,1,0,349,0,1,,163,0.004198300070129335,0,0,1,0,4.385527197853662,0.4367646009195596,0.11599730094894767,0.014061500085517764,TASKS_COMPLETED,1,4.621743299998343,1,7.761423900024965,908,56.8,284,8,0,720f3efffc7a406f7b80681d0a432239acfadcc46ef26f81537bf79f98d8de6c,82ad87681dd8e39171f36e92dcc6fbfc56eac8d2850ef09af8e2dd0ad1bec671,2.642571601085365,4,crewmate
b4c4841dd902dff5622e2b6fdb5788bc25939ea7d597c722b455de6d56f1bd29,1,0,342,0,2,,159,0.0039002990815788507,0,0,2,0,1.9919439990771934,0.4585872987518087,0.1003107997821644,0.014328299439512193,TASKS_COMPLETED,1,4.915533100022003,2,5.948929400066845,909,72.4,362,8,0,cc9a25717e0780a316e7ecc204e44cc9911580f0b2a609201ad738c6af6792b8,73a9222f5e7d0679bf6b47431fca2c5899f5bbbef3ca0b2369c1b9ac34c80e67,3.188470800756477,7,crewmate
ff26fec86d4fbd6869d96aee38aaef3cd56fd28c882e439ec2180c0a577272a9,1,0,289,0,3,,200,0.003960599773563445,0,0,2,0,1.7092459038831294,0.42578559974208474,0.07089199859183282,0.01090390037279576,PARITY,1,4.329544099979103,2,5.428769799997099,910,69.0,346,6,0,4d565395a25b38547ed2e0b7d5f7389bf4b2381cdc2529cf9ee4baddd2e7fa75,b9385155fff97594de057367d9b63df0fbf2cd37b27be3a0b151d4aaad4129ef,3.0443558987462893,7,impostor
1117e462b3db12c9a80589ddf02be550ce73acb754f6366b0062667498b6cfbc,1,0,275,0,0,,90,0.002284200396388769,0,0,0,0,1.8403996987035498,0.25763109838590026,0.07150250079575926,0.008828900521621108,TASKS_COMPLETED,1,3.005915899993852,0,3.6611308000283316,911,32.8,164,8,0,b2c3fe9c3df4a4db5561d68583c75f594afe9cb4b37451c72589a5b3cd4b80c4,dc79540adb79d21d7a992a5ab56968fe0f4914552c5f99b85f106fdf76f61c31,1.3891901010647416,0,crewmate
32ca8bc72519dab546316c583f909d6c680054d9e6b1164aadedb7447e63c4ec,1,0,215,0,0,,88,0.0015954992268234491,0,0,0,0,1.3515382001642138,0.21198890020605177,0.04971030086744577,0.006951599032618105,TASKS_COMPLETED,1,2.4283039999427274,0,2.8425267999991775,912,25.6,128,8,0,234c99371765f72fb2746faedd9185dadd752d47ce2ed181673b649bab982ac2,c8487dc499dc3019d556b392b02d767fc59f1a917bc2130c4745ed7fd6cbd7c9,1.1492876993725076,0,crewmate
207dbf6e13969f394139681958d5b34841f01801f68ca3855230bee1b0a20668,1,0,346,0,2,,135,0.00253439974039793,0,0,2,0,2.1676149977138266,0.4578462003264576,0.07810510043054819,0.011859598802402616,TASKS_COMPLETED,1,5.494609300047159,2,6.125071599963121,913,77.8,389,8,0,985aedf669e8d70599b0795fc1db0b50e76164f781ee9323cc8147a7dc5e04d3,45b262cb87738cb9d1cdb8190f6ca0202e38d1b3b8c4b6ddde6581dca00d3fbe,3.235279200365767,7,crewmate
1414473b80e2b434516dd469c50b8a855b2b036a4a99ee54d241c98adb1e62c4,1,0,298,0,1,,125,0.002975899842567742,0,0,1,0,1.963361501460895,0.33745990018360317,0.06871879938989878,0.010296499938704073,TASKS_COMPLETED,1,3.7035018999595195,1,4.640519300010055,914,52.0,260,8,0,9df6ca24db50fec4d998deab508c9d08b78ea0652ec35649f8b31c9ffc89082c,0cd36bfbce0a248f28458f9e40ebfa2a7dca2e7db7e5b86fd20bd4e39f559704,2.1242533007171005,4,crewmate
23301a322a174325b4454e5674a5ae16b7b186b287740c42e3bb11c7952d52a6,1,0,311,0,3,,160,0.003360799979418516,0,0,2,0,1.8652882995083928,0.4367164997383952,0.07773520098999143,0.010858701542019844,PARITY,1,4.691565499990247,2,5.657720200018957,915,73.2,367,7,0,bc48cb77c3fb16b43198a2809c88baf9b482173393130a16bcc2048fd99190f0,5a0d54517c5e74870446ab316307aec19b1efe4d56e306f2dbd3b2ff31f2d842,3.100715299951844,7,impostor
ce6a58bfd982bf4009140ac6be49551b36c6862a4db149c1df3b281549d77dbf,1,0,337,0,2,,143,0.002594600082375109,0,0,2,0,3.362015899969265,0.4791012007044628,0.08358799887355417,0.011472400627098978,TASKS_COMPLETED,1,5.602893800009042,2,7.451793299987912,916,79.6,398,8,0,fda67c6f14b0e67a330306f6b521a226849a3cbae23d7009c30332b20742c97b,907206359f71c764c7899f930386acad6b9a0fdbd3c0ef39638a87e52620522b,3.3450945002259687,7,crewmate
585fc187df01a664d0e5e8d1fa0510f34db2bd9fefa1345ae81a5408ded98e5e,1,0,383,0,3,,159,0.0031301999697461724,0,0,2,0,4.939213701058179,0.5017649019137025,0.09700889908708632,0.012937998631969094,PARITY,1,7.171361000044271,2,9.23726599989459,917,83.4,418,7,0,aee57136fb3248325bfc427675cd90ac964585cfcc3f29ce9031f86e3293b4d6,9a7b18f476cd6bc0f5e10999e8bd5b5092e2b2039ba4f26ac29da81051337490,3.504382099141367,7,impostor
eb1d8eea2a7215038da87845cf91f324925723ff90ee1eb8dbcab80eaa9eb7c2,1,0,300,0,0,,100,0.0020102999405935407,0,0,0,0,2.200684300158173,0.278912799898535,0.07295320078264922,0.00995929865166545,TASKS_COMPLETED,1,3.1442909999750555,0,4.189485300099477,918,35.8,179,8,0,b8d05db5b367c10959b5535f033f7abbeb5101e508b50b3684468931199b6cd8,fe407357d44eb336c4761e6515266ef8bde43b6e93292a2b97e6ecf1051a382b,1.5291846003383398,0,crewmate
069a0f9bec35a442fad57c947db2e0d84fa601de876dcaea90ccadef18597fd0,1,0,410,0,2,,176,0.0036239003529772162,0,0,2,0,3.5973573020892218,0.4849932003999129,0.09383909974712878,0.013608501059934497,TASKS_COMPLETED,1,6.131241399911232,2,7.64603880001232,919,81.4,407,8,0,6929d324702a7f81a38fc582fa0ee1ff084ec4d87bbc6c6e46072b1d09dbba61,aec947ae607bd9f4bf9ad37fbab8e5d0fae912069ddba737790ced78a1463c6d,3.2769211013801396,7,crewmate
94d11e0d137e5f143bc6fe7bab6f43b7c9a3bcbd521773dce9ad7ca6ef6d0d8b,1,0,358,0,1,,157,0.0030011003836989403,0,0,1,0,3.1257276978576556,0.39907470101024956,0.08899360208306462,0.011506299604661763,TASKS_COMPLETED,1,4.739959200029261,1,6.278764399932697,920,60.4,302,8,0,6c52237605a82e9d88e5dd6cdd2c716ec427af62e53a1411c403cdac28e1a27d,23b9cf7ed3c30f68aad1bcf46ed5b395b271b36fc4cb42cfd4e15468b96b99c8,2.512602500617504,4,crewmate
b4659fa8369957c1846dd7d6da590c7ea0304c646c39e027440f2ecdbeebdbcc,1,0,339,0,2,,136,0.002429099753499031,0,0,2,0,3.1592564998427406,0.4377732996363193,0.0838027996942401,0.01085350033827126,TASKS_COMPLETED,1,5.4772586999461055,2,6.848588400054723,921,74.2,371,8,0,bec96eb27cb99a8dc43fab0937a58c31d9edc5c56802203c3d682f4e7b7220ba,20c73437626b306525c0cbca4186c0b8f4ca53e6f0b7f80131534f8fece92013,2.99458969803527,7,crewmate
a26b145c7cfe6a7ac4ef4e4359f3863e650aac7ecc3366660cb08d8dda5642a4,1,0,205,0,0,,82,0.0016656001098453999,0,0,0,0,1.19621799828019,0.1957003012066707,0.04450040066149086,0.00651029939763248,TASKS_COMPLETED,1,2.061621700064279,0,2.5837662999983877,922,24.4,122,8,0,04838042df49b2f8496d3005748ee41e6832861ffe7acd0f694a37f06e202d3f,fb78da08922c21b53b60bc31df7fb20cd03711de0a3fda5aa376f57676314709,1.069114801241085,0,crewmate
96164bd23fd6e6bc6a411ede9dd48ee10d3b5908bdfaba1cb7ecac8a1ef7cd16,1,0,352,0,2,,169,0.0029547993326559663,0,0,2,0,2.602337398682721,0.48382589989341795,0.0846829010406509,0.012159501085989177,TASKS_COMPLETED,1,6.270611199899577,2,6.815164800034836,923,79.6,398,8,0,9b3187974ac781acc2f466adfa23332b9c8b456b0f48e7654b79006f0302e9b7,a4e80cbe0b40837d709f66b7b9fe95c3e991de9851d4aeabf13c49a796bcad81,3.454092598403804,7,crewmate
d1ebf431c5928428d9b43d9c59768efd8026723b8dab9cf0b754956f3f274609,1,0,395,0,3,,143,0.002774799824692309,0,0,2,0,3.724085000809282,0.5416633003624156,0.10469459858722985,0.013559399987570941,PARITY,1,7.754505599965341,2,8.295323200058192,924,85.8,430,7,0,9cd5790cf46cce992fc128fb220205c77104debb7164948556c9b511b42d138d,2d965f94956eb878afb5f12220689ec15a7e9665ac47df113371b163d851600e,3.7162113984813914,7,impostor
ecaef5bb22476a665804d8219e422061d292590b668842f843a22687612945c9,1,0,413,0,1,,134,0.0027942992746829987,0,0,1,0,2.5195909994654357,0.4924462005728856,0.11049369967076927,0.014394900877960026,TASKS_COMPLETED,1,6.556840399978682,1,6.389604699914344,925,70.6,353,8,0,e1d4e7d4e949683ccaf2d672a2c35e45dba15a223580df894563221dcbd3b371,dd2626e629ff6ea6cffe15572391477c5a7f310599f279413bceb5938d55f711,3.0760670013260096,4,crewmate
ce994ebaffe9a38fd5c86870e01ac4b5cc20a2174338084d397ff008cce1c9dc,1,0,365,0,0,,140,0.0031462000915780663,0,0,0,0,2.7372429991373792,0.3550696999300271,0.10639420105144382,0.011871299124322832,TASKS_COMPLETED,1,4.724285100004636,0,5.444390399963595,926,43.6,218,8,0,9d00335ee2a097b9854ffdd1ddb64fc728ceadd5cf0453c2d9157214f1ec90b4,e457a90b0f624e5b31f7598ed4c390e07f06fb4ab3e426fed717c388a95f92d3,2.1120633013779297,0,crewmate
3f862b7a6df19bcdd8c8260a47c77fc68b5bd5a6b484b5beb915c9cda2cd242a,1,0,290,0,1,,122,0.0026317998999729753,0,0,1,0,1.8184706004103646,0.34660129935946316,0.07829199801199138,0.010216899449005723,TASKS_COMPLETED,1,4.418611600063741,1,4.583799699903466,927,52.0,260,8,0,574207d05f4881bf3593bdd4ef7c93c7ece5d67ca7eb12aad1b6db8305fe946b,22e260b1bb1d6b36df0b4b039dce4722c8e8e9d9153a1ba54ceb95ff7ccee75c,2.2009708997793496,4,crewmate
17611003f5fe40ef1f7351f51f94dc99d4cf5d0dde263932da7d4b6e366a8e36,1,0,195,0,0,,92,0.00188289990182966,0,0,0,0,2.2222904997179285,0.20030789985321462,0.04657020000740886,0.007176300045102835,TASKS_COMPLETED,1,2.526937899994664,0,3.668036099988967,928,23.2,116,8,0,91d7eb5cee03ce977be2f0c5f9d6c24e448902dd4b44b3c32a459d253c525d86,d436bf0418f2172fba21975d297beaa8533bab12d62cede2b5ec93c96f2cc17e,1.1156114009208977,0,crewmate
449e501ad64319e2f15cd3f553e7f3a55095e76e4120e842e3eab6c20bd2994b,1,0,290,0,0,,105,0.0026094993809238076,0,0,0,0,2.4565655982587487,0.29189180047251284,0.08494499803055078,0.010350000928156078,TASKS_COMPLETED,1,3.5918211000971496,0,4.575424200040288,929,34.6,173,8,0,ff4fcb29ffcb59f5c56a5e65818ffaf2c4d7a3438896d787c35971e856c8d8bd,fde3d0302d80ae05161bb8bb5716140cb0860d110815709ba491bf834514ffed,1.6252493998035789,0,crewmate
e848ad52f99b6f0feccc691bd3efcc896d02c69fea01381284b1486fc7112f7d,1,0,324,0,1,,177,0.0038142985431477427,0,0,1,0,2.7894071000628173,0.4103825008496642,0.08349039941094816,0.012345099239610136,TASKS_COMPLETED,1,4.75735159998294,1,6.158699300023727,930,56.2,281,8,0,4aa1294fc653e0f9d64bbcd96803deca378672bfe09a7b2e65790f0ca588b3e0,a5be208cd3c24b51a0da3f2d7d44aa950d111046548379e0f7d24cda771cde64,2.703166800783947,4,crewmate
c36f76777c56cdad6380c1434c867a7d75256e6d04695279ed43a1cb70c36011,1,0,257,0,1,,127,0.0026444991817697883,0,0,1,0,2.0182404009392485,0.3371855996083468,0.07073820056393743,0.009924899670295417,TASKS_COMPLETED,1,3.8310445999959484,1,4.821492500021122,931,47.2,236,8,0,21b40ab0e3e271c1eec84bd04be3ba4198dc9337e9b40c858b386f73bd6fa5f2,149ae487c07ca330819f4ea04476bb9855abfd8e7287f7b11ec19a23cf6184b8,2.249836500035599,4,crewmate
4971baef8ff3b00f862acb3fc9056cfee96beba336b6ea97bebba72ca17c1f26,1,0,307,0,2,,131,0.002779299975372851,0,0,2,0,2.015692403074354,0.4417888990137726,0.08507340040523559,0.010879300418309867,TASKS_COMPLETED,1,5.053671700065024,2,5.814229100011289,932,70.0,350,8,0,bb9d540c4f34f7fd7b16b482944319f50a9bbcc39748be7ef914f0a2d0bc1556,44b61c243309d334050e7b181c53c088c5ec3f53a16587075246573a2bc5f41b,3.0856254999525845,7,crewmate
840a563bae1a4bce05fa8ea5c8dfdce2f53118c1c10eafc2e2bf6fdfd4779509,1,0,345,0,2,,161,0.003253800328820944,0,0,2,0,3.8275206006364897,0.4713362012989819,0.08337940112687647,0.012344099464826286,TASKS_COMPLETED,1,5.951033399906009,2,7.793511600000784,933,74.8,374,8,0,d54398c6d4fd0c7f0dd9b794ccbf4086e1849e138008916847aac6761d46bdd5,2ecdebab78656896ec1a0b1012b25714828b0d44fa48cee7b2a550b1cfa94d84,3.217260100063868,7,crewmate
7e74dc69f2d4a0ac60b96a9daa9a67a3f0f90f36d9e6818ce302b2ad6d0a79c9,1,0,377,0,1,,128,0.0025055003352463245,0,0,1,0,2.6498025023611262,0.4131406000815332,0.1034480994567275,0.01255179918371141,TASKS_COMPLETED,1,5.773271000012755,1,5.9224772999295965,934,61.0,305,8,0,0438397b7e4ceba1327617a9572e789a782d5e2df8a0799040970378e42b4eca,54d2fc8fbc55acbd0974ede94dc174d9fc37a49a68ed70bcab36daabb5b91766,2.590245200553909,4,crewmate
926b651a4dfbf952d5c2d73a5465415e55791090418e2dc01a0bace9d17a638f,1,0,345,0,0,,86,0.0018574991263449192,0,0,0,0,2.3302471961360425,0.3362059995997697,0.09543380083050579,0.011201898567378521,TASKS_COMPLETED,1,3.6647894999478012,0,4.651156899984926,935,41.2,206,8,0,826fc74dff0c0a1a9d165a3e04d7fb99badbbf24466ac64db8b0ceb44949412a,d33130862e43db49f8c72c1b4c348657151b4a66a1d0790024408e7522bc775d,1.7646981007419527,0,crewmate
2d904ee7cda22f51e77c765fc642cbb5a80cf4405664d698130ceda00720f899,1,0,221,0,1,,118,0.002558700041845441,0,0,1,0,2.415476799593307,0.24779849930200726,0.05723220086656511,0.00760240014642477,IMPOSTOR_EJECTED,1,3.4558118999702856,1,4.473378899972886,936,40.2,201,5,0,7aacc1f25a1f7f0b32f808ae9d66b777c0dd08429df7580659f1fc3e327b9d79,23a1c4dd8a61609d98681e5a55b50b262cdc0b29b5dffca911088519f8c53a15,1.6448148001218215,4,crewmate
e15194af197dbe04e336a1d06c491c75904fa5c629f9529a572aef94f8c42a7a,1,0,239,0,1,,110,0.0023081994149833918,0,0,1,0,1.9430760000832379,0.26737359957769513,0.05168430076446384,0.008064599009230733,TASKS_COMPLETED,1,3.347585999988951,1,4.087319000042044,937,42.4,212,8,0,1759359630bfc5f3c98d992cfdc2c3e6798db863efe91eb15174229b7b28b7ee,5c6157499e12754520eaa20786fcf37b5655519590bf6b7131e0890d3f492492,1.7040225997334346,4,crewmate
de9db3242b359be55cbc052610309f7d7c04434a1a68619c590de84cd1aeda1e,1,0,376,0,2,,140,0.002817899570800364,0,0,2,0,3.454033404472284,0.5408280995907262,0.10278479789849371,0.01456259994301945,TASKS_COMPLETED,1,6.796418800018728,2,8.095338399987668,938,80.8,404,8,0,9de74921bde75fd015759f050ea89ccce0f4a2f50df5b70b9aa1708cbd16eba5,3ffe6c702738dce3a950ab8f5216d37538064e4a67c3cfba3e9e0c809f939cc3,3.7741013993509114,7,crewmate
c20714f29b8221ff734fa9f9f91b808dec00dd80132a4ba82854f32a74dde814,1,0,350,0,3,,164,0.0036393998889252543,0,0,2,0,3.206621199613437,0.5360837003681809,0.09375459747388959,0.01380870072171092,PARITY,1,6.2823289999505505,2,7.840148699935526,939,79.2,397,7,0,1281107e882129aa263db4b16bcdca44a5bfb07ee8172c1db5889b5d58a80a11,95012623228196ba7692bb802ad8f11da0c3fd0ab64ade9f0ef6c4f7ce290b45,3.781891898601316,7,impostor
c34e913ad9700dee5183b8c7a6185f74e6045d4be2ebde84b54ec33f3b62654f,1,0,210,0,0,,91,0.0018979996675625443,0,0,0,0,1.8526181009365246,0.2255874996772036,0.05742300022393465,0.0077342001022771,TASKS_COMPLETED,1,2.597355699981563,0,3.462807699921541,940,25.0,125,8,0,b97a5d947fa3c1d6cc02caba9ff20d41eb682bf5ecbe06ea1341d5d1435313e1,5ec062333c15ef6b4d0029fa59bb45f928376c17b490d5149d7c9d142c8dd943,1.2313692996976897,0,crewmate
8b837494c52adf3236185d899da66f3a37e08ea4f41121b24a028405f06e6ff7,1,0,495,0,2,,178,0.004129399196244776,0,0,2,0,4.791380499256775,0.6694208012195304,0.1506793013541028,0.018587399157695472,TASKS_COMPLETED,1,9.190797699964605,2,10.446641899994574,941,96.4,482,8,0,a9bcf4a247c1a5f4e845d46c8a885cb0fe8c01025f6a252ffe2b14aed9d6a0f1,05e9ddaf2d993a46bfa2b5fecdbd304b4ae37bd4e42e442dc79e4bf74ce06c61,4.569982602261007,7,crewmate
68d0a77304a532479bfed912c349985d2a26cdf949d77e20e5575ac9b664bbd7,1,0,481,0,1,,202,0.0048008005833253264,0,0,1,0,4.5391406962880865,0.5743963005952537,0.15044680109713227,0.01769410097040236,TASKS_COMPLETED,1,7.741541599971242,1,9.155866499990225,942,76.0,380,8,0,fae6fd57c1492b0346b46124e0a85d28da91535a722233dc5ed771825c2ec8f9,ca0f9244e67b56faf691c9cfc76d3a371d579d9b14d7fcf135a3c51caa1ed595,3.6588160002138466,4,crewmate
036d9638a4335863a81622e1af1c945fad90a597ae52c0fb9ba665d0841e50a1,1,0,458,0,2,,159,0.003580300835892558,0,0,2,0,4.312363396747969,0.5849442003527656,0.13036850339267403,0.016300999908708036,TASKS_COMPLETED,1,8.03164010006003,2,9.174044100102037,943,87.4,437,8,0,fbadb3ba82f3c3c6e2aef752d03cbfacdde8cb5d962a30537976fb7ce988f8f0,7f84bee56dd8e9f3982ed175035c7664913bf8de3b761ea10f73ffb206fe9a50,3.9151274997275323,7,crewmate
637a22fbb4ccf882af65a8be29f91a8b6c241d0c6d56b328de88c69398601357,1,0,431,0,2,,172,0.004117399919778109,0,0,2,0,4.227274999953806,0.6153104992117733,0.12165920133702457,0.016003401018679142,TASKS_COMPLETED,1,7.696103400085121,2,9.42487559991423,944,89.8,449,8,0,a80c18987da759c401eff016125f8e9e0a5035c5e7e0671ad9a6af1c31dd4283,e57d27501a4cddc2bff37e24dfa4214ea7b9b46564467f6ab3a22521bd05ef81,4.220584300230257,7,crewmate
c0e00c56e5c5f0bda7469adedc834200be9d76bc919f8a4e37c27ec6d0158d65,1,0,302,0,1,,139,0.003298800438642502,0,0,1,0,2.478728001471609,0.347860500914976,0.07488599908538163,0.01075649936683476,TASKS_COMPLETED,1,4.378778500016779,1,5.269748899969272,945,50.2,251,8,0,b7f0ee167cd14fd8481fab2bf38fd60fd298109f969c07dd88fb543971ddb42a,5a7640583103b0b8049251deaee3cef89849b1ae9f6106db399fe152ca972f41,2.2214632007526234,4,crewmate
2ece2482890244643ec54bba9f688cbd23130ede104ecfc3ff5e9fc2bf5cd670,1,0,354,0,1,,157,0.0036329994909465313,0,0,1,0,3.5930981014389545,0.4196906990837306,0.09868659975472838,0.01313910074532032,TASKS_COMPLETED,1,6.0337016000412405,1,7.094778000027873,946,58.0,290,8,0,eeb4132e1119a4f9aa726d84646134eb53d036d47f90741f9c031b6a641d9cb9,8f453eb36891cc339fec9f935ec820fd9cffba8e2a021d0f0a0628b4a91a7a4e,2.801856900448911,4,crewmate
70e012676247391a9cd255b24c926d75b700b3fd5baf96b64b4e64f04e50c9fe,1,0,305,0,0,,108,0.0024188996758311987,0,0,0,0,1.7494943970814347,0.32828379957936704,0.0884115033550188,0.011270200251601636,TASKS_COMPLETED,1,3.2666795999975875,0,4.1505356000270694,947,36.4,182,8,0,2c1f9f75461b62c8ed6b388d2c0060baab6de5a0c242a5e0598c7cafe4b46baa,dc4a0bd0189fced433ef8111832e1ae945ae9b87fd28151fb8bce1ccfbebd9c7,1.8558195994701236,0,crewmate
8ecacd646c849025fe81db0a1cedfa94c2ef9cae2c08de6e7344b2eb1f0972eb,1,0,289,0,3,,130,0.0027363005792722106,0,0,2,0,2.2449271008372307,0.4708734005689621,0.0766412002267316,0.011983100674115121,PARITY,1,6.275934599922039,2,6.354017700068653,948,70.2,352,6,0,a42c9ef745ddcc062bfc7079109b8f3a7cb1b4d435d1802da82113285cacb0cf,164fc810a1d9e4debef59a9b8a2e6028e3eef584e0aa4816359d546712f01487,3.368817698559724,7,impostor
9504d6ae34527b01d5f9d9e8555b83ddaa422640c2354dec0bff8e7c5c18c978,1,0,284,0,2,,137,0.002906299661844969,0,0,2,0,1.7632018984295428,0.42645189980976284,0.06959330011159182,0.010835401830263436,TASKS_COMPLETED,1,5.889020700007677,2,5.451006300048903,949,64.6,323,8,0,a46f1bcadb52dae5a7988b33c4d98eefd051915de41be731dc83e6cb902316b0,1249f4158abb279e5d5436a4522e6aae971208898d58a9c3ecce7b5be07decec,3.011939001036808,7,crewmate
8ce5e141b531e9cc6802180a2da7a88150b90b1501845dd9f38a5af1e5af73b4,1,0,311,0,2,,172,0.0037194002652540803,0,0,2,0,3.009899199823849,0.5438003984745592,0.1283680011983961,0.016824201215058565,TASKS_COMPLETED,1,6.412504200008698,2,8.000903200008906,950,71.8,359,8,0,77b2778adfa90d6639640ec378c6aafead3206de6857855b90d77e07d8d6728f,06dff29321cdd295ba11e39884a4913bbd64154d94603a85dd11ec88322af4ae,4.048504199599847,7,crewmate
2048b47bfd78a666edabbcc40a8c611aaa48511b8b9f2c36d3dfbcb38636e970,1,0,230,0,0,,121,0.003034699708223343,0,0,0,0,0.928122000885196,0.2702241004444659,0.06067449878901243,0.009402399300597608,TASKS_COMPLETED,1,3.7578622000291944,0,2.9612581999972463,951,27.4,137,8,0,85d643f0c929f4c45fbf54871cfc713a2f99323d8f3a8cf5a9484f4b35bb420c,5d54427d496b1ea61e6941f4de422668d68f1f5904c608a74bb7b95079e4ce51,1.5881893001496792,0,crewmate
0c1c81590aa9758b80c1e826cd4acd9e2fec4ecdd6d135d961eb68f7f5066865,1,0,266,0,3,,151,0.004628300433978438,0,0,2,0,3.0959923985647038,0.4826314990641549,0.11418430006597191,0.011821400839835405,PARITY,1,6.050983400084078,2,7.813737100106664,952,66.0,331,5,0,fc409058ac91e7d323f6d93527d452f2b7e4c8bf4a0aac7c1b8258e59c67f6a5,581abbaf201a5074b3572aa523a87b80776aba7830620078be6d98d666fa177c,3.842353798332624,7,impostor
57aba379c1a72a4459415cc43d3c676c4f1b956a2a8351f29a0e7d69a80c2db8,1,0,417,0,2,,165,0.004954799893312156,0,0,2,0,4.237172997556627,0.696345500415191,0.24173930136021227,0.018324499600566924,TASKS_COMPLETED,1,8.211627200013027,2,10.372942499932833,953,86.2,431,8,0,5cee2eeccdc8d9695807960623408bbb641bef895fae03f80a807efa5a8f1e4a,4b0a0ee1a74369fc04228c06b781adfee83525ffb1a7269cf83a39890b0c5151,4.838237700983882,7,crewmate
e3f34429410b73f690d89a9f05664351efb1ac50b1d1973b964089bfa9fb3bab,1,0,413,0,2,,165,0.005961599643342197,0,0,2,0,4.222172101144679,0.7423468000488356,0.22657409927342087,0.018863500212319195,TASKS_COMPLETED,1,8.294060399988666,2,11.140495599946007,954,91.6,458,8,0,a6651f1c2926685c6e589679b162e2239201f52d8d7fd0be415248bfabbe50ae,b288c96760540e45a0d9a2417af351e3864f3882ec173758c6b12abd99d15896,5.569200600148179,7,crewmate
9d840896d7ad6576baf2ab3f1c2d147ebee88f4aad4c619e911bf87100757025,1,0,275,0,0,,103,0.002815699321217835,0,0,0,0,3.099810197716579,0.3506881006760523,0.13986560271587223,0.0145195999648422,TASKS_COMPLETED,1,3.7920527000678703,0,5.831424499978311,955,32.8,164,8,0,91db1072fceabe882cae120ee73b7f378f0ee3f2c70b43c25521f84808e61e9e,f2886a2d189b26ed5d1732324daaa334e7d3625e8f0c4c989b785383970e597c,2.0719841009704396,0,crewmate
ac1af7cd9cef10214b708f0f0746621933bb0424446630273e5d38f4350a9a67,1,0,432,0,1,,143,0.004363099578768015,0,0,1,0,4.0383592987200245,0.542495500179939,0.23776709928642958,0.018191498471423984,TASKS_COMPLETED,1,6.306014999980107,1,8.598956600064412,956,67.6,338,8,0,5eb4d8086ab7e459ceabcab793f11f7bcab991ce3ac7bbce42268d8f6c9bff19,a0b4bddd0fb9f80d027bdbc20af2b903e54122d697d2820a764dbff3f20dd029,3.47693730215542,4,crewmate
871bc394bf5e49b30a4fbf7e8ed0d3188b6c50cff948f61711abc5ab9971a895,1,0,325,0,0,,90,0.004816000000573695,0,0,0,0,3.1427022024290636,0.3435127987759188,0.17462259926833212,0.013745400356128812,TASKS_COMPLETED,1,4.785647199954838,0,5.937464899965562,957,38.8,194,8,0,3b5a54f98bce6b361e997556032b919eb3963f96e7b90157fc36090c3994f22e,5549d8edd06c4823ec4ca446cb635edad299bc1fd95d1b7ad7b7166063eb0d41,2.0840662992559373,0,crewmate
906545b7827a13af886eeecc5e17b7d963df9a033837d287c2a31ee5cca332d8,1,0,386,0,2,,156,0.0046947007067501545,0,0,2,0,4.203220202238299,0.6013216982828453,0.19491469871718436,0.015906200977042317,TASKS_COMPLETED,1,7.546781599987298,2,9.736996500054374,958,83.8,419,8,0,b639b4bff725e5f14380f9c3e3c148d11854e32b08980bdfbcb549676282868d,7d7b37abe750229f7e1c88cc04967786873fad8dba38a8cd021bb92ba3234527,4.3957757983589545,7,crewmate
d81b933523c5a7758650996e9622434a905f3879c7c28a2bc89df5b4bfbf9381,1,0,245,0,1,,103,0.00313140032812953,0,0,1,0,1.9759574001654983,0.30193829943891615,0.11134509951807559,0.010869399877265096,TASKS_COMPLETED,1,3.802632199949585,1,4.628032800043002,959,43.0,215,8,0,2d98fd09e2a66dcbb7908963366f9582bf7ebef6a851d8519e37b1a6300b230e,eb5ccb99835deb0616bb35be9723e9067fcf75962f92d35aab3a4ac82ba9ee23,2.056498200632632,4,crewmate
7ce88943b1f53e897e9e2955bbd09333269449a6e35d1207352326ece231709c,1,0,256,0,1,,105,0.0030648999381810427,0,0,1,0,2.4599125989479944,0.30603109940420836,0.11558580119162798,0.010862700990401208,TASKS_COMPLETED,1,4.135424999985844,1,5.222045400063507,960,45.4,227,8,0,659877ea9f2d052249202b36c1e8a7eb5b5b94ff398f1564dc1741d8e7f284e2,9df6d348734c277a7d3c6558ce83143a46b1478b57c6370b6d73d42fe843f4fa,2.14459129946772,4,crewmate
caed5bfba437f65a1a866cf0d674c434b8ee0215baf832bb349cffffa0ac052d,1,0,383,0,1,,119,0.0027980998856946826,0,0,1,0,3.527568795136176,0.4675564990611747,0.18615670350845903,0.01971950032748282,TASKS_COMPLETED,1,6.129203399992548,1,7.593707200023346,961,66.4,332,8,0,bca08478d1e493afb0a1bb30f3e37273132a65e9e439ca07b2c4933511114296,2663f0c52c4c3dc467f9f6859ffada979a03780e9044599355d3be27c7855dcf,3.1563113969750702,4,crewmate
4aa7a48f25dcf06d1bdc06124ea1df5a5f155203d274384b626fea0785618964,1,0,335,0,1,,119,0.003763199085369706,0,0,1,0,2.4812528990441933,0.38851610058918595,0.1317845988087356,0.01216529868543148,TASKS_COMPLETED,1,4.9538564999820665,1,5.778758100001141,962,56.2,281,8,0,a2aa6705ff60fc9416d1522112e8ec8cbc728b0dd93952424936a9c7fcb91112,6636a7b8f17c154df70a9bf4dc8eeff18ed8672f1916ece7f4372738cd231bf0,2.547896401025355,4,crewmate
416a50d567236a772fa7603296ba1e5f1913b512b3bc6a12197346bfe4700853,1,0,289,0,1,,124,0.002835399121977389,0,0,1,0,3.0934966993518174,0.3782095005735755,0.12419739877805114,0.013572700088843703,TASKS_COMPLETED,1,4.481306899921037,1,6.407835000078194,963,53.2,266,8,0,84c446c4f12e72890c930ac65ddab9c4beff2d5c52e0de7084c31cff4c7f212d,07c102f1154643ac911b6ce7c90e3951f9ed33e88a0623fee38a4f63e17b8710,2.605934302089736,4,crewmate
90fab9598a5a25a4b85804f04094d8f5eabd9fa74ec2ad215571dbf677ae6601,1,0,416,0,3,,171,0.004714399925433099,0,0,2,0,5.114209099672735,0.584796599461697,0.20114920113701373,0.01652999990619719,PARITY,1,7.798265799996443,2,10.411396800074726,964,88.2,442,7,0,7d19e06394c097d742659cc1e9aac8a39bdbe3aad679e96387ea3c8b51e1fe7f,2d9ae73eadac7d81958475c9cfbccd63cfbc235e1f2e989ca1620396d5dced45,4.192444698768668,7,impostor
3a2ce308be9ac25407503fe7c5b5d4f4052a062ac18bc70d10a8ac2eec4a3af4,1,0,288,0,1,,121,0.0028170007281005383,0,0,1,0,2.231317999889143,0.3234347990946844,0.1433194000273943,0.016068701166659594,TASKS_COMPLETED,1,4.136387500097044,1,5.183636800036766,965,48.4,242,8,0,f15d42998b83d25421e95309a5d7911de4c4e277dcfe21959b5a062a645d0622,c762b46552e305849319482d7bf67004f263b10d1acfe63362cccd400eab5cb5,2.264145600493066,4,crewmate
40cf0f71f49fa9107ce5fc283253e102a7df727014295f2768dba91bc641e6f2,1,0,296,0,1,,114,0.005114999716170132,0,0,1,0,2.281430701375939,0.3799974003341049,0.13228890171740204,0.01234719983767718,TASKS_COMPLETED,1,4.269336899975315,1,5.42861719999928,966,52.0,260,8,0,d82fc9ba426bbea8a764088d3d3a5d4295f958b910eded52b4db74caef292e11,1ceb62f8d85b4fb64784f5c489ced517390f21aef515d9fdc8b01bdbb08355b7,2.42370320064947,4,crewmate
da82553edd424e9e528a431f6ece2d83dfbb8f98a4e0f30751d68c4d9dcd87ce,1,0,287,0,1,,116,0.0028761998983100057,0,0,1,0,1.928018402075395,0.34381560049951077,0.12530139950104058,0.01272099872585386,TASKS_COMPLETED,1,4.276329700020142,1,4.932073600008152,967,50.8,254,8,0,7d436cf539d64f8ebd7458944de428caefe72e86fe001a5949e83d750b5299d0,07022c72fbad15a63432c7e2c7c14b3aabf92108ef4e083efa4faeb02d7cbaa1,2.3252559003885835,4,crewmate
a2cc49bc1c4a740322380eaed91d308a209af1667938f26341fbe9716d158e36,1,0,269,0,2,,170,0.0038627986796200275,0,0,2,0,1.7814032019814476,0.3824914995348081,0.09436059917788953,0.011823699693195522,TASKS_COMPLETED,1,4.768763999920338,2,5.38092820008751,968,64.6,323,8,0,2b638991a144324b0691b141a8f4c22e11461a6ddcf9b07d0b5523dce750ab3a,503059786e28d6dc4add48dfdbccf401a3607725efe22bd57c19b19d37b5ebcf,2.8756686002016068,7,crewmate
6311f891e5c03781e8bfb3a5e8bd6b06e9c43b119f634a99fa75af89114918ad,1,0,280,0,1,,133,0.002851999830454588,0,0,1,0,1.814301802078262,0.3072639990132302,0.10124469932634383,0.010402400395832956,TASKS_COMPLETED,1,3.7338644999545068,1,4.673306300071999,969,49.0,245,8,0,5b17baef6d3a301b84ce54f26d56cb65705ed273cc4a9814757136978598c473,0e0e1608d052a106245da31bb18d7e40b03229c4d56f39a021713533a5f96fb2,2.2524144020862877,4,crewmate
6d96fef9b44bd088538f3f6d208d13c21d7fc8ac84306de279b2c6c147d26338,1,0,281,0,2,,160,0.004273899015970528,0,0,2,0,2.1652653999626637,0.38498469919431955,0.08953739912249148,0.011120200157165527,TASKS_COMPLETED,1,5.841865499969572,2,5.901534500066191,970,68.2,341,8,0,2e7811912b8a5db591ee06107cf9ee3022caf83d76c8c1456dedccddacb35ba5,b88a6753a1541f8568bbffd9adea5d74f4dc1b5683c263d0081966719b753af6,3.0199412987567484,7,crewmate
124539f7969f82454e83abc281d33078038450fb89330515d3f0e6be8dcf29a0,1,0,305,0,1,,129,0.002498599817045033,0,0,1,0,1.7114257956855,0.34598710003774613,0.1228462018771097,0.010142499464564025,TASKS_COMPLETED,1,4.418144900002517,1,4.711667400086299,971,53.2,266,8,0,f8f5741302b93baa20c97588e42aec6861b67f1f2e564198b27dfef97774bd1f,05eed2d24a8a45225ad16810a966c793b2ade239e5829f66f43a466cf3ad804f,2.3380395997082815,4,crewmate
90590cea6560f0d2d5f222237b98344ac042a8f94970bce4a518e27a59ee37d6,1,0,322,0,2,,165,0.004659500205889344,0,0,2,0,2.4209490014472976,0.4534649995621294,0.11033199797384441,0.011949299951083958,TASKS_COMPLETED,1,7.912189699942246,2,6.682805799995549,972,77.2,386,8,0,d6c488d279337d7204aadd0bffa6ac24f60827401e5f359bf71bea4f30e6560b,00d150cb0bd41034c9de0e9099ed58bf8784e14c9c7b414c042e943187d643a9,3.4398152998182923,7,crewmate
681da67cd3e0d0801b5c73e593ab8abb1d48685f3b532b6b756404f3722d797e,1,0,283,0,1,,144,0.003144100308418274,0,0,1,0,1.5700671002268791,0.3336994006531313,0.10674289951566607,0.011616699863225222,TASKS_COMPLETED,1,4.089202500064857,1,4.439234299934469,973,51.4,257,8,0,79d73ce39ae475c61ecebbf47f6bb7c93c6ebea40bd1a482d9d52b2507038bc6,dee0ddaa1e7381030b6a532fb480ffe98b3228ee3c27b856ed24b6039b1778ad,2.2339649997884408,4,crewmate
9b8f8a097b0699cfe29eb2a5d07b9682f5bbc6c1e3e4199300c2f5c8e52e406e,1,0,341,0,3,,176,0.00511190015822649,0,0,2,0,3.594750697608106,0.464701400953345,0.11022020026575774,0.015809700125828385,PARITY,1,9.953538700006902,2,7.726278000045568,974,76.8,385,7,0,1c902791bfa14f6a77b331fb0ca169ab2a1fe5b27623368408ac66a609bafcd3,d8dc10930e2f8d1a4db08d46cbdbcb6d490c6513e0412f18920a7cfe69eed6d8,3.279590200050734,7,impostor
89909719751a474c48d86717ded07dea27fa4782c05ad2ffcd663e91fb4924c1,1,0,436,0,2,,147,0.0032891996670514345,0,0,2,0,4.734696703031659,0.8410450988449156,0.3024628962157294,0.020365100353956223,TASKS_COMPLETED,1,9.861014200025238,2,11.666189500014298,975,92.8,464,8,0,a76710009c3ed3c964e98099927fbd4ebf7e2b579a856872b9587e0c1272884c,57cc2d873b3edfe4be122f8b1ffc8c92c3ab628d597d1abb36921529a6bda640,5.393964001326822,7,crewmate
e4f8120799e7eea1a13df27e5b231dddcc4f154ffa3eee6ed3a3d5a8253583e0,1,0,349,0,2,,160,0.004243100411258638,0,0,2,0,3.253398196422495,0.6577665986260399,0.1848492999561131,0.021525799180381,TASKS_COMPLETED,1,7.614090800052509,2,9.426109299995005,976,78.4,392,8,0,650386b0c9c0abdb575dee28c0b8c2b4ade327d74a76d53fbc1fcd41b0fb96ff,a8ae0f4e03efaa9213470d9ef52f66af8a14bb8773aed5e734ed0b27a70eba06,4.918138898327015,7,crewmate
6c8ede106583bc40929df6e6dc54d8b5687325a28ad8c85d239e16e11ebd081a,1,0,312,0,1,,110,0.0036679997574537992,0,0,1,0,4.220516001456417,0.47074569878168404,0.2059185008984059,0.019177599693648517,TASKS_COMPLETED,1,5.754041900043376,1,8.57861149997916,977,53.8,269,8,0,ee4b3e9a9dce404387302ab52b4354bf4a37c4b620cc3d215eee26d4ad4df60a,7d12732dea84c90652690ca4219c075e9d417396ebd601d56b56252403bb98b1,3.358212099527009,4,crewmate
6fa5762262d8932b1acc113b30d8e8c30cb377dd70e195d56bd8439cef1d9113,1,0,460,0,1,,222,0.010155299329198897,0,0,1,0,6.044347897870466,0.8010071006137878,0.44421389990020543,0.0279332009376958,TASKS_COMPLETED,1,7.145939699956216,1,12.639183099963702,978,71.2,356,8,0,9f04917e704402600e29b40a7d427a48092a001cd8cd0931c40bb558428f2873,5dada38a9129029b77e6bb43f60d5c449b52674cce34e371988c0c228e10d457,4.92618619883433,4,crewmate
0b8df32da034d6c45fc9e0233ba7177a15acaebfad23e3717c27cefb6461b3c2,1,0,371,0,3,,171,0.0043717005755752325,0,0,2,0,4.2679734993726015,0.8430847004055977,0.2969640005612746,0.024753499310463667,PARITY,1,8.091949800029397,2,11.637152799987234,979,82.8,415,6,0,bb586600793d76496afa1bbcc657e7fd7125bc7a6fa278a1d6ddd910b6d90ebf,108aecc85b21e05150514b54940e3ed6a8714e1dd0fea6fcba23ec7b2c084c5d,5.7867396015208215,7,impostor
95b3dc62e8033ea74f9da4a6e8ef481067e84c31966a189d7661b8a843075ecc,1,0,260,0,0,,80,0.0020095998188480735,0,0,0,0,2.412380598951131,0.4708354015601799,0.2256202002754435,0.013076700153760612,TASKS_COMPLETED,1,4.282937100040726,0,5.817694499972276,980,31.0,155,8,0,bbc4081c86488ece27c260b7477e3646144afac512473d656a72302e11777c40,8cb5025670aac619b5a9f2ed879a41274bfc77416a3d103dacae8de79a427aaa,2.424642800120637,0,crewmate
95ebab27dd7b1e436368c2239e4146a3508e6df610e458dfa7f65fd2ee06526f,1,0,288,0,3,,161,0.004625201225280762,0,0,2,0,3.921242699609138,0.51037899882067,0.1503937019733712,0.01846160099375993,PARITY,1,5.946478400030173,2,8.744600999983959,981,69.0,346,7,0,1027370794971169d4a49007994d79d1f91d915bcb6b3a377a884dfa6b489e4b,383e984d7e1ee9c888a5e69ac2e080bff6f16546502ef96acfde38a0e4180a61,3.843203598866239,7,impostor
f626f27692c9f409b19d3ba784eb35709c311eb7e8f9ba00a8a16799e28dd5e6,1,0,259,0,1,,106,0.00281360128428787,0,0,1,0,1.8575508004287258,0.3398367010522634,0.11823089933022857,0.01049109932500869,TASKS_COMPLETED,1,4.19473210000433,1,4.81008159997873,982,47.8,239,8,0,0489814178b431975d01e59d4649911a5aba4a29b227d9c88fde63076c70b778,4f6057fd920b3cf3b6ac0fa67a02043d8a1c6b90b7a56c7055b48156da8c544e,2.280271199415438,4,crewmate
684aa50c4541d532117eca66989a7e30d5f95817327b38c1750fe236a1325d87,1,0,268,0,1,,117,0.004234199761413038,0,0,1,0,2.6601657983846962,0.3383552983868867,0.12726730038411915,0.0099346007918939,TASKS_COMPLETED,1,4.539781100000255,1,5.747570700012147,983,48.4,242,8,0,28b84ac87f6e56bc5d54d2d81e62d6f5117d195bc1ff57e06d88e78757ac2328,fc7cea38463667e5f366a1ef2dbe3c76e1cb08823065bff958afcf0babfaed44,2.4081783005967736,4,crewmate
a102fc1f3eda115c89d76f7461c5a13678a76dcb823690943f768c4d63b83c56,1,0,256,0,2,,160,0.0042158990399912,0,0,2,0,3.1623186013894156,0.3695438989670947,0.1173942016903311,0.012097899336367846,IMPOSTOR_EJECTED,1,5.362132400041446,2,6.773808900034055,984,61.8,309,5,0,e80be7548c38566cf9275df9ee143c09943aed8f59e6d565e83450e379bd1133,de7c18f8aff9e48a814a543eba133c9bdd350034c6a683f113b9bb680c58a474,2.8961398989195004,7,crewmate
a21fe8478f79c20ba2a9d738e29c4e5beb007f7f19c3f0b0513197e3b9eaab2d,1,0,409,0,1,,140,0.0033687014365568757,0,0,1,0,4.740259898360819,0.5232130996882915,0.210874201846309,0.018959598965011537,TASKS_COMPLETED,1,6.591097799944691,1,9.313403000007384,985,71.2,356,8,0,ae9aa827233fe9387cf36e3f9f586610badf8db7135191afcf4159edadd65ccd,f4cc26f80c28489639413789197e55a4bca1c26581531ef473d0f04112f6e72d,3.5690052995923907,4,crewmate
da629123adbdf73c80edd48c3c912090e3d7ae3944400483a0822ebebead4ee6,1,0,354,0,1,,141,0.0032937003998085856,0,0,1,0,3.1294111990137026,0.459241600590758,0.1701270998455584,0.020687901065684855,TASKS_COMPLETED,1,5.9778009000001475,1,7.115126400021836,986,62.8,314,8,0,0e1f0c79bc1a8a3d1d888582ac9f354e0d7e26acffc5a52c074b28daf2574cf8,7d71d961e89190dc6d59f89758100e89665d71383b790ec0c5b3b7a596433a43,3.0981607985449955,4,crewmate
1797136755c9e93682aa1571db095a320d3dc73fff60b6bae778e4339613277f,1,0,307,0,1,,144,0.003306700731627643,0,0,1,0,2.4822632030118257,0.39849640033207834,0.14670959883369505,0.02008270041551441,TASKS_COMPLETED,1,4.766882900032215,1,5.761621000012383,987,52.0,260,8,0,55bb1338974eb11b7080faf71e35c67e1a4a41700125a121dc88cd8516e991b9,e0078739ac24740f5c975f826fb24ac9d5df2008e9f6a61a4f30aed5c43f82d9,2.5114857994485646,4,crewmate
c3b534b22bd673aec5e9ad813c8093f7b86119af61a4aab0eec1b4c0fea989c0,1,0,324,0,1,,127,0.0038874002639204264,0,0,1,0,1.9077480987180024,0.3978658008854836,0.15648469945881516,0.011554299271665514,TASKS_COMPLETED,1,4.679330200073309,1,5.2065052998950705,988,55.0,275,8,0,17d3a9c8473846c6c1cc10491161b9286ab28d5b4f986d400dd22900cbd6d501,9ebda8d7da6bc89e04c453fccd06775efa77d9561cf4ddf4d475b6e478de0788,2.5036016994854435,4,crewmate
d61120c26eaf09494f2a300081a5971c76e7067b6e67382df8b0d6cc7ce26f8b,1,0,345,0,1,,109,0.00487170007545501,0,0,1,0,2.5891078000422567,0.41688399796839803,0.1653289011446759,0.013912401045672596,TASKS_COMPLETED,1,6.0157027000095695,1,6.174682099954225,989,60.4,302,8,0,401f720ca9957054d7ff58b20ad221b4a6a929f31c410a8df23456f7e568ab30,dad161ef7b1803dd8913171b3789a829aa058aa1d8c854e7dedab04cb7ccea0e,2.767845700494945,4,crewmate
c2e04bb55d16105b3e9631115d55ccab379545c9cfbeff2387a1a85466111460,1,0,359,0,2,,157,0.003637199173681438,0,0,2,0,3.365245200227946,0.4829115008469671,0.1632947021862492,0.018236198811791837,TASKS_COMPLETED,1,7.037336700013839,2,8.257265299907885,990,80.2,401,8,0,b743fc3b186030201c91d9a805478434d4393e127a771559f5eaaba794535783,126bcb8aed8d9d9ff7b0a458aef35a8f48539d8786dc47891470b884bd6cb54e,3.949864200199954,7,crewmate
62de0eb5bd326c7458a027a5e1739e839d3bb0215a46605fe67f5e38dad0115a,1,0,275,0,1,,118,0.0025676997611299157,0,0,1,0,2.206972398562357,0.3300276000518352,0.10149509948678315,0.010360299609601498,TASKS_COMPLETED,1,5.31036210001912,1,5.084164300002158,991,50.8,254,8,0,f8a86dcb712daa264062af37a98d7f697a89bf1e4d9d763137816229983b84fe,28cb4b68fe8a0a969f3bbcf741d1984c706edf321146d54301201be1bada4c0a,2.253765000263229,4,crewmate
bf2fe75479d62fa3dbb33f546cd11d888a75c58a95e5d9f77787a4cea4c556b2,1,0,302,0,1,,121,0.003411000710912049,0,0,1,0,3.255732796736993,0.33265399967785925,0.11956450203433633,0.012845600140281022,TASKS_COMPLETED,1,4.721012800000608,1,6.127179399947636,992,51.4,257,8,0,8a1857747d35cb9c097e4e041802986eb296953a3bb9f2a99fce9b1aa453acdc,6827891217ea68a83c83a7543cffa0f1a861e3787751208d65cbbc802a7e4f8e,2.219229800859466,4,crewmate
f010c486109c996691214e53266bd9cabf8e5336e13dd355824e97a736b4803f,1,0,132,0,1,,79,0.0016887998208403587,0,0,1,0,1.0489244002383202,0.18872370035387576,0.06095869990531355,0.005785600864328444,IMPOSTOR_EJECTED,1,1.9589838000247255,1,2.83536779996939,993,29.4,147,2,0,5f4cc34fe49be44542058ff3dd2e800843569fc01c5b19c157c5eaaedd4b827f,85492a8bfa371daa97d9b8f17748bb87fcc56b2a77f4c4ee085c66a316c78e0a,1.393650599871762,4,crewmate
d1c79ae2c0499e537bb41ede844fc8a0e5e7ce1a3641f53f7fd7b433407736a6,1,0,285,0,1,,110,0.002369100460782647,0,0,1,0,2.3749312025029212,0.3131806005258113,0.1318823016481474,0.013065900187939405,TASKS_COMPLETED,1,3.6975313000148162,1,5.1337772000115365,994,47.8,239,8,0,5db993fbc720284c5d2cc331d4c672e5f89c0e3039731ab911cc02e479a0d7f2,375cd655c978d22a8d794fe3a7c33322a2a809f838d52340d420414246e0bce1,2.0968251996673644,4,crewmate
797dac140416397f3536748d06abbb4101829f26ba57236d8eee6169751cefbd,1,0,211,0,1,,125,0.0025227995356544852,0,0,1,0,1.879507502540946,0.2599374008132145,0.08535620023030788,0.00821089930832386,TASKS_COMPLETED,1,3.4018864000681788,1,4.163988399901427,995,39.4,197,8,0,aa71de3558a887633ab0dd10df7abceb48c2691425b2ff71a7f9f4ef76396c78,43f2f03607abe66fcc4a3626067790c188c103288d5365cb4dd93c0fa93bbec8,1.7727507000090554,4,crewmate
ef2f12a61d2a9d05913a20ae1ee0575691da3bf502fdf184b81216e1f8dbfc86,1,0,325,0,0,,124,0.003160600666888058,0,0,0,0,2.8782069977605715,0.3304485999979079,0.1669821998802945,0.013641800498589873,TASKS_COMPLETED,1,3.594035299960524,0,5.609556999988854,996,38.8,194,8,0,176a04965e21261acddc25d6baea7732ece634eb511b9f71718f4b854f225a32,03de0ba2a3a9a5b8d436816b538370f5d4cb1e424eb83eb103a32015101e2823,2.0397704001516104,0,crewmate
3297e1fce85de55977ae50ec66cebfdc6323baad079809605e36735e7ee2f093,1,0,290,0,0,,103,0.0023567999014630914,0,0,0,0,2.003329799626954,0.28951499913819134,0.128620698582381,0.010109099792316556,TASKS_COMPLETED,1,3.402772600064054,0,4.150990599999204,997,34.6,173,8,0,2d8e0b737ed362d1ea3b60d411b0e8842a08bcd3d8687b112fb70599b31cb9c2,54c132b077afee8963ad2c1ba39629dd1d29097bd60e8ffb279ba2e77625b4b3,1.575945301214233,0,crewmate
add105c36c05cdfcce5d5f81ee08de7d7a16b5b42620ce2d2bdeedfd256c0d83,1,0,267,0,1,,115,0.0029302003094926476,0,0,1,0,2.8808570988476276,0.2836664010537788,0.10440030007157475,0.009395799832418561,TASKS_COMPLETED,1,4.114790700026788,1,5.495400799904019,998,47.8,239,8,0,687ae6ee2af23d5a97733f06c9f7df4349806a64202f971f27490e3a4eeb1153,f6328dc0fba00bbc077b89cb5b506c4916e2a998601e79bb30ec208ad84680aa,2.0481340009719133,4,crewmate
2d80e8e1465a2be97b7f0069ffaf083cf79d9a826c313b93aebe33195234c2af,1,0,290,0,2,,143,0.005374900647439063,0,0,2,0,2.504699203069322,0.3868493994232267,0.11000149988103658,0.011459700181148946,TASKS_COMPLETED,1,5.602882500039414,2,6.065668299910612,999,68.2,341,8,0,84eb887c14291dba6c1f9fb8bbd4f650c2d41ddab16e77e3de2499d451e6cabc,1ac65754351c6afd3a4d13b0485b0b6729d2bc4813f7f443d9f4c2cfe929579e,2.8254902015905827,7,crewmate
